lat,long
-16.6706159583,13.48834562
-16.6659979412,13.4883763217
-16.6844382698,13.4837337841
-16.6798203741,13.4837647298
-16.6752024668,13.4837955906
-16.670584548,13.4838263665
-16.6659666176,13.4838570576
-16.6936421931,13.4791524378
-16.6890244074,13.4791835423
-16.6844066109,13.4792145621
-16.6797888019,13.479245497
-16.6751709813,13.4792763471
-16.6705531492,13.4793071123
-16.6659353056,13.4793377928
-16.6613174505,13.4793683884
-16.69822806,13.4746020561
-16.6936103726,13.4746332347
-16.6889926735,13.4746643285
-16.6843749637,13.4746953374
-16.6797572413,13.4747262616
-16.6751395074,13.474757101
-16.6705217619,13.4747878555
-16.665904005,13.4748185253
-16.6612862365,13.4748491103
-16.6566684576,13.4748796104
-16.6520506663,13.4749100257
-16.6474328636,13.4749403563
-16.6428150496,13.474970602
-16.6381972242,13.4750007629
-16.6197258112,13.4751205585
-16.6151079297,13.4751502953
-16.6104900371,13.4751799474
-16.7028137536,13.4700516097
-16.6981961645,13.4700828622
-16.6935785637,13.47011403
-16.6889609512,13.4701451129
-16.684343328,13.4701761111
-16.6797256923,13.4702070245
-16.675108045,13.4702378532
-16.6704903862,13.470268597
-16.6658727159,13.4702992561
-16.661255034,13.4703298305
-16.6566373417,13.47036032
-16.6520196371,13.4703907248
-16.647401921,13.4704210448
-16.6427841936,13.47045128
-16.6381664549,13.4704814304
-16.6335487049,13.4705114961
-16.6289309437,13.4705414769
-16.6243131721,13.470571373
-16.6196953884,13.4706011843
-16.6150775936,13.4706309108
-16.6104597877,13.4706605526
-16.6058419706,13.4706901095
-16.6012241425,13.4707195817
-16.7073992739,13.4655010986
-16.7027817832,13.465532425
-16.6981642806,13.4655636666
-16.6935467664,13.4655948235
-16.6889292406,13.4656258957
-16.684311704,13.4656568831
-16.6796941548,13.4656877857
-16.6750765942,13.4657186037
-16.6704590219,13.4657493369
-16.6658414382,13.4657799853
-16.661223843,13.465810549
-16.6566062373,13.4658410279
-16.6519886192,13.4658714221
-16.6473709898,13.4659017316
-16.642753349,13.4659319563
-16.6381356969,13.4659620962
-16.6335180335,13.4659921514
-16.6289003589,13.4660221219
-16.6242826739,13.4660520076
-16.6196649769,13.4660818085
-16.6150472687,13.4661115247
-16.6104295493,13.4661411561
-16.6058118189,13.4661707028
-16.6011940774,13.4662001647
-16.5965763249,13.4662295418
-16.7119846212,13.4609505229
-16.7073672287,13.4609819231
-16.7027498245,13.4610132385
-16.6981324085,13.4610444693
-16.6935149809,13.4610756154
-16.6888975415,13.4611066767
-16.6842800915,13.4611376533
-16.679662629,13.4611685453
-16.6750451549,13.4611993525
-16.6704276692,13.461230075
-16.665810172,13.4612607128
-16.6611926634,13.4612912658
-16.6565751442,13.4613217342
-16.6519576128,13.4613521178
-16.6473400699,13.4613824167
-16.6427225157,13.4614126309
-16.6381049501,13.4614427603
-16.6334873733,13.4614728051
-16.6288697853,13.4615027651
-16.6242521869,13.4615326404
-16.6196345764,13.461562431
-16.6150169548,13.4615921368
-16.6103993221,13.4616217579
-16.6057816782,13.4616512943
-16.6011640233,13.461680746
-16.5965463574,13.4617101129
-16.5919286814,13.4617393951
-16.5873109935,13.4617685926
-16.5826932946,13.4617977053
-16.5780755849,13.4618267333
-16.7165697953,13.4563998826
-16.7119525011,13.4564313566
-16.7073351952,13.4564627458
-16.7027178775,13.4564940504
-16.6981005481,13.4565252703
-16.693483207,13.4565564055
-16.6888658542,13.4565874561
-16.6842484907,13.4566184219
-16.6796311147,13.4566493031
-16.6750137271,13.4566800996
-16.670396328,13.4567108114
-16.6657789173,13.4567414385
-16.6611614952,13.456771981
-16.6565440626,13.4568024387
-16.6519266177,13.4568328117
-16.6473091614,13.4568631001
-16.6426916937,13.4568933038
-16.6380742147,13.4569234228
-16.6334567244,13.4569534571
-16.6288392229,13.4569834067
-16.6242217111,13.4570132716
-16.6196041872,13.4570430518
-16.6149866521,13.4570727473
-16.6103691059,13.4571023581
-16.6057515486,13.4571318842
-16.6011339802,13.4571613256
-16.5965164009,13.4571906823
-16.5918988114,13.4572199543
-16.5872812101,13.4572491416
-16.5826635978,13.4572782442
-16.5780459746,13.4573072621
-16.5734283405,13.4573361953
-16.5688106957,13.4573650438
-16.7211547955,13.4518491779
-16.7165376005,13.4518807256
-16.7119203929,13.4519121886
-16.7073031735,13.4519435669
-16.7026859423,13.4519748606
-16.6980686993,13.4520060696
-16.6934514447,13.452037194
-16.6888341784,13.4520682337
-16.6842169014,13.4520991888
-16.6795996119,13.4521300592
-16.6749823108,13.452160845
-16.6703649982,13.4521915461
-16.6657476741,13.4522221626
-16.6611303385,13.4522526944
-16.6565129924,13.4522831415
-16.651895634,13.452313504
-16.6472782642,13.4523437818
-16.642660883,13.452373975
-16.6380434905,13.4524040835
-16.6334260868,13.4524341073
-16.6288086718,13.4524640465
-16.6241912465,13.452493901
-16.6195738091,13.4525236709
-16.6149563605,13.452553356
-16.6103389008,13.4525829565
-16.60572143,13.4526124724
-16.6011039482,13.4526419035
-16.5964864553,13.45267125
-16.5918689524,13.4527005119
-16.5872514376,13.452729689
-16.5826339118,13.4527587815
-16.5780163752,13.4527877893
-16.5733988277,13.4528167124
-16.5687812693,13.4528455509
-16.7211225261,13.4473300311
-16.7165054176,13.4473615677
-16.7118882965,13.4473930198
-16.7072711635,13.4474243872
-16.7026540187,13.44745567
-16.6980368623,13.4474868681
-16.6934196941,13.4475179817
-16.6888025143,13.4475490106
-16.6841853238,13.4475799549
-16.6795681208,13.4476108146
-16.6749509062,13.4476415896
-16.67033368,13.4476722801
-16.6657164424,13.4477028859
-16.6610991933,13.4477334071
-16.6564819336,13.4477638436
-16.6518646617,13.4477941955
-16.6472473783,13.4478244628
-16.6426300836,13.4478546454
-16.6380127776,13.4478847435
-16.6333954604,13.4479147568
-16.6287781319,13.4479446856
-16.624160793,13.4479745297
-16.6195434421,13.4480042892
-16.61492608,13.448033964
-16.6103087068,13.4480635542
-16.6056913225,13.4480930598
-16.6010739272,13.4481224807
-16.5964565208,13.448151817
-16.5918391044,13.4481810686
-16.587221676,13.4482102356
-16.5826042368,13.448239318
-16.5779867866,13.4482683157
-16.5733693256,13.4482972287
-16.5687518537,13.4483260571
-16.7257072797,13.4427792714
-16.7210902686,13.4428108816
-16.7164732466,13.4428424073
-16.7118562118,13.4428738484
-16.7072391653,13.4429052048
-16.702622107,13.4429364767
-16.6980050369,13.442967664
-16.6933879552,13.4429987668
-16.6887708618,13.4430297849
-16.6841537578,13.4430607184
-16.6795366412,13.4430915673
-16.674919513,13.4431223317
-16.6703023733,13.4431530114
-16.6656852221,13.4431836066
-16.6610680594,13.4432141171
-16.6564508862,13.4432445431
-16.6518337007,13.4432748844
-16.6472165038,13.4433051411
-16.6425992956,13.4433353133
-16.637982076,13.4433654008
-16.6333648452,13.4433954038
-16.6287476031,13.4434253221
-16.6241303508,13.4434551558
-16.6195130863,13.4434849049
-16.6148958107,13.4435145694
-16.6102785239,13.4435441493
-16.6056612261,13.4435736446
-16.6010439172,13.4436030553
-16.5964265973,13.4436323813
-16.5825745726,13.4437198518
-16.5779572089,13.4437488394
-16.5733398344,13.4437777424
-16.568722449,13.4438065608
-16.7256749476,13.4382601312
-16.7210580229,13.4382917305
-16.7164410873,13.4383232451
-16.7118241389,13.4383546753
-16.7072071788,13.4383860208
-16.7025902069,13.4384172818
-16.6979732233,13.4384484583
-16.693356228,13.4384795502
-16.688739221,13.4385105575
-16.6841222033,13.4385414802
-16.6795051731,13.4385723184
-16.6748881314,13.438603072
-16.6702710781,13.4386337411
-16.6656540133,13.4386643256
-16.661036937,13.4386948255
-16.6564198502,13.4387252408
-16.6518027511,13.4387555716
-16.6471856407,13.4387858178
-16.6425685188,13.4388159794
-16.6379513857,13.4388460565
-16.6333342413,13.438876049
-16.6287170857,13.4389059569
-16.6240999197,13.4389357802
-16.6194827417,13.438965519
-16.6148655525,13.4389951731
-16.6102483521,13.4390247427
-16.573310354,13.4392582545
-16.7302594538,13.4337093166
-16.7256426274,13.4337409894
-16.7210257891,13.4337725776
-16.7164089398,13.4338040813
-16.7117920778,13.4338355005
-16.7071752041,13.4338668351
-16.7025583185,13.4338980852
-16.6979414213,13.4339292508
-16.6933245124,13.4339603319
-16.6887075918,13.4339913284
-16.6840906605,13.4340222403
-16.6794737166,13.4340530678
-16.6748567613,13.4340838107
-16.6702397943,13.4341144691
-16.6656228159,13.4341450429
-16.6610058261,13.4341755322
-16.6563888257,13.4342059369
-16.6517718129,13.4342362571
-16.6471547888,13.4342664928
-16.6425377534,13.4342966439
-16.6379207067,13.4343267105
-16.6333036486,13.4343566925
-16.6286865794,13.43438659
-16.6240694998,13.4344164029
-16.6194524082,13.4344461313
-16.6148353053,13.4344757751
-16.6102181914,13.4345053344
-16.7302270592,13.4291901841
-16.7256103191,13.4292218458
-16.7209935671,13.4292534231
-16.7163768042,13.4292849158
-16.7117600285,13.429316324
-16.7071432411,13.4293476477
-16.7025264419,13.4293788869
-16.697909631,13.4294100416
-16.6932928084,13.4294411119
-16.6886759742,13.4294720976
-16.6840591292,13.4295029988
-16.6794422717,13.4295338155
-16.6748254027,13.4295645476
-16.6702085221,13.4295951953
-16.6655916301,13.4296257585
-16.6609747265,13.4296562372
-16.6563578125,13.4296866313
-16.6517408861,13.4297169409
-16.6471239484,13.4297471661
-16.6425069993,13.4297773067
-16.6378900389,13.4298073628
-16.6332730672,13.4298373344
-16.6286560843,13.4298672214
-16.6240390911,13.429897024
-16.6194220858,13.429926742
-16.6148050694,13.4299563755
-16.7348113184,13.4246393148
-16.7301946765,13.4246710499
-16.7255780227,13.4247027006
-16.720961357,13.4247342668
-16.7163446804,13.4247657485
-16.711727991,13.4247971458
-16.7071112899,13.4248284586
-16.702494577,13.4248596869
-16.6978778524,13.4248908308
-16.6932611161,13.4249218902
-16.6886443682,13.4249528651
-16.6840276095,13.4249837555
-16.6794108384,13.4250145615
-16.6747940557,13.4250452829
-16.6701772614,13.4250759199
-16.6655604556,13.4251064724
-16.6609436384,13.4251369405
-16.6563268107,13.425167324
-16.6517099707,13.4251976231
-16.6470931192,13.4252278377
-16.6424762565,13.4252579678
-16.6378593824,13.4252880134
-16.6332424971,13.4253179745
-16.6286256005,13.4253478512
-16.6240086936,13.4253776433
-16.6193917746,13.425407351
-16.6147748445,13.4254369741
-16.7347788613,13.42012019
-16.7301623057,13.420151914
-16.7255457381,13.4201835537
-16.7209291587,13.4202151089
-16.7163125684,13.4202465796
-16.7116959653,13.4202779659
-16.7070793504,13.4203092678
-16.7024627238,13.4203404853
-16.6978460855,13.4203716183
-16.6932294355,13.4204026668
-16.6886127738,13.4204336309
-16.6839961015,13.4204645105
-16.6793794166,13.4204953058
-16.6747627201,13.4205260165
-16.6701460122,13.4205566428
-16.6655292927,13.4205871847
-16.6609125618,13.4206176421
-16.6562958203,13.420648015
-16.6516790666,13.4206783035
-16.6470623014,13.4207085076
-16.642445525,13.4207386272
-16.6378287372,13.4207686623
-16.6332119381,13.420798613
-16.6285951278,13.4208284792
-16.6239783072,13.420858261
-16.6193614746,13.4208879583
-16.6147446307,13.4209175711
-16.7393628736,13.4155692669
-16.7347464162,13.4156010644
-16.7301299468,13.4156327774
-16.7255134655,13.415664406
-16.7208969723,13.4156959502
-16.7162804682,13.4157274099
-16.7116639514,13.4157587853
-16.7070474227,13.4157900763
-16.7024308824,13.4158212828
-16.6978143303,13.4158524049
-16.6931977665,13.4158834426
-16.6885811911,13.4159143959
-16.683964605,13.4159452648
-16.6793480064,13.4159760493
-16.6747313962,13.4160067493
-16.6701147745,13.4160373649
-16.6654981412,13.4160678961
-16.6608814966,13.4160983429
-16.6562648414,13.4161287053
-16.6516481739,13.4161589832
-16.647031495,13.4161891767
-16.6424148048,13.4162192858
-16.6377981032,13.4162493104
-16.6331813904,13.4162792507
-16.6285646664,13.4163091065
-16.6239479321,13.4163388778
-16.6193311857,13.4163685648
-16.6147144281,13.4163981673
-16.6100976594,13.4164276854
-16.7393303542,13.4110501498
-16.7347139829,13.4110819362
-16.7300975998,13.4111136381
-16.7254812047,13.4111452557
-16.7208647977,13.4111767888
-16.7162483798,13.4112082376
-16.7116319492,13.411239602
-16.7070155068,13.4112708821
-16.7023990526,13.4113020777
-16.6977825868,13.411333189
-16.6931661092,13.4113642159
-16.68854962,13.4113951584
-16.6839331201,13.4114260165
-16.6793166077,13.4114567902
-16.6747000837,13.4114874795
-16.6700835482,13.4115180845
-16.6654670012,13.411548605
-16.6608504428,13.4115790412
-16.6562338738,13.4116093929
-16.6516172925,13.4116396603
-16.6470006999,13.4116698433
-16.6423840959,13.4116999418
-16.6377674806,13.411729956
-16.633150854,13.4117598858
-16.6285342162,13.4117897312
-16.6239175681,13.4118194921
-16.6193009079,13.4118491687
-16.6146842366,13.4118787609
-16.6100675541,13.4119082687
-16.6054508606,13.411937692
-16.600834156,13.411967031
-16.7439141199,13.4064991715
-16.7392978468,13.406531031
-16.7346815617,13.4065628063
-16.7300652647,13.4065944971
-16.7254489558,13.4066261037
-16.720832635,13.4066576258
-16.7162163032,13.4066890636
-16.7115999588,13.4067204171
-16.7069836026,13.4067516862
-16.7023672346,13.406782871
-16.6977508549,13.4068139714
-16.6931344636,13.4068449874
-16.6885180605,13.4068759191
-16.6839016468,13.4069067665
-16.6792852206,13.4069375294
-16.6746687828,13.406968208
-16.6700523335,13.4069988023
-16.6654358727,13.4070293122
-16.6608194004,13.4070597377
-16.6562029176,13.4070900789
-16.6515864225,13.4071203357
-16.6469699161,13.4071505081
-16.6423533983,13.4071805962
-16.6377368692,13.4072105999
-16.6331203288,13.4072405192
-16.6285037772,13.4072703542
-16.6238872153,13.4073001047
-16.6192706413,13.407329771
-16.6146540562,13.4073593528
-16.6100374599,13.4073888503
-16.6054208526,13.4074182634
-16.6008042342,13.4074475921
-16.5961876048,13.4074768364
-16.7484977132,13.4019481294
-16.7438815382,13.4019800621
-16.7392653513,13.4020119106
-16.7346491523,13.4020436747
-16.7300329415,13.4020753545
-16.7254167187,13.40210695
-16.7208004841,13.4021384611
-16.7161842385,13.402169888
-16.7115679802,13.4022012305
-16.7069517101,13.4022324887
-16.7023354283,13.4022636625
-16.6977191348,13.4022947521
-16.6931028295,13.4023257573
-16.6884865127,13.4023566782
-16.6838701851,13.4023875147
-16.679253845,13.402418267
-16.6746374934,13.4024489349
-16.6700211302,13.4024795184
-16.6654047556,13.4025100177
-16.6607883695,13.4025404326
-16.6561719729,13.4025707631
-16.6515555639,13.4026010094
-16.6469391436,13.4026311713
-16.642322712,13.4026612488
-16.637706269,13.4026912421
-16.6330898148,13.4027211509
-16.6284733494,13.4027509755
-16.6238568737,13.4027807157
-16.6192403858,13.4028103715
-16.6146238869,13.402839943
-16.6100073768,13.4028694302
-16.6053908556,13.402898833
-16.6007743234,13.4029281515
-16.5961577802,13.4029573857
-16.7530811334,13.3973970236
-16.7484650575,13.3974290295
-16.7438489686,13.3974609511
-16.7392328678,13.3974927884
-16.734616755,13.3975245414
-16.7300006302,13.3975562101
-16.7253844935,13.3975877946
-16.720768345,13.3976192947
-16.7161521855,13.3976507106
-16.7115360134,13.3976820422
-16.7069198294,13.3977132894
-16.7023036337,13.3977444524
-16.6976874263,13.3977755311
-16.6930712072,13.3978065255
-16.6884549764,13.3978374356
-16.683838735,13.3978682613
-16.679222481,13.3978990028
-16.6746062155,13.39792966
-16.6699899385,13.3979602329
-16.66537365,13.3979907215
-16.66075735,13.3980211258
-16.6561410395,13.3980514457
-16.6515247167,13.3980816814
-16.6469083825,13.3981118328
-16.642292037,13.3981418998
-16.6376756802,13.3981718826
-16.6330593121,13.398201781
-16.6284429328,13.3982315951
-16.6238265432,13.3982613249
-16.6192101415,13.3982909704
-16.6145937287,13.3983205316
-16.6099773047,13.3983500085
-16.6053608697,13.398379401
-16.6007444236,13.3984087093
-16.5961279665,13.3984379332
-16.5915114994,13.3984670728
-16.7622803489,13.392813691
-16.7576643823,13.3928458542
-16.7530484036,13.3928779332
-16.7484324138,13.3929099279
-16.743816411,13.3929418383
-16.7392003962,13.3929736645
-16.7345843695,13.3930054064
-16.7299683308,13.3930370641
-16.7253522802,13.3930686375
-16.7207362178,13.3931001266
-16.7161201444,13.3931315315
-16.7115040583,13.3931628521
-16.7068879604,13.3931940885
-16.7022718508,13.3932252406
-16.6976557295,13.3932563084
-16.6930395965,13.393287292
-16.6884234518,13.3933181913
-16.6838072964,13.3933490063
-16.6791911286,13.393379737
-16.6745749492,13.3934103835
-16.6699587582,13.3934409457
-16.6653425558,13.3934714236
-16.6607263419,13.3935018173
-16.6561101175,13.3935321266
-16.6514938808,13.3935623517
-16.6468776327,13.3935924926
-16.6422613733,13.3936225491
-16.6376451026,13.3936525214
-16.6330288206,13.3936824094
-16.6284125274,13.3937122131
-16.6237962239,13.3937419325
-16.6191799083,13.3937715676
-16.6145635816,13.3938011185
-16.6099472437,13.393830585
-16.6053308948,13.3938599673
-16.6007145349,13.3938892653
-16.5960981639,13.393918479
-16.5914817828,13.3939476084
-16.7668633276,13.3882623851
-16.7622474591,13.3882946213
-16.7576315786,13.3883267733
-16.7530156859,13.3883588411
-16.7483997822,13.3883908246
-16.7437838654,13.3884227239
-16.7391679367,13.3884545389
-16.734551996,13.3884862698
-16.7299360433,13.3885179164
-16.7253200788,13.3885494787
-16.7207041024,13.3885809569
-16.7160881151,13.3886123508
-16.711472115,13.3886436605
-16.7068561032,13.3886748859
-16.7022400796,13.3887060271
-16.6976240444,13.3887370841
-16.6930079974,13.3887680568
-16.6883919388,13.3887989453
-16.6837758695,13.3888297495
-16.6791597877,13.3888604695
-16.6745436943,13.3888911053
-16.6699275894,13.3889216568
-16.6653114731,13.3889521241
-16.6606953452,13.3889825071
-16.6560792069,13.3890128059
-16.6514630563,13.3890430204
-16.6468468943,13.3890731507
-16.6422307209,13.3891031967
-16.6376145363,13.3891331585
-16.6329983404,13.389163036
-16.6283821332,13.3891928293
-16.6237659158,13.3892225384
-16.6191496863,13.3892521631
-16.6145334456,13.3892817037
-16.6099171938,13.3893111599
-16.605300931,13.3893405319
-16.6006846571,13.3893698197
-16.5960683722,13.3893990232
-16.5914520772,13.3894281424
-16.7760618923,13.3836786236
-16.7714461342,13.3837110169
-16.7668303639,13.383743326
-16.7622145815,13.3837755509
-16.7575987869,13.3838076916
-16.7529829803,13.3838397482
-16.7483671625,13.3838717205
-16.7437513318,13.3839036086
-16.7391354891,13.3839354126
-16.7345196344,13.3839671323
-16.7299037678,13.3839987679
-16.7252878893,13.3840303192
-16.7206719989,13.3840617863
-16.7160560976,13.3840931692
-16.7114401835,13.384124468
-16.7068242577,13.3841556825
-16.7022083202,13.3841868128
-16.6975923709,13.3842178589
-16.69297641,13.3842488208
-16.6883604374,13.3842796985
-16.6837444541,13.3843104919
-16.6791284584,13.3843412012
-16.674512451,13.3843718263
-16.6698964322,13.3844023671
-16.6652804018,13.3844328237
-16.66066436,13.3844631961
-16.6560483077,13.3844934843
-16.6514322431,13.3845236883
-16.6468161671,13.384553808
-16.6422000798,13.3845838436
-16.6375839812,13.3846137949
-16.6329678714,13.384643662
-16.6283517502,13.3846734448
-16.6237356189,13.3847031435
-16.6191194754,13.3847327579
-16.6145033208,13.3847622881
-16.609887155,13.3847917341
-16.6052709782,13.3848210958
-16.6006547904,13.3848503733
-16.5960385915,13.3848795666
-16.5914223826,13.3849086756
-16.5868061618,13.3849377005
-16.7944913339,13.3790292149
-16.7898757108,13.3790619335
-16.7852600754,13.379094568
-16.7806444287,13.3791271183
-16.7760287688,13.3791595844
-16.7714130967,13.3791919664
-16.7667974124,13.3792242642
-16.762181716,13.3792564779
-16.7575660074,13.3792886074
-16.7529502867,13.3793206527
-16.7483345549,13.3793526138
-16.7437188102,13.3793844908
-16.7391030534,13.3794162836
-16.7344872847,13.3794479923
-16.7298715041,13.3794796167
-16.7252557116,13.379511157
-16.7206399072,13.3795426132
-16.7160240918,13.3795739851
-16.7114082638,13.3796052729
-16.706792424,13.3796364765
-16.7021765724,13.3796675959
-16.6975607092,13.3796986312
-16.6929448342,13.3797295822
-16.6883289476,13.3797604491
-16.6837130504,13.3797912318
-16.6790971406,13.3798219303
-16.6744812192,13.3798525447
-16.6698652864,13.3798830748
-16.665249342,13.3799135208
-16.6606333862,13.3799438826
-16.6560174199,13.3799741602
-16.6514014413,13.3800043536
-16.6467854513,13.3800344628
-16.64216945,13.3800644878
-16.6375534374,13.3800944286
-16.6329374136,13.3801242853
-16.6283213785,13.3801540577
-16.6237053331,13.380183746
-16.6190892756,13.3802133501
-16.614473207,13.3802428699
-16.6098571273,13.3802723056
-16.6052410365,13.3803016571
-16.6006249347,13.3803309243
-16.5960088218,13.3803601074
-16.5913926989,13.3803892063
-16.5867765641,13.3804182209
-16.5821604185,13.3804471514
-16.7944578789,13.3745102197
-16.7898423417,13.3745429269
-16.7852267923,13.3745755499
-16.7806112315,13.3746080888
-16.7759956576,13.3746405436
-16.7713800714,13.3746729143
-16.7667644731,13.3747052008
-16.7621488625,13.3747374032
-16.7575332399,13.3747695214
-16.7529176052,13.3748015555
-16.7483019594,13.3748335055
-16.7436863006,13.3748653713
-16.7390706298,13.374897153
-16.734454947,13.3749288505
-16.7298392523,13.374960464
-16.7252235457,13.3749919932
-16.7206078273,13.3750234383
-16.7159920979,13.3750547993
-16.7113763558,13.3750860761
-16.706760602,13.3751172688
-16.7021448364,13.3751483774
-16.6975290591,13.3751794017
-16.6929132701,13.375210342
-16.6882974695,13.3752411981
-16.6836816582,13.37527197
-16.6790658343,13.3753026578
-16.674449999,13.3753332614
-16.6698341521,13.3753637809
-16.6652182937,13.3753942162
-16.6606024239,13.3754245673
-16.6559865435,13.3754548343
-16.6513706509,13.3754850172
-16.6467547469,13.3755151159
-16.6421388315,13.3755451304
-16.6375229049,13.3755750607
-16.632906967,13.3756049069
-16.6282910179,13.375634669
-16.6236750585,13.3756643468
-16.619059087,13.3756939405
-16.6144431044,13.3757234501
-16.6098271106,13.3757528754
-16.6052111058,13.3757822166
-16.60059509,13.3758114737
-16.5959790631,13.3758406465
-16.5913630262,13.3758697352
-16.5867469774,13.3758987397
-16.5821309177,13.3759276601
-16.5775148471,13.3759564963
-16.7944244362,13.3699912228
-16.789808985,13.3700239185
-16.7851935215,13.3700565302
-16.7805780466,13.3700890577
-16.7759625585,13.3701215011
-16.7713470583,13.3701538604
-16.7667315458,13.3701861356
-16.7621160213,13.3702183267
-16.7575004845,13.3702504337
-16.7528849357,13.3702824566
-16.7482693758,13.3703143954
-16.7436538029,13.3703462501
-16.739038218,13.3703780207
-16.7344226212,13.3704097071
-16.7298070124,13.3704413095
-16.7251913918,13.3704728277
-16.7205757593,13.3705042618
-16.7159601158,13.3705356118
-16.7113444597,13.3705668777
-16.7067287917,13.3705980595
-16.7021131121,13.3706291571
-16.6974974207,13.3706601706
-16.6928817176,13.3706911
-16.6882660029,13.3707219453
-16.6836502775,13.3707527065
-16.6790345396,13.3707833835
-16.6744187902,13.3708139764
-16.6698030292,13.3708444852
-16.6651872568,13.3708749099
-16.6605714729,13.3709052504
-16.6559556785,13.3709355068
-16.6513398718,13.3709656791
-16.6467240537,13.3709957672
-16.6421082243,13.3710257713
-16.6374923837,13.3710556911
-16.6328765317,13.3710855269
-16.6282606685,13.3711152785
-16.6236447951,13.371144946
-16.6190289095,13.3711745293
-16.6144130128,13.3712040285
-16.609797105,13.3712334436
-16.6051811862,13.3712627746
-16.6005652563,13.3712920213
-16.5959493153,13.371321184
-16.5913333644,13.3713502625
-16.5867174015,13.3713792569
-16.5821014278,13.3714081671
-16.5774854431,13.3714369932
-16.7990063589,13.3654394559
-16.7943910059,13.3654722242
-16.7897756406,13.3655049085
-16.7851602629,13.3655375087
-16.7805448739,13.3655700248
-16.7759294717,13.3656024569
-16.7713140574,13.3656348049
-16.7666986308,13.3656670688
-16.7620831921,13.3656992486
-16.7574677412,13.3657313444
-16.7528522783,13.3657633561
-16.7482368043,13.3657952837
-16.7436213173,13.3658271272
-16.7390058183,13.3658588867
-16.7343903073,13.365890562
-16.7297747845,13.3659221533
-16.7251592497,13.3659536605
-16.7205437031,13.3659850836
-16.7159281455,13.3660164226
-16.7113125752,13.3660476776
-16.7066969932,13.3660788484
-16.7020813994,13.3661099352
-16.6974657939,13.3661409378
-16.6928501768,13.3661718564
-16.688234548,13.3662026909
-16.6836189085,13.3662334413
-16.6790032565,13.3662641076
-16.674387593,13.3662946898
-16.6697719179,13.3663251879
-16.6651562314,13.3663556019
-16.6605405334,13.3663859318
-16.6559248249,13.3664161776
-16.6513091041,13.3664463393
-16.6466933719,13.366476417
-16.6420776284,13.3665064105
-16.6374618737,13.3665363199
-16.6328461076,13.3665661452
-16.6282303304,13.3665958864
-16.6236145428,13.3666255435
-16.6189987432,13.3666551165
-16.6143829324,13.3666846053
-16.6097671105,13.3667140101
-16.6051512776,13.3667433308
-16.6005354336,13.3667725673
-16.5959195786,13.3668017198
-16.5913037135,13.3668307881
-16.5866878366,13.3668597723
-16.5820719488,13.3668886724
-16.5774560501,13.3669174884
-16.5728401405,13.3669462203
-16.7989728551,13.360920467
-16.7943575879,13.3609532239
-16.7897423084,13.3609858968
-16.7851270166,13.3610184856
-16.7805117135,13.3610509903
-16.7758963971,13.361083411
-16.7712810686,13.3611157477
-16.7666657279,13.3611480003
-16.762050375,13.3611801689
-16.75743501,13.3612122534
-16.752819633,13.3612442538
-16.7482042448,13.3612761703
-16.7435888436,13.3613080026
-16.7389734305,13.361339751
-16.7343580054,13.3613714152
-16.7297425684,13.3614029954
-16.7251271195,13.3614344916
-16.7205116587,13.3614659037
-16.715896187,13.3614972318
-16.7112807026,13.3615284757
-16.7066652064,13.3615596357
-16.7020496985,13.3615907115
-16.6974341789,13.3616217034
-16.6928186476,13.3616526111
-16.6882031047,13.3616834348
-16.683587551,13.3617141744
-16.6789719849,13.36174483
-16.6743564072,13.3617754015
-16.6697408181,13.3618058889
-16.6651252174,13.3618362923
-16.6605096053,13.3618666115
-16.6558939827,13.3618968468
-16.6512783477,13.3619269979
-16.6466627014,13.361957065
-16.6420470438,13.361987048
-16.6374313749,13.3620169469
-16.6328156948,13.3620467618
-16.6282000034,13.3620764926
-16.6235843017,13.3621061393
-16.618968588,13.3621357019
-16.6143528631,13.3621651805
-16.6097371271,13.3621945749
-16.60512138,13.3622238853
-16.6005056219,13.3622531117
-16.5958898528,13.3622822539
-16.5912740736,13.362311312
-16.5866582826,13.3623402861
-16.5820424806,13.3623691761
-16.5774266678,13.362397982
-16.5728108441,13.3624267038
-16.7989393636,13.3564014775
-16.7943241823,13.3564342229
-16.7897089886,13.3564668842
-16.7850937826,13.3564994616
-16.7804785653,13.356531955
-16.7758633348,13.3565643643
-16.771248092,13.3565966897
-16.7666328371,13.356628931
-16.7620175701,13.3566610883
-16.7574022909,13.3566931616
-16.7527869997,13.3567251508
-16.7481716973,13.3567570561
-16.743556382,13.3567888773
-16.7389410547,13.3568206145
-16.7343257154,13.3568522677
-16.7297103642,13.3568838368
-16.7250950011,13.3569153219
-16.7204796262,13.356946723
-16.7158642403,13.3569780401
-16.7112488417,13.3570092731
-16.7066334314,13.3570404222
-16.7020180093,13.3570714871
-16.6974025755,13.3571024681
-16.6927871301,13.357133365
-16.688171673,13.3571641779
-16.6835562052,13.3571949068
-16.6789407249,13.3572255516
-16.674325233,13.3572561124
-16.6697097297,13.3572865891
-16.6650942149,13.3573169818
-16.6604786886,13.3573472905
-16.6558631518,13.3573775151
-16.6512476027,13.3574076557
-16.6466320423,13.3574377122
-16.6420164705,13.3574676848
-16.6374008875,13.3574975732
-16.6327852932,13.3575273776
-16.6281696876,13.357557098
-16.6235540718,13.3575867343
-16.6189384439,13.3576162866
-16.6143228048,13.3576457548
-16.6097071547,13.357675139
-16.6050914935,13.3577044391
-16.6004758212,13.3577336552
-16.595860138,13.3577627872
-16.5912444447,13.3577918352
-16.5866287395,13.3578207991
-16.5820130234,13.357849679
-16.5773972964,13.3578784748
-16.5727815586,13.3579071865
-16.8035209677,13.3518496674
-16.7989058845,13.3518824853
-16.794290789,13.3519152192
-16.7896756811,13.3519478691
-16.7850605609,13.3519804351
-16.7804454293,13.3520129171
-16.7758302846,13.352045315
-16.7712151276,13.3520776291
-16.7665999585,13.3521098591
-16.7619847773,13.3521420051
-16.7573695839,13.3521740671
-16.7527543784,13.3522060452
-16.7481391618,13.3522379393
-16.7435239323,13.3522697493
-16.7389086908,13.3523014754
-16.7342934373,13.3523331175
-16.7296781719,13.3523646756
-16.7250628946,13.3523961497
-16.7204476055,13.3524275398
-16.7158323054,13.3524588459
-16.7112169926,13.352490068
-16.7066016681,13.3525212061
-16.7019863318,13.3525522602
-16.6973709838,13.3525832303
-16.6927556241,13.3526141164
-16.6881402528,13.3526449184
-16.6835248709,13.3526756365
-16.6789094764,13.3527062706
-16.6742940704,13.3527368207
-16.6696786528,13.3527672867
-16.6650632238,13.3527976688
-16.6604477833,13.3528279669
-16.6558323324,13.3528581809
-16.6512168691,13.3528883109
-16.6466013945,13.3529183569
-16.6419859085,13.3529483189
-16.6373704113,13.3529781969
-16.6327549028,13.3530079909
-16.628139383,13.3530377008
-16.623523853,13.3530673268
-16.6189083109,13.3530968687
-16.6142927577,13.3531263266
-16.6096771934,13.3531557005
-16.605061618,13.3531849903
-16.6004460316,13.3532141962
-16.5958304341,13.353243318
-16.5912148267,13.3532723558
-16.5865992073,13.3533013095
-16.581983577,13.3533301793
-16.5773679359,13.353358965
-16.5727522839,13.3533876667
-16.812717373,13.3472648203
-16.8081024003,13.3472977946
-16.8034874153,13.347330685
-16.7988724178,13.3473634914
-16.794257408,13.3473962138
-16.7896423859,13.3474288523
-16.7850273514,13.3474614069
-16.7804123056,13.3474938774
-16.7757972466,13.3475262641
-16.7711821754,13.3475585668
-16.7665670921,13.3475907855
-16.7619519966,13.3476229202
-16.7573368889,13.347654971
-16.7527217692,13.3476869379
-16.7481066384,13.3477188208
-16.7434914946,13.3477506197
-16.7388763389,13.3477823346
-16.7342611712,13.3478139656
-16.7296459915,13.3478455127
-16.7250308,13.3478769757
-16.7204155966,13.3479083548
-16.7158003823,13.3479396499
-16.7111851553,13.3479708611
-16.7065699165,13.3480019883
-16.701954666,13.3480330315
-16.6973394038,13.3480639907
-16.6927241299,13.348094866
-16.6881088443,13.3481256573
-16.6834935481,13.3481563646
-16.6788782394,13.3481869879
-16.6742629192,13.3482175273
-16.6696475874,13.3482479827
-16.6650322442,13.3482783541
-16.6604168895,13.3483086415
-16.6558015243,13.348338845
-16.6511861468,13.3483689644
-16.6465707579,13.3483989999
-16.6419553578,13.3484289514
-16.6373399463,13.3484588189
-16.6327245236,13.3484886025
-16.6281090896,13.348518302
-16.6234936454,13.3485479175
-16.6188781891,13.3485774491
-16.6142627217,13.3486068967
-16.6096472432,13.3486362603
-16.6050317536,13.3486655399
-16.6004162529,13.3486947354
-16.5958007413,13.3487238471
-16.5911852196,13.3487528747
-16.586569686,13.3487818183
-16.5819541416,13.3488106779
-16.5773385862,13.3488394535
-16.57272302,13.3488681451
-16.8126836615,13.3427458593
-16.8080687746,13.3427788221
-16.8034538752,13.3428117009
-16.7988389635,13.3428444958
-16.7942240394,13.3428772068
-16.7896091029,13.3429098338
-16.7849941542,13.342942377
-16.7803791941,13.3429748362
-16.7757642209,13.3430072114
-16.7711492354,13.3430395028
-16.7665342377,13.3430717102
-16.761919228,13.3431038337
-16.7573042061,13.3431358733
-16.7526891721,13.3431678289
-16.748074127,13.3431997006
-16.7434590689,13.3432314884
-16.7388439989,13.3432631922
-16.7342289169,13.3432948121
-16.729613823,13.3433263481
-16.7249987172,13.3433578001
-16.7203835995,13.3433891682
-16.715768471,13.3434204523
-16.7111533297,13.3434516525
-16.7065381767,13.3434827688
-16.7019230119,13.3435138011
-16.6973078354,13.3435447495
-16.6926926472,13.343575614
-16.6880774475,13.3436063945
-16.683462237,13.343637091
-16.678847014,13.3436677036
-16.6742317795,13.3436982323
-16.6696165335,13.343728677
-16.665001276,13.3437590377
-16.660386007,13.3437893145
-16.6557707276,13.3438195074
-16.6511554358,13.3438496163
-16.6465401327,13.3438796412
-16.6419248183,13.3439095822
-16.6373094926,13.3439394393
-16.6326941556,13.3439692124
-16.6280788075,13.3439989015
-16.623463449,13.3440285066
-16.6188480784,13.3440580278
-16.6142326968,13.3440874651
-16.609617304,13.3441168184
-16.6050019001,13.3441460877
-16.6003864853,13.3441752731
-16.5957710594,13.3442043745
-16.5911556234,13.3442333919
-16.5865401756,13.3442623254
-16.5819247169,13.3442911749
-16.5773092474,13.3443199404
-16.8126499625,13.3382268967
-16.8080351612,13.3382598479
-16.8034203476,13.3382927151
-16.7988055215,13.3383254985
-16.7941906831,13.338358198
-16.7895758323,13.3383908136
-16.7849609693,13.3384233454
-16.7803460949,13.3384557932
-16.7757312073,13.3384881571
-16.7711163075,13.3385204371
-16.7665013956,13.3385526332
-16.7618864715,13.3385847455
-16.7572715353,13.3386167738
-16.752656587,13.3386487182
-16.7480416276,13.3386805787
-16.7434266552,13.3387123554
-16.7388116709,13.3387440481
-16.7341966746,13.3387756569
-16.7295816664,13.3388071818
-16.7249666463,13.3388386228
-16.7203516143,13.3388699799
-16.7157365715,13.338901253
-16.7111215159,13.3389324423
-16.7065064485,13.3389635477
-16.7018913695,13.3389945691
-16.6972762787,13.3390255066
-16.6926611762,13.3390563602
-16.6880460622,13.3390871299
-16.6834309374,13.3391178157
-16.6788158001,13.3391484176
-16.6742006513,13.3391789355
-16.669585491,13.3392093696
-16.6649703192,13.3392397197
-16.660355136,13.3392699859
-16.6557399423,13.3393001681
-16.6511247363,13.3393302665
-16.6465095189,13.3393602809
-16.6418942902,13.3393902114
-16.6372790502,13.3394200579
-16.6326637989,13.3394498206
-16.6280485365,13.3394794993
-16.6234332637,13.3395090941
-16.6188179789,13.3395386049
-16.6142026829,13.3395680318
-16.6095873759,13.3395973748
-16.6049720578,13.3396266339
-16.6003567286,13.339655809
-16.5957413885,13.3396849002
-16.5911260382,13.3397139074
-16.5865106762,13.3397428308
-16.5818953032,13.3397716701
-16.5772799194,13.3398004256
-16.8080015603,13.3337408719
-16.8033868323,13.3337737277
-16.7987720919,13.3338064996
-16.7941573391,13.3338391876
-16.789542574,13.3338717918
-16.7849277966,13.3339043121
-16.7803130079,13.3339367485
-16.775698206,13.3339691011
-16.7710833918,13.3340013698
-16.7664685655,13.3340335546
-16.7618537271,13.3340656555
-16.7572388766,13.3340976726
-16.7526240139,13.3341296059
-16.7480091402,13.3341614552
-16.7433942535,13.3341932207
-16.7387793548,13.3342249023
-16.7341644442,13.3342565
-16.7295495217,13.3342880138
-16.7249345872,13.3343194438
-16.7203196409,13.3343507899
-16.7157046837,13.3343820521
-16.7110897138,13.3344132304
-16.7064747322,13.3344443248
-16.7018597388,13.3344753354
-16.6972447337,13.3345062621
-16.6926297169,13.3345371048
-16.6880146885,13.3345678638
-16.6833996494,13.3345985388
-16.6787845978,13.3346291299
-16.6741695347,13.3346596371
-16.6695544601,13.3346900605
-16.664939374,13.3347203999
-16.6603242764,13.3347506555
-16.6557091684,13.3347808272
-16.651094048,13.334810915
-16.6464789163,13.3348409188
-16.6418637733,13.3348708388
-16.637248619,13.3349006749
-16.6326334534,13.3349304271
-16.6280182767,13.3349600954
-16.6234030896,13.3349896798
-16.6187878905,13.3350191803
-16.6141726802,13.3350485969
-16.6095574588,13.3350779296
-16.6049422264,13.3351071784
-16.600326983,13.3351363433
-16.5957117285,13.3351654243
-16.591096464,13.3351944213
-16.5864811876,13.3352233345
-16.5818659004,13.3352521638
-16.5772506022,13.3352809091
-16.8079679718,13.3292218943
-16.8033533295,13.3292547385
-16.7987386747,13.3292874989
-16.7941240075,13.3293201755
-16.789509328,13.3293527682
-16.7848946362,13.3293852771
-16.7802799331,13.3294177021
-16.7756652168,13.3294500433
-16.7710504883,13.3294823007
-16.7664357477,13.3295144743
-16.7618209949,13.3295465639
-16.7572062299,13.3295785698
-16.7525914529,13.3296104918
-16.7479766648,13.32964233
-16.7433618638,13.3296740843
-16.7387470507,13.3297057548
-16.7341322257,13.3297373414
-16.7295173888,13.3297688442
-16.72490254,13.3298002631
-16.7202876794,13.3298315982
-16.7156728078,13.3298628494
-16.7110579236,13.3298940168
-16.7064430275,13.3299251003
-16.7018281198,13.3299561
-16.6972132003,13.3299870158
-16.6925982692,13.3300178478
-16.6879833264,13.3300485959
-16.683368373,13.3300792601
-16.678753407,13.3301098405
-16.6741384296,13.330140337
-16.6695234406,13.3301707497
-16.6649084401,13.3302010785
-16.6602934282,13.3302313235
-16.6556784058,13.3302614846
-16.6510633711,13.3302915618
-16.6464483251,13.3303215551
-16.6418332677,13.3303514646
-16.6372181991,13.3303812902
-16.6326031192,13.330411032
-16.627988028,13.3304406899
-16.6233729267,13.3304702639
-16.6187578132,13.330499754
-16.6141426886,13.3305291603
-16.6095275529,13.3305584827
-16.6049124061,13.3305877212
-16.6002972483,13.3306168759
-16.5956820795,13.3306459466
-16.5910669007,13.3306749335
-16.58645171,13.3307038366
-16.5818365084,13.3307326557
-16.5772212959,13.330761391
-16.5726060726,13.3307900424
-16.803319839,13.3247357486
-16.7987052698,13.3247684975
-16.7940906882,13.3248011626
-16.7894760943,13.3248337439
-16.7848614881,13.3248662413
-16.7802468706,13.324898655
-16.7756322399,13.3249309848
-16.771017597,13.3249632309
-16.7664029419,13.3249953931
-16.7617882747,13.3250274716
-16.7571735954,13.3250594662
-16.752558904,13.325091377
-16.7479442015,13.325123204
-16.743329486,13.3251549471
-16.7387147586,13.3251866065
-16.7341000192,13.325218182
-16.7294852679,13.3252496737
-16.7248705047,13.3252810816
-16.7202557296,13.3253124057
-16.7156409437,13.325343646
-16.711026145,13.3253748024
-16.7064113346,13.325405875
-16.7017965125,13.3254368638
-16.6971816786,13.3254677688
-16.6925668331,13.3254985899
-16.6879519759,13.3255293272
-16.6833371081,13.3255599807
-16.6787222278,13.3255905504
-16.6741073359,13.3256210362
-16.6694924326,13.3256514382
-16.6648775177,13.3256817563
-16.6602625914,13.3257119907
-16.6556476547,13.3257421412
-16.6510327056,13.3257722078
-16.6464177452,13.3258021906
-16.6418027734,13.3258320896
-16.6371877904,13.3258619048
-16.6325727961,13.3258916361
-16.6279577906,13.3259212836
-16.6233427749,13.3259508472
-16.618727747,13.325980327
-16.614112708,13.3260097229
-16.609497658,13.326039035
-16.6048825968,13.3260682633
-16.6002675247,13.3260974077
-16.5956524415,13.3261264683
-16.5910373483,13.326155445
-16.5864222432,13.3261843379
-16.5818071273,13.3262131469
-16.5771920004,13.3262418721
-16.5725768627,13.3262705134
-16.8032863609,13.3202167561
-16.7986718773,13.3202494935
-16.7940573813,13.3202821471
-16.7894428729,13.3203147169
-16.7848283523,13.320347203
-16.7802138203,13.3203796053
-16.7755992752,13.3204119238
-16.7709847178,13.3204441585
-16.7663701483,13.3204763094
-16.7617555667,13.3205083766
-16.7571409729,13.32054036
-16.7525263671,13.3205722596
-16.7479117501,13.3206040754
-16.7432971202,13.3206358074
-16.7386824784,13.3206674556
-16.7340678246,13.3206990201
-16.7294531588,13.3207305007
-16.7248384812,13.3207618976
-16.7202237917,13.3207932107
-16.7156090914,13.32082444
-16.7109943783,13.3208555855
-16.7063796534,13.3208866472
-16.7017649168,13.3209176251
-16.6971501686,13.3209485192
-16.6925354086,13.3209793295
-16.6879206371,13.321010056
-16.6833058548,13.3210406987
-16.6786910601,13.3210712576
-16.6740762538,13.3211017327
-16.669461436,13.3211321241
-16.6648466068,13.3211624316
-16.6602317661,13.3211926553
-16.6556169149,13.3212227952
-16.6510020514,13.3212528513
-16.6463871766,13.3212828236
-16.6417722904,13.3213127121
-16.637157393,13.3213425167
-16.6325424843,13.3213722376
-16.6279275644,13.3214018747
-16.6233126342,13.3214314279
-16.618697692,13.3214608974
-16.6140827386,13.321490283
-16.6094677741,13.3215195848
-16.6048527986,13.3215488028
-16.600237812,13.321577937
-16.5956228145,13.3216069873
-16.5910078069,13.3216359539
-16.5863927874,13.3216648366
-16.581777757,13.3216936355
-16.5771627158,13.3217223506
-16.5725476637,13.3217509818
-16.5679326008,13.3217795293
-16.8032528952,13.3156977619
-16.7986384971,13.3157304878
-16.7940240866,13.3157631299
-16.7894096638,13.3157956883
-16.7847952287,13.3158281629
-16.7801807822,13.3158605538
-16.7755663226,13.315892861
-16.7709518508,13.3159250844
-16.7663373669,13.315957224
-16.7617228707,13.3159892799
-16.7571083625,13.3160212521
-16.7524938422,13.3160531405
-16.7478793108,13.3160849451
-16.7432647665,13.316116666
-16.7386502101,13.3161483031
-16.7340356418,13.3161798564
-16.7294210616,13.316211326
-16.7248064696,13.3162427119
-16.7201918656,13.3162740139
-16.7155772508,13.3163052323
-16.7109626233,13.3163363668
-16.706347984,13.3163674176
-16.7017333329,13.3163983846
-16.6971186702,13.3164292679
-16.6925039958,13.3164600674
-16.6878893098,13.3164907831
-16.6832746131,13.316521415
-16.6786599039,13.3165519632
-16.6740451832,13.3165824276
-16.669430451,13.3166128083
-16.6648157073,13.3166431051
-16.6602009521,13.3166733182
-16.6555861865,13.3167034475
-16.6509714086,13.3167334931
-16.6463566193,13.3167634548
-16.6417418187,13.3167933328
-16.6371270068,13.316823127
-16.6325121837,13.3168528375
-16.6278973494,13.3168824641
-16.6232825048,13.316912007
-16.6186676481,13.3169414661
-16.6140527803,13.3169708414
-16.6094379014,13.3170001329
-16.6048230114,13.3170293406
-16.6002081104,13.3170584645
-16.5955931984,13.3170875047
-16.5909782764,13.3171164611
-16.5863633425,13.3171453336
-16.5817483977,13.3171741224
-16.577133442,13.3172028274
-16.5725184755,13.3172314486
-16.5679034982,13.317259986
-16.8032194419,13.311178766
-16.7986051293,13.3112114804
-16.7939908043,13.311244111
-16.789376467,13.311276658
-16.7847621174,13.3113091212
-16.7801477564,13.3113415007
-16.7755333823,13.3113737965
-16.770918996,13.3114060086
-16.7663045975,13.311438137
-16.7616901869,13.3114701816
-16.7570757642,13.3115021425
-16.7524613294,13.3115340197
-16.7478468835,13.3115658131
-16.7432324246,13.3115975228
-16.7386179538,13.3116291488
-16.734003471,13.3116606911
-16.7293889764,13.3116921497
-16.7247744698,13.3117235245
-16.7201599514,13.3117548155
-16.715545422,13.3117860229
-16.71093088,13.3118171465
-16.7063163262,13.3118481864
-16.7017017607,13.3118791425
-16.6970871835,13.3119100149
-16.6924725946,13.3119408036
-16.6878579941,13.3119715085
-16.6832433829,13.3120021297
-16.6786287593,13.3120326671
-16.6740141241,13.3120631208
-16.6693994774,13.3120934908
-16.6647848192,13.312123777
-16.6601701496,13.3121539795
-16.6555554695,13.3121840982
-16.6509407771,13.3122141332
-16.6463260733,13.3122440844
-16.6417113583,13.3122739519
-16.6370966319,13.3123037357
-16.6324818943,13.3123334356
-16.6278671455,13.3123630519
-16.6232523864,13.3123925844
-16.6186376153,13.3124220331
-16.614022833,13.3124513981
-16.6094080396,13.3124806793
-16.6047932352,13.3125098767
-16.6001784197,13.3125389905
-16.5955635933,13.3125680204
-16.5909487568,13.3125969666
-16.5863339084,13.312625829
-16.5817190492,13.3126546077
-16.577104179,13.3126833026
-16.5724892981,13.3127119137
-16.5678744063,13.3127404411
-16.803186001,13.3066597684
-16.7985717739,13.3066924713
-16.7939575343,13.3067250905
-16.7893432825,13.306757626
-16.7847290183,13.3067900778
-16.7801147428,13.3068224459
-16.7755004542,13.3068547304
-16.7708861533,13.3068869311
-16.7662718403,13.3069190482
-16.7616575152,13.3069510816
-16.7570431779,13.3069830312
-16.7524288286,13.3070148972
-16.7478144682,13.3070466795
-16.7432000948,13.307078378
-16.7385857095,13.3071099929
-16.7339713122,13.3071415241
-16.7293569029,13.3071729716
-16.7247424819,13.3072043354
-16.7201280489,13.3072356155
-16.7155136051,13.3072668118
-16.7108991485,13.3072979245
-16.7062846802,13.3073289535
-16.7016702002,13.3073598987
-16.6970557085,13.3073907603
-16.6924412051,13.3074215381
-16.6878266901,13.3074522322
-16.6832121644,13.3074828427
-16.6785976262,13.3075133694
-16.6739830765,13.3075438124
-16.6693685153,13.3075741717
-16.6647539426,13.3076044472
-16.6601393584,13.3076346391
-16.6555247638,13.3076647472
-16.6509101569,13.3076947716
-16.6462955387,13.3077247123
-16.6416809091,13.3077545693
-16.6370662683,13.3077843426
-16.6324516162,13.3078140321
-16.6278369528,13.307843638
-16.6232222793,13.3078731601
-16.6186075936,13.3079025984
-16.6139928968,13.3079319531
-16.609378189,13.307961224
-16.60476347,13.3079904112
-16.6001487401,13.3080195147
-16.5955339991,13.3080485344
-16.5909192481,13.3080774704
-16.5863044853,13.3081063227
-16.5816897116,13.3081350913
-16.5770749269,13.3081637761
-16.5724601315,13.3081923772
-16.8031525725,13.3021407691
-16.7985384308,13.3021734605
-16.7939242767,13.3022060683
-16.7893101102,13.3022385923
-16.7846959315,13.3022710327
-16.7800817415,13.3023033895
-16.7754675383,13.3023356626
-16.7708533229,13.302367852
-16.7662390953,13.3023999577
-16.7616248556,13.3024319798
-16.7570106038,13.3024639183
-16.7523963399,13.302495773
-16.7477820649,13.3025275441
-16.7431677769,13.3025592316
-16.738553477,13.3025908353
-16.7339391652,13.3026223554
-16.7293248414,13.3026537919
-16.7247105058,13.3026851446
-16.7200961583,13.3027164137
-16.7154817999,13.3027475991
-16.7108674288,13.3027787008
-16.7062530459,13.3028097189
-16.7016386513,13.3028406532
-16.6970242451,13.3028715039
-16.6924098271,13.302902271
-16.6877953976,13.3029329543
-16.6831809573,13.302963554
-16.6785665046,13.3029940699
-16.6739520404,13.3030245022
-16.6693375646,13.3030548508
-16.6647230774,13.3030851158
-16.6601085787,13.303115297
-16.6554940696,13.3031453945
-16.6508795481,13.3031754084
-16.6462650153,13.3032053386
-16.6416504712,13.3032351851
-16.6370359158,13.3032649479
-16.6324213492,13.303294627
-16.6278067714,13.3033242224
-16.6231921833,13.3033537341
-16.6185775831,13.3033831621
-16.6139629718,13.3034125065
-16.6093483494,13.3034417671
-16.6047337159,13.303470944
-16.6001190714,13.3035000373
-16.595504416,13.3035290468
-16.5908897504,13.3035579726
-16.5862750731,13.3035868148
-16.5816603848,13.3036155732
-16.5770456857,13.303644248
-16.8031191564,13.2976217682
-16.7985051,13.2976544481
-16.7938910313,13.2976870443
-16.7892769503,13.297719557
-16.784662857,13.297751986
-16.7800487523,13.2977843313
-16.7754346345,13.297816593
-16.7708205045,13.2978487712
-16.7662063624,13.2978808656
-16.7615922081,13.2979128765
-16.7569780417,13.2979448037
-16.7523638632,13.2979766472
-16.7477496736,13.2980084071
-16.7431354711,13.2980400834
-16.7385212566,13.2980716761
-16.7339070301,13.2981031851
-16.7292927918,13.2981346104
-16.7246785415,13.2981659522
-16.7200642795,13.2981972102
-16.7154500065,13.2982283847
-16.7108357208,13.2982594755
-16.7062214234,13.2982904826
-16.7016071142,13.2983214061
-16.6969927933,13.2983522459
-16.6923784608,13.2983830021
-16.6877641167,13.2984136747
-16.6831497619,13.2984442636
-16.6785353946,13.2984747688
-16.6739210158,13.2985051904
-16.6693066254,13.2985355283
-16.6646922236,13.2985657826
-16.6600778104,13.2985959532
-16.6554633867,13.2986260402
-16.6508489507,13.2986560435
-16.6462345033,13.2986859632
-16.6416200446,13.2987157991
-16.6370055747,13.2987455515
-16.6323910935,13.2987752201
-16.6277766011,13.2988048051
-16.6231620984,13.2988343065
-16.6185475837,13.2988637241
-16.6139330578,13.2988930582
-16.6093185208,13.2989223085
-16.6047039728,13.2989514752
-16.6000894138,13.2989805582
-16.5954748437,13.2990095575
-16.5908602637,13.2990384732
-16.5862456717,13.2990673052
-16.5816310689,13.2990960535
-16.8030857527,13.2931027665
-16.7984717817,13.2931354348
-16.7938577983,13.2931680196
-16.7892438027,13.2932005208
-16.7846297947,13.2932329384
-16.7800157754,13.2932652724
-16.775401743,13.2932975228
-16.7707876984,13.2933296895
-16.7661736416,13.2933617727
-16.7615595727,13.2933937723
-16.7569454916,13.2934256883
-16.7523313985,13.2934575206
-16.7477172943,13.2934892694
-16.7431031772,13.2935209345
-16.738489048,13.293552516
-16.733874907,13.2935840139
-16.729260754,13.2936154282
-16.7246465892,13.2936467589
-16.7200324125,13.293678006
-16.7154182249,13.2937091695
-16.7108040246,13.2937402493
-16.7061898125,13.2937712456
-16.7015755888,13.2938021582
-16.6969613533,13.2938329872
-16.6923471062,13.2938637325
-16.6877328474,13.2938943943
-16.683118578,13.2939249724
-16.6785042961,13.2939554669
-16.6738900027,13.2939858778
-16.6692756977,13.2940162051
-16.6646613813,13.2940464487
-16.6600470535,13.2940766087
-16.6554327152,13.2941066851
-16.6508183645,13.2941366778
-16.6462040026,13.294166587
-16.6415896293,13.2941964124
-16.6369752448,13.2942261543
-16.632360849,13.2942558125
-16.627746442,13.2942853871
-16.6231320247,13.2943148781
-16.6185175954,13.2943442854
-16.6139031549,13.2943736091
-16.6092887034,13.2944028491
-16.6046742407,13.2944320055
-16.6000597671,13.2944610783
-16.5954452825,13.2944900674
-16.5908307878,13.2945189729
-16.5862162813,13.2945477948
-16.8076662346,13.2885510217
-16.8030523613,13.2885837621
-16.7984384757,13.288616419
-16.7938245777,13.2886489923
-16.7892106673,13.2886814821
-16.7845967447,13.2887138883
-16.7799828108,13.2887462109
-16.7753688637,13.2887784499
-16.7707549044,13.2888106053
-16.7661409329,13.2888426772
-16.7615269493,13.2888746655
-16.7569129537,13.2889065703
-16.7522989459,13.2889383914
-16.747684927,13.288970129
-16.7430708952,13.289001783
-16.7384568515,13.2890333534
-16.7338427958,13.2890648402
-16.7292287281,13.2890962435
-16.7246146486,13.2891275631
-16.7200005573,13.2891587992
-16.715386455,13.2891899517
-16.7107723401,13.2892210206
-16.7061582134,13.2892520059
-16.701544075,13.2892829077
-16.6969299249,13.2893137258
-16.6923157631,13.2893444604
-16.6877015897,13.2893751113
-16.6830874057,13.2894056787
-16.6784732091,13.2894361625
-16.6738590011,13.2894665626
-16.6692447815,13.2894968792
-16.6646305504,13.2895271122
-16.660016308,13.2895572616
-16.655402055,13.2895873274
-16.6507877898,13.2896173096
-16.6461735132,13.2896472082
-16.6415592253,13.2896770232
-16.6369449261,13.2897067546
-16.6323306157,13.2897364023
-16.627716294,13.2897659665
-16.6231019621,13.2897954471
-16.6184876182,13.2898248441
-16.6138732631,13.2898541574
-16.6092588969,13.2898833872
-16.6046445197,13.2899125333
-16.6000301314,13.2899415959
-16.5954157322,13.2899705748
-16.5908013229,13.2899994701
-16.5861869018,13.2900282818
-16.8076327703,13.2840320272
-16.8030189823,13.2840647561
-16.798405182,13.2840974015
-16.7937913693,13.2841299634
-16.7891775443,13.2841624417
-16.784563707,13.2841948364
-16.7799498583,13.2842271476
-16.7753359965,13.2842593753
-16.7707221226,13.2842915195
-16.7661082364,13.2843235801
-16.7614943381,13.2843555571
-16.7568804278,13.2843874506
-16.7522665053,13.2844192605
-16.7476525718,13.2844509869
-16.7430386253,13.2844826298
-16.7384246668,13.2845141891
-16.7338106964,13.2845456648
-16.7291967141,13.284577057
-16.7245827199,13.2846083657
-16.7199687139,13.2846395907
-16.715354697,13.2846707323
-16.7107406674,13.2847017902
-16.706126626,13.2847327646
-16.7015125729,13.2847636555
-16.6968985081,13.2847944628
-16.6922844317,13.2848251865
-16.6876703436,13.2848558267
-16.6830562449,13.2848863833
-16.6784421337,13.2849168563
-16.6738280109,13.2849472458
-16.6692138767,13.2849775517
-16.664599731,13.2850077741
-16.6599855739,13.2850379128
-16.6553714062,13.285067968
-16.6507572263,13.2850979397
-16.6461430351,13.2851278277
-16.6415288325,13.2851576322
-16.6369146187,13.2851873532
-16.6323003936,13.2852169905
-16.6276861573,13.2852465443
-16.6230719107,13.2852760145
-16.6184576521,13.2853054011
-16.6138433824,13.2853347041
-16.6092291016,13.2853639236
-16.6046148097,13.2853930595
-16.6000005068,13.2854221118
-16.5953861929,13.2854510805
-16.5907718689,13.2854799656
-16.8075993184,13.279513031
-16.8029856157,13.2795457484
-16.7983719007,13.2795783823
-16.7937581732,13.2796109327
-16.7891444335,13.2796433996
-16.7845306815,13.2796757829
-16.7799169181,13.2797080828
-16.7753031416,13.2797402991
-16.7706893529,13.2797724319
-16.766075552,13.2798044812
-16.761461739,13.279836447
-16.7568479139,13.2798683292
-16.7522340768,13.279900128
-16.7476202285,13.2799318432
-16.7430063673,13.2799634749
-16.7383924941,13.2799950231
-16.733778609,13.2800264878
-16.729164712,13.2800578689
-16.7245508031,13.2800891665
-16.7199368824,13.2801203806
-16.7153229507,13.2801515111
-16.7107090064,13.2801825582
-16.7060950503,13.2802135217
-16.7014810825,13.2802444016
-16.696867103,13.2802751981
-16.6922531119,13.280305911
-16.6876391091,13.2803365404
-16.6830250957,13.2803670862
-16.6784110698,13.2803975485
-16.6737970323,13.2804279273
-16.6691829834,13.2804582225
-16.664568923,13.2804884342
-16.6599548512,13.2805185624
-16.6553407688,13.280548607
-16.6507266742,13.2805785681
-16.6461125683,13.2806084456
-16.641498451,13.2806382396
-16.6368843225,13.2806679501
-16.6322701827,13.280697577
-16.6276560317,13.2807271203
-16.6230418705,13.2807565802
-16.6184276972,13.2807859564
-16.6138135127,13.2808152491
-16.6091993172,13.2808444583
-16.6045851107,13.2808735839
-16.5999708931,13.280902626
-16.5953566645,13.2809315845
-16.807565879,13.2749940332
-16.8029522615,13.2750267391
-16.7983386317,13.2750593614
-16.7937249895,13.2750919004
-16.789111335,13.2751243558
-16.7844976682,13.2751567277
-16.7798839901,13.2751890162
-16.7752702988,13.2752212212
-16.7706565954,13.2752533427
-16.7660428798,13.2752853807
-16.761429152,13.2753173352
-16.7568154122,13.2753492062
-16.7522016602,13.2753809938
-16.7475878972,13.2754126978
-16.7429741213,13.2754443184
-16.7383603334,13.2754758554
-16.7337465335,13.275507309
-16.7291327217,13.2755386791
-16.7245188981,13.2755699657
-16.7199050626,13.2756011688
-16.7152912163,13.2756322883
-16.7106773572,13.2756633244
-16.7060634864,13.275694277
-16.7014496038,13.2757251461
-16.6968357096,13.2757559317
-16.6922218037,13.2757866338
-16.6876078862,13.2758172524
-16.6829939581,13.2758477875
-16.6783800174,13.275878239
-16.6737660652,13.2759086071
-16.6691521016,13.2759388917
-16.6645381264,13.2759690927
-16.6599241398,13.2759992103
-16.6553101428,13.2760292443
-16.6506961335,13.2760591948
-16.6460821128,13.2760890618
-16.6414680808,13.2761188453
-16.6368540376,13.2761485453
-16.6322399831,13.2761781618
-16.6276259173,13.2762076947
-16.6230118414,13.2762371442
-16.6183977534,13.2762665101
-16.6137836542,13.2762957925
-16.609169544,13.2763249914
-16.6045554227,13.2763541067
-16.5999412904,13.2763831386
-16.8029189197,13.270507728
-16.7983053751,13.2705403389
-16.7936918181,13.2705728663
-16.7890782488,13.2706053103
-16.7844646672,13.2706376709
-16.7798510743,13.2706699479
-16.7752374683,13.2707021416
-16.77062385,13.2707342517
-16.7660102196,13.2707662785
-16.7613965771,13.2707982217
-16.7567829225,13.2708300815
-16.7521692558,13.2708618579
-16.747555578,13.2708935507
-16.7429418872,13.2709251601
-16.7383281845,13.2709566861
-16.7337144699,13.2709881286
-16.7291007434,13.2710194876
-16.724487005,13.2710507632
-16.7198732547,13.2710819553
-16.7152594936,13.2711130639
-16.7106457197,13.271144089
-16.7060319341,13.2711750307
-16.7014181368,13.2712058889
-16.6968043278,13.2712366637
-16.6921905072,13.2712673549
-16.6875766749,13.2712979627
-16.682962832,13.271328487
-16.6783489766,13.2713589279
-16.6737351096,13.2713892853
-16.6691212312,13.2714195591
-16.6645073413,13.2714497496
-16.6598934399,13.2714798565
-16.6552795281,13.2715098799
-16.650665604,13.2715398199
-16.6460516686,13.2715696764
-16.6414377219,13.2715994494
-16.6368237639,13.2716291389
-16.6322097946,13.2716587449
-16.6275958141,13.2716882675
-16.6229818234,13.2717177065
-16.6183678206,13.2717470621
-16.6137538067,13.2717763342
-16.6091397818,13.2718055228
-16.6045257457,13.2718346279
-16.793658659,13.2660538306
-16.7890451749,13.2660862632
-16.7844316785,13.2661186123
-16.7798181708,13.266150878
-16.7752046499,13.2661830603
-16.7705911168,13.2662151591
-16.7659775716,13.2662471746
-16.7613640143,13.2662791066
-16.7567504448,13.2663109551
-16.7521368633,13.2663427203
-16.7475232707,13.266374402
-16.7429096652,13.2664060002
-16.7382960477,13.2664375151
-16.7336824182,13.2664689465
-16.7290687769,13.2665002945
-16.7244551236,13.266531559
-16.7198414586,13.2665627401
-16.7152277826,13.2665938377
-16.710614094,13.2666248519
-16.7060003936,13.2666557827
-16.7013866815,13.2666866301
-16.6967729577,13.2667173939
-16.6921592222,13.2667480744
-16.6875454752,13.2667786714
-16.6829317174,13.2668091849
-16.6783179472,13.2668396151
-16.6737041655,13.2668699617
-16.6690903723,13.2669002249
-16.6644765676,13.2669304047
-16.6598627514,13.266960501
-16.6552489248,13.2669905139
-16.650635086,13.2670204433
-16.6460212357,13.2670502893
-16.6414073742,13.2670800518
-16.6367935014,13.2671097308
-16.6321796174,13.2671393264
-16.6275657221,13.2671688385
-16.6229518166,13.2671982672
-16.618337899,13.2672276124
-16.6137239704,13.2672568742
-16.6091100306,13.2672860525
-16.6044960798,13.2673151473
-16.7890121133,13.2615672153
-16.784398702,13.261599553
-16.7797852795,13.2616318073
-16.7751718437,13.2616639782
-16.7705583958,13.2616960658
-16.7659449357,13.2617280699
-16.7613314635,13.2617599906
-16.7567179793,13.261791828
-16.7521044829,13.2618235819
-16.7474909754,13.2618552524
-16.7428774551,13.2618868396
-16.7382639227,13.2619183433
-16.7336503784,13.2619497636
-16.7290368222,13.2619811005
-16.7244232542,13.262012354
-16.7198096743,13.2620435241
-16.7151960835,13.2620746108
-16.71058248,13.2621056141
-16.7059688648,13.262136534
-16.7013552378,13.2621673704
-16.6967415992,13.2621981235
-16.6921279489,13.2622287931
-16.687514287,13.2622593793
-16.6829006145,13.2622898821
-16.6782869294,13.2623203015
-16.6736732329,13.2623506374
-16.6690595248,13.26238089
-16.6644458053,13.2624110591
-16.6598320743,13.2624411448
-16.6552183329,13.2624711471
-16.6506045792,13.2625010659
-16.6459908142,13.2625309014
-16.6413770378,13.2625606534
-16.6367632502,13.262590322
-16.6321494513,13.2626199071
-16.6275356413,13.2626494089
-16.622921821,13.2626788271
-16.6183079886,13.262708162
-16.6136941451,13.2627374135
-16.6090802905,13.2627665815
-16.7889790639,13.2570481648
-16.7843657378,13.2570804911
-16.7797524003,13.257112734
-16.7751390497,13.2571448936
-16.7705256869,13.2571769698
-16.765912312,13.2572089627
-16.7612989249,13.2572408721
-16.7566855257,13.2572726982
-16.7520721145,13.257304441
-16.7474586922,13.2573361003
-16.7428452569,13.2573676763
-16.7382318097,13.2573991689
-16.7336183505,13.2574305782
-16.7290048795,13.257461904
-16.7243913966,13.2574931465
-16.7197779018,13.2575243056
-16.7151643961,13.2575553813
-16.7105508778,13.2575863737
-16.7059373477,13.2576172826
-16.7013238059,13.2576481082
-16.6967102524,13.2576788504
-16.6920966872,13.2577095092
-16.6874831105,13.2577400846
-16.6828695231,13.2577705767
-16.6782559232,13.2578009853
-16.6736423117,13.2578313106
-16.6690286888,13.2578615524
-16.6644150544,13.2578917109
-16.6598014086,13.257921786
-16.6551877524,13.2579517777
-16.6505740838,13.257981686
-16.6459604039,13.2580115109
-16.6413467127,13.2580412524
-16.6367330102,13.2580709105
-16.6321192965,13.2581004853
-16.6275055716,13.2581299766
-16.6228918364,13.2581593845
-16.6182780892,13.258188709
-16.6136643309,13.2582179502
-16.7843327858,13.2525614275
-16.7797195334,13.2525936591
-16.7751062679,13.2526258073
-16.7704929902,13.2526578722
-16.7658797004,13.2526898537
-16.7612663984,13.2527217519
-16.7566530843,13.2527535668
-16.7520397582,13.2527852984
-16.7474264209,13.2528169465
-16.7428130707,13.2528485114
-16.7381997086,13.2528799929
-16.7335863346,13.252911391
-16.7289729486,13.2529427058
-16.7243595508,13.2529739373
-16.7197461411,13.2530050854
-16.7151327205,13.2530361501
-16.7105192873,13.2530671316
-16.7059058423,13.2530980296
-16.7012923856,13.2531288443
-16.6966789172,13.2531595757
-16.6920654372,13.2531902236
-16.6874519455,13.2532207883
-16.6828384432,13.2532512695
-16.6782249284,13.2532816675
-16.6736114021,13.253311982
-16.6689978643,13.2533422132
-16.664384315,13.2533723611
-16.6597707543,13.2534024255
-16.6551571832,13.2534324066
-16.6505435997,13.2534623044
-16.6459300049,13.2534921188
-16.6413163988,13.2535218498
-16.6367027815,13.2535514975
-16.6320891529,13.2535810617
-16.6274755131,13.2536105427
-16.6228618631,13.2536399402
-16.6182482009,13.2536692544
-16.7842998461,13.2480423622
-16.7796866788,13.2480745824
-16.7750734983,13.2481067193
-16.7704603057,13.2481387729
-16.7658471008,13.2481707431
-16.7612338839,13.2482026301
-16.7566206549,13.2482344337
-16.7520074138,13.2482661541
-16.7473941616,13.2482977911
-16.7427808965,13.2483293448
-16.7381676195,13.2483608152
-16.7335543305,13.2483922022
-16.7289410296,13.248423506
-16.7243277168,13.2484547264
-16.7197143922,13.2484858635
-16.7151010567,13.2485169173
-16.7104877085,13.2485478878
-16.7058743486,13.2485787749
-16.701260977,13.2486095787
-16.6966475937,13.2486402992
-16.6920341987,13.2486709364
-16.6874207921,13.2487014903
-16.6828073749,13.2487319608
-16.6781939452,13.248762348
-16.6735805039,13.2487926518
-16.6689670512,13.2488228723
-16.664353587,13.2488530095
-16.6597401114,13.2488830634
-16.6551266253,13.2489130339
-16.650513127,13.2489429211
-16.6458996173,13.248972725
-16.6412860963,13.2490024455
-16.636672564,13.2490320827
-16.6320590205,13.2490616365
-16.6274454658,13.2490911071
-16.6228319008,13.2491204942
-16.7842669186,13.2435232953
-16.7796538363,13.2435555041
-16.7750407409,13.2435876296
-16.7704276332,13.2436196719
-16.7658145135,13.2436516309
-16.7612013816,13.2436835066
-16.7565882376,13.243715299
-16.7519750815,13.2437470081
-16.7473619144,13.2437786339
-16.7427487343,13.2438101765
-16.7381355423,13.2438416358
-16.7335223383,13.2438730118
-16.7289091224,13.2439043045
-16.7242958947,13.2439355139
-16.7196826551,13.24396664
-16.7150694047,13.2439976828
-16.7104561415,13.2440286423
-16.7058428667,13.2440595186
-16.7012295801,13.2440903115
-16.6966162818,13.2441210212
-16.6920029719,13.2441516475
-16.6873896503,13.2441821906
-16.6827763181,13.2442126503
-16.6781629735,13.2442430268
-16.6735496173,13.2442733199
-16.6689362496,13.2443035298
-16.6643228704,13.2443336564
-16.6597094799,13.2443636996
-16.6550960789,13.2443936596
-16.6504826655,13.2444235362
-16.6458692409,13.2444533295
-16.6412558049,13.2444830396
-16.6366423577,13.2445126663
-16.6320288993,13.2445422097
-16.6274154296,13.2445716698
-16.6228019497,13.2446010466
-16.7842340034,13.2390042267
-16.7796210061,13.2390364241
-16.7750079956,13.2390685383
-16.770394973,13.2391005692
-16.7657819382,13.2391325169
-16.7611688913,13.2391643813
-16.7565558323,13.2391961625
-16.7519427612,13.2392278605
-16.7473296791,13.2392594751
-16.742716584,13.2392910065
-16.738103477,13.2393224547
-16.733490358,13.2393538196
-16.7288772272,13.2393851013
-16.7242640844,13.2394162996
-16.7196509299,13.2394474148
-16.7150377644,13.2394784466
-16.7104245863,13.2395093952
-16.7058113964,13.2395402605
-16.7011981948,13.2395710426
-16.6965849815,13.2396017414
-16.6919717566,13.239632357
-16.6873585201,13.2396628892
-16.6827452729,13.2396933382
-16.6781320133,13.2397237039
-16.6735187421,13.2397539864
-16.6689054594,13.2397841856
-16.6642921653,13.2398143015
-16.6596788598,13.2398443341
-16.6550655437,13.2398742835
-16.6504522154,13.2399041496
-16.6458388758,13.2399339324
-16.6412255249,13.2399636319
-16.6366121627,13.2399932482
-16.6319987893,13.2400227812
-16.6273854046,13.2400522309
-16.7842011004,13.2344851573
-16.7795881881,13.2345173433
-16.7749752626,13.2345494462
-16.7703623249,13.2345814658
-16.7657493751,13.2346134022
-16.7611364131,13.2346452554
-16.7565234391,13.2346770253
-16.751910453,13.234708712
-16.7472974558,13.2347403155
-16.7426844457,13.2347718358
-16.7380714236,13.2348032729
-16.7334583896,13.2348346267
-16.7288453437,13.2348658973
-16.724232286,13.2348970846
-16.7196192164,13.2349281888
-16.7150061359,13.2349592097
-16.7103930428,13.2349901473
-16.7057799379,13.2350210018
-16.7011668212,13.2350517729
-16.696553693,13.2350824609
-16.691940553,13.2351130656
-16.6873274015,13.2351435871
-16.6827142393,13.2351740253
-16.6781010646,13.2352043803
-16.6734878784,13.2352346521
-16.6688746807,13.2352648406
-16.6642614716,13.2352949459
-16.659648251,13.2353249679
-16.65503502,13.2353549067
-16.6504217767,13.2353847622
-16.645808522,13.2354145345
-16.6411952561,13.2354442236
-16.6365819789,13.2354738294
-16.6319686905,13.2355033519
-16.7841682097,13.2299660853
-16.7795553822,13.22999826
-16.7749425417,13.2300303515
-16.7703296889,13.2300623598
-16.765716824,13.2300942849
-16.761103947,13.2301261268
-16.7564910579,13.2301578855
-16.7518781568,13.2301895611
-16.7472652445,13.2302211534
-16.7426523193,13.2302526625
-16.7380393822,13.2302840885
-16.7334264332,13.2303154312
-16.7288134722,13.2303466907
-16.7242004994,13.2303778671
-16.7195875147,13.2304089602
-16.7149745192,13.2304399701
-16.710361511,13.2304708969
-16.705748491,13.2305017404
-16.7011354594,13.2305325007
-16.696522416,13.2305631778
-16.691909361,13.2305937717
-16.6872962944,13.2306242824
-16.6826832172,13.2306547099
-16.6780701274,13.2306850542
-16.6734570262,13.2307153152
-16.6688439135,13.2307454931
-16.6642307893,13.2307755877
-16.6596176537,13.2308055991
-16.6550045076,13.2308355273
-16.6503913493,13.2308653723
-16.6457781796,13.2308951341
-16.6411649986,13.2309248126
-16.6365518064,13.2309544079
-16.7841353312,13.2254470116
-16.7795225886,13.2254791749
-16.774909833,13.2255112551
-16.7702970651,13.2255432521
-16.7656842851,13.2255751659
-16.761071493,13.2256069966
-16.7564586888,13.2256387441
-16.7518458726,13.2256704084
-16.7472330452,13.2257019896
-16.7426202049,13.2257334876
-16.7380073527,13.2257649024
-16.7333944886,13.225796234
-16.7287816125,13.2258274825
-16.7241687246,13.2258586478
-16.7195558249,13.22588973
-16.7149429142,13.2259207289
-16.7103299909,13.2259516447
-16.7057170559,13.2259824774
-16.7011041091,13.2260132268
-16.6964911507,13.2260438931
-16.6918781806,13.2260744761
-16.687265199,13.2261049761
-16.6826522066,13.2261353928
-16.6780392018,13.2261657263
-16.6734261855,13.2261959767
-16.6688131577,13.2262261439
-16.6642001184,13.2262562278
-16.6595870677,13.2262862287
-16.6549740066,13.2263161463
-16.6503609331,13.2263459807
-16.6457478484,13.2263757319
-16.6411347523,13.2264054
-16.7841024649,13.2209279363
-16.7794898073,13.2209600882
-16.7748771365,13.220992157
-16.7702644535,13.2210241427
-16.7656517583,13.2210560453
-16.7610390511,13.2210878647
-16.7564263318,13.2211196009
-16.7518136004,13.2211512541
-16.7472008579,13.2211828241
-16.7425881025,13.2212143109
-16.7379753352,13.2212457146
-16.7333625559,13.2212770352
-16.7287497647,13.2213082726
-16.7241369617,13.2213394269
-16.7195241468,13.2213704981
-16.7149113211,13.2214014861
-16.7102984826,13.2214323909
-16.7056856325,13.2214632127
-16.7010727706,13.2214939512
-16.696459897,13.2215246066
-16.6918470119,13.2215551789
-16.6872341151,13.221585668
-16.6826212076,13.221616074
-16.6780082877,13.2216463968
-16.6733953562,13.2216766365
-16.6687824133,13.221706793
-16.664169459,13.2217368663
-16.6595564932,13.2217668565
-16.6549435169,13.2217967636
-16.6503305284,13.2218265874
-16.6457175285,13.2218563282
-16.7794570381,13.2164409999
-16.7748444521,13.2164730573
-16.770231854,13.2165050317
-16.7656192437,13.2165369229
-16.7610066212,13.2165687311
-16.7563939868,13.2166004561
-16.7517813402,13.2166320981
-16.7471686826,13.2166636569
-16.742556012,13.2166951326
-16.7379433295,13.2167265252
-16.7333306351,13.2167578347
-16.7287179287,13.2167890611
-16.7241052106,13.2168202044
-16.7194924805,13.2168512645
-16.7148797396,13.2168822416
-16.7102669861,13.2169131355
-16.7056542207,13.2169439463
-16.7010414437,13.216974674
-16.696428655,13.2170053186
-16.6918158547,13.21703588
-16.6872030427,13.2170663583
-16.6825902201,13.2170967535
-16.6779773851,13.2171270656
-16.6733645385,13.2171572946
-16.6687516804,13.2171874404
-16.6641388109,13.2172175031
-16.65952593,13.2172474827
-16.6549130386,13.2172773792
-16.6503001349,13.2173071925
-16.6456872199,13.2173369227
-16.7840367691,13.2118897806
-16.7794242811,13.2119219098
-16.7748117799,13.2119539559
-16.7701992666,13.211985919
-16.7655867411,13.2120177989
-16.7609742035,13.2120495958
-16.7563616538,13.2120813096
-16.7517490921,13.2121129404
-16.7471365192,13.212144488
-16.7425239335,13.2121759526
-16.7379113358,13.2122073341
-16.7332987262,13.2122386325
-16.7286861047,13.2122698479
-16.7240734713,13.2123009801
-16.7194608261,13.2123320293
-16.71484817,13.2123629954
-16.7102355012,13.2123938783
-16.7056228207,13.2124246783
-16.7010101285,13.2124553951
-16.6963974246,13.2124860288
-16.6917847091,13.2125165794
-16.687171982,13.212547047
-16.6825592442,13.2125774314
-16.677946494,13.2126077328
-16.6733337322,13.2126379511
-16.668720959,13.2126680862
-16.6641081743,13.2126981383
-16.6594953782,13.2127281073
-16.6548825716,13.2127579932
-16.6502697528,13.2127877959
-16.7793915363,13.2074028181
-16.7747791199,13.2074348529
-16.7701666914,13.2074668046
-16.7655542507,13.2074986733
-16.7609417978,13.2075304589
-16.7563293329,13.2075621615
-16.7517168559,13.207593781
-16.7471043679,13.2076253175
-16.7424918669,13.207656771
-16.737879354,13.2076881414
-16.7332668292,13.2077194287
-16.7286542924,13.207750633
-16.7240417438,13.2077817542
-16.7194291834,13.2078127924
-16.7148166121,13.2078437475
-16.7102040281,13.2078746195
-16.7055914324,13.2079054086
-16.700978825,13.2079361145
-16.6963662059,13.2079667374
-16.6917535752,13.2079972772
-16.6871409328,13.208027734
-16.6825282799,13.2080581077
-16.6779156144,13.2080883983
-16.6733029374,13.2081186059
-16.668690249,13.2081487304
-16.6640775491,13.2081787718
-16.6594648378,13.2082087302
-16.654852116,13.2082386055
-16.7839711223,13.2028516192
-16.7793588038,13.2028837256
-16.7747464721,13.202915749
-16.7701341283,13.2029476894
-16.7655217723,13.2029795468
-16.7609094042,13.2030113212
-16.7562970241,13.2030430126
-16.7516846318,13.2030746209
-16.7470722285,13.2031061462
-16.7424598123,13.2031375885
-16.7378473841,13.2031689478
-16.733234944,13.2032002241
-16.7286224921,13.2032314173
-16.7240100282,13.2032625275
-16.7193975525,13.2032935547
-16.714785066,13.2033244989
-16.7101725668,13.20335536
-16.7055600558,13.2033861381
-16.7009475331,13.2034168332
-16.6963349988,13.2034474452
-16.6917224528,13.2034779742
-16.6871098953,13.2035084202
-16.682497327,13.2035387831
-16.6778847463,13.203569063
-16.6732721541,13.2035992599
-16.6686595505,13.2036293737
-16.6640469353,13.2036594045
-16.6594343088,13.2036893523
-16.7839383173,13.1983325355
-16.7793260835,13.1983646305
-16.7747138365,13.1983966426
-16.7701015774,13.1984285717
-16.7654893061,13.1984604178
-16.7608770227,13.198492181
-16.7562647273,13.1985238611
-16.7516524197,13.1985554582
-16.7470401012,13.1985869724
-16.7424277696,13.1986184036
-16.7378154262,13.1986497517
-16.7332030708,13.1986810169
-16.7285907035,13.1987121991
-16.7239783244,13.1987432983
-16.7193659335,13.1987743145
-16.7147535316,13.1988052477
-16.7101411171,13.1988360979
-16.7055286909,13.1988668651
-16.700916253,13.1988975492
-16.6963038033,13.1989281504
-16.6916913421,13.1989586686
-16.6870788693,13.1989891038
-16.6824663858,13.199019456
-16.6778538898,13.1990497252
-16.6732413823,13.1990799114
-16.6686288634,13.1991100145
-16.664016333,13.1991400347
-16.7839055245,13.1938134501
-16.7792933753,13.1938455338
-16.774681213,13.1938775345
-16.7700690386,13.1939094523
-16.765456852,13.1939412872
-16.7608446533,13.193973039
-16.7562324425,13.1940047079
-16.7516202197,13.1940362939
-16.7470079858,13.1940677969
-16.7423957389,13.1940992169
-16.7377834802,13.194130554
-16.7331712095,13.1941618081
-16.7285589269,13.1941929792
-16.7239466324,13.1942240674
-16.7193343262,13.1942550726
-16.714722009,13.1942859948
-16.7101096792,13.1943168341
-16.7054973377,13.1943475904
-16.7008849844,13.1943782637
-16.6962726195,13.194408854
-16.691660243,13.1944393614
-16.6870478548,13.1944697858
-16.682435456,13.1945001272
-16.6778230447,13.1945303857
-16.673210622,13.1945605612
-16.6685981877,13.1945906537
-16.663985742,13.1946206632
-16.7838727439,13.1892943631
-16.7792606794,13.1893264354
-16.7746486017,13.1893584248
-16.7700365119,13.1893903313
-16.76542441,13.1894221548
-16.7608122959,13.1894538954
-16.7562001698,13.1894855531
-16.7515880316,13.1895171279
-16.7469758823,13.1895486197
-16.7423637202,13.1895800286
-16.7377515461,13.1896113545
-16.73313936,13.1896425975
-16.7285271621,13.1896737576
-16.7239149523,13.1897048348
-16.7193027307,13.189735829
-16.7146904982,13.1897667403
-16.7100782531,13.1897975686
-16.7054659962,13.189828314
-16.7008537276,13.1898589764
-16.6962414473,13.1898895559
-16.6916291554,13.1899200525
-16.6870168519,13.1899504661
-16.6824045378,13.1899807968
-16.6777922112,13.1900110445
-16.6731798731,13.1900412093
-16.6685675235,13.1900712912
-16.7838399755,13.1847752744
-16.7792279956,13.1848073353
-16.7746160026,13.1848393134
-16.7700039974,13.1848712085
-16.7653919801,13.1849030208
-16.7607799506,13.1849347501
-16.7561679091,13.1849663966
-16.7515558556,13.1849979602
-16.7469437909,13.1850294408
-16.7423317134,13.1850608386
-16.7377196239,13.1850921534
-16.7331075224,13.1851233854
-16.7284954091,13.1851545344
-16.723883284,13.1851856005
-16.719271147,13.1852165838
-16.7146589991,13.1852474841
-16.7100468386,13.1852783015
-16.7054346663,13.185309036
-16.7008224824,13.1853396875
-16.6962102868,13.1853702562
-16.6915980795,13.185400742
-16.6869858607,13.1854311448
-16.6823736311,13.1854614647
-16.6777613892,13.1854917017
-16.6731491357,13.1855218558
-16.7838072194,13.180256184
-16.7791953241,13.1802882336
-16.7745834157,13.1803202003
-16.769971495,13.1803520841
-16.7653595623,13.1803838851
-16.7607476174,13.1804156032
-16.7561356605,13.1804472384
-16.7515236915,13.1804787908
-16.7469117115,13.1805102603
-16.7422997185,13.1805416469
-16.7376877136,13.1805729507
-16.7330756968,13.1806041715
-16.728463668,13.1806353095
-16.7238516275,13.1806663646
-16.7192395751,13.1806973369
-16.7146275118,13.1807282262
-16.7100154359,13.1807590327
-16.7054033482,13.1807897563
-16.7007912489,13.180820397
-16.6961791378,13.1808509548
-16.6915670152,13.1808814297
-16.6869548809,13.1809118218
-16.682342736,13.180942131
-16.6777305787,13.1809723572
-16.7837744755,13.1757370919
-16.7791626648,13.1757691302
-16.7745508409,13.1758010855
-16.7699390048,13.1758329581
-16.7653271566,13.1758647477
-16.7607152963,13.1758964546
-16.7561034239,13.1759280786
-16.7514915395,13.1759596198
-16.746879644,13.1759910781
-16.7422677356,13.1760224536
-16.7376558152,13.1760537462
-16.733043883,13.176084956
-16.7284319388,13.176116083
-16.7238199828,13.176147127
-16.719208015,13.1761780883
-16.7145960363,13.1762089667
-16.7099840449,13.1762397622
-16.7053720418,13.1762704749
-16.700760027,13.1763011047
-16.6961480005,13.1763316517
-16.6915359625,13.1763621159
-16.6869239128,13.1763924971
-16.6823118524,13.1764227955
-16.7837417439,13.1712179991
-16.7791300176,13.171250026
-16.7745182783,13.17128197
-16.7699065267,13.1713138312
-16.765294763,13.1713456096
-16.7606829873,13.1713773052
-16.7560711994,13.171408918
-16.7514593995,13.171440448
-16.7468475885,13.1714718951
-16.7422357646,13.1715032595
-16.7376239288,13.171534541
-16.7330120811,13.1715657397
-16.7284002214,13.1715968556
-16.7237883499,13.1716278887
-16.7191764667,13.171658839
-16.7145645725,13.1716897064
-16.7099526656,13.171720491
-16.7053407471,13.1717511928
-16.7007288168,13.1717818118
-16.6961168749,13.1718123479
-16.6915049213,13.1718428012
-16.6868929562,13.1718731717
-16.6822809804,13.1719034594
-16.7837090245,13.1666989038
-16.7790973827,13.1667309192
-16.7744857278,13.1667628519
-16.7698740608,13.1667947018
-16.7652623816,13.1668264689
-16.7606506903,13.1668581533
-16.7560389869,13.1668897549
-16.7514272715,13.1669212736
-16.746815545,13.1669527096
-16.7422038056,13.1669840628
-16.7375920543,13.1670153333
-16.732980291,13.1670465209
-16.7283685159,13.1670776257
-16.7237567289,13.1671086478
-16.7191449301,13.1671395871
-16.7145331204,13.1671704435
-16.7099212981,13.1672012172
-16.705309464,13.1672319081
-16.7006976183,13.1672625162
-16.6960857609,13.1672930415
-16.6914738918,13.167323484
-16.6868620112,13.1673538437
-16.7882878633,13.1621477199
-16.7836763173,13.1621798067
-16.77906476,13.1622118108
-16.7744531895,13.1622437321
-16.7698416069,13.1622755707
-16.7652300122,13.1623073266
-16.7606184054,13.1623389997
-16.7560067864,13.16237059
-16.7513951555,13.1624020976
-16.7467835135,13.1624335224
-16.7421718585,13.1624648645
-16.7375601917,13.1624961238
-16.7329485129,13.1625273004
-16.7283368222,13.1625583942
-16.7237251197,13.1625894052
-16.7191134054,13.1626203335
-16.7145016802,13.162651179
-16.7098899423,13.1626819418
-16.7052781927,13.1627126218
-16.7006664314,13.162743219
-16.6960546585,13.1627737335
-16.6914428739,13.1628041652
-16.7882550839,13.1576286325
-16.7836436223,13.157660708
-16.7790321494,13.1576927007
-16.7744206634,13.1577246107
-16.7698091652,13.157756438
-16.7651976549,13.1577881826
-16.7605861325,13.1578198444
-16.755974598,13.1578514235
-16.7513630515,13.1578829199
-16.7467514939,13.1579143336
-16.7421399234,13.1579456645
-16.737528341,13.1579769127
-16.7329167466,13.1580080782
-16.7283051404,13.158039161
-16.7236935223,13.158070161
-16.7190818924,13.1581010783
-16.7144702516,13.1581319129
-16.7098585982,13.1581626647
-16.705246933,13.1581933338
-16.7006352562,13.1582239201
-16.7789995511,13.1531735889
-16.7743881495,13.1532054876
-16.7697767357,13.1532373036
-16.7651653097,13.1532690369
-16.7605538717,13.1533006875
-16.7559424216,13.1533322554
-16.7513309595,13.1533637406
-16.7467194863,13.1533951431
-16.7421080002,13.1534264629
-16.7374965022,13.1534577
-16.7328849922,13.1534888544
-16.7282734704,13.1535199261
-16.7236619367,13.1535509151
-16.7190503912,13.1535818214
-16.7144388349,13.153612645
-16.7098272658,13.1536433859
-16.7052156851,13.1536740441
-16.7006040926,13.1537046196
-16.7743556477,13.1486863629
-16.7697443182,13.1487181675
-16.7651329767,13.1487498895
-16.760521623,13.1487815289
-16.7559102573,13.1488130855
-16.7512988795,13.1488445596
-16.7466874907,13.1488759509
-16.742076089,13.1489072596
-16.7374646753,13.1489384856
-16.7328532497,13.1489696289
-16.7282418122,13.1490006896
-16.7236303629,13.1490316676
-16.7190189018,13.1490625629
-16.7144074298,13.1490933755
-16.7097959452,13.1491241055
-16.7051844488,13.1491547528
-16.774323158,13.1441672364
-16.7697119129,13.1441990298
-16.7651006557,13.1442307405
-16.7604893864,13.1442623686
-16.755878105,13.1442939141
-16.7512668116,13.1443253769
-16.7466555071,13.144356757
-16.7420441897,13.1443880546
-16.7374328603,13.1444192695
-16.7328215191,13.1444504018
-16.728210166,13.1444814514
-16.723598801,13.1445124183
-16.7189874242,13.1445433027
-16.7143760366,13.1445741044
-16.7097646362,13.1446048234
-16.7051532242,13.1446354598
-16.7742906806,13.1396481092
-16.7696795198,13.1396798913
-16.7650683468,13.1397115907
-16.7604571618,13.1397432076
-16.7558459647,13.1397747418
-16.7512347556,13.1398061934
-16.7466235354,13.1398375624
-16.7420123023,13.1398688489
-16.7374010573,13.1399000527
-16.7327898003,13.1399311738
-16.7281785315,13.1399622124
-16.7235672509,13.1399931684
-16.7189559584,13.1400240417
-16.714344655,13.1400548325
-16.709733339,13.1400855406
-16.7051220113,13.1401161661
-16.7742582153,13.1351289795
-16.7696471387,13.1351607502
-16.7650360501,13.1351924384
-16.7604249493,13.135224044
-16.7558138365,13.135255567
-16.7512027116,13.1352870074
-16.7465915757,13.1353183653
-16.7419804269,13.1353496406
-16.7373692661,13.1353808333
-16.7327580934,13.1354119434
-16.7281469089,13.1354429709
-16.7235357125,13.1354739158
-16.7189245043,13.1355047782
-16.7143132853,13.135535558
-16.7097020536,13.1355662552
-16.7050908101,13.1355968698
-16.7696147698,13.1306416075
-16.7650037654,13.1306732844
-16.7603927489,13.1307048787
-16.7557817203,13.1307363905
-16.7511706797,13.1307678198
-16.746559628,13.1307991665
-16.7419485634,13.1308304306
-16.7373374869,13.1308616122
-16.7327263984,13.1308927112
-16.7281152981,13.1309237277
-16.723504186,13.1309546617
-16.7188930621,13.130985513
-16.7142819273,13.1310162818
-16.7096707798,13.1310469681
-16.7649714928,13.1261541287
-16.7603605605,13.1261857118
-16.7557496161,13.1262172124
-16.7511386597,13.1262486304
-16.7465276922,13.126279966
-16.7419167118,13.126311219
-16.7373057195,13.1263423895
-16.7326947153,13.1263734774
-16.7280836992,13.1264044829
-16.7234726713,13.1264354058
-16.7188616316,13.1264662462
-16.714250581,13.1264970041
-16.7096395177,13.1265276794
-16.7649392323,13.1216349714
-16.7603283842,13.1216665432
-16.755717524,13.1216980326
-16.7511066517,13.1217294394
-16.7464957684,13.1217607638
-16.7418848722,13.1217920057
-16.7372739641,13.1218231651
-16.7326630441,13.121854242
-16.7280521121,13.1218852364
-16.7234411684,13.1219161483
-16.7188302129,13.1219469777
-16.7142192464,13.1219777246
-16.7096082674,13.122008389
-16.7649069839,13.1171158124
-16.7602962199,13.117147373
-16.7556854438,13.1171788511
-16.7510746557,13.1172102468
-16.7464638566,13.11724156
-16.7418530445,13.1172727908
-16.7372422206,13.117303939
-16.7326313847,13.1173350049
-16.7280205369,13.1173659882
-16.7234096773,13.1173968891
-16.7187988059,13.1174277075
-16.7648747476,13.1125966517
-16.7602640677,13.1126282011
-16.7556533757,13.112659668
-16.7510426718,13.1126910525
-16.7464319567,13.1127223545
-16.7418212288,13.1127535742
-16.7372104889,13.1127847113
-16.7325997371,13.1128157661
-16.723378198,13.1128776283
-16.7187674108,13.1129084357
-16.7648425234,13.1080774903
-16.7602319276,13.1081090284
-16.7556213197,13.1081404841
-16.7510106998,13.1081718574
-16.7464000688,13.1082031483
-16.741789425,13.1082343568
-16.7371787692,13.1082654829
-16.7233467306,13.1083583667
-16.7694208109,13.1035267171
-16.7648103112,13.1035583264
-16.7601997995,13.1035898532
-16.7555892757,13.1036212977
-16.7509787398,13.1036526598
-16.7463681929,13.1036839395
-16.7417576331,13.1037151369
-16.7371470614,13.1037462519
-16.7325364777,13.1037772845
-16.7693885269,13.0990075628
-16.7647781112,13.0990391607
-16.7601676834,13.0990706763
-16.7555572436,13.0991021096
-16.7509467918,13.0991334605
-16.7463363289,13.0991647291
-16.7417258531,13.0991959153
-16.7371153654,13.0992270192
-16.7325048658,13.0992580408
-16.7278943543,13.0992889799
-16.723283831,13.0993198368
-16.7693562549,13.0944884068
-16.7647459232,13.0945199934
-16.7601355795,13.0945514978
-16.7555252237,13.0945829199
-16.7509148558,13.0946142596
-16.7463044769,13.094645517
-16.7416940851,13.0946766921
-16.7370836814,13.0947077849
-16.7324732658,13.0947387954
-16.7278628383,13.0947697235
-16.723252399,13.0948005693
-16.7693239951,13.0899692491
-16.7647137474,13.0900008245
-16.7601034876,13.0900323176
-16.7554932157,13.0900637284
-16.7508829318,13.090095057
-16.7462726368,13.0901263032
-16.741662329,13.0901574672
-16.7370520092,13.0901885489
-16.7324416776,13.0902195483
-16.7692917474,13.0854500898
-16.7646815836,13.0854816539
-16.7600714077,13.0855131358
-16.7554612197,13.0855445354
-16.7508510198,13.0855758527
-16.7462408088,13.0856070878
-16.7416305848,13.0856382407
-16.737020349,13.0856693113
-16.7324101013,13.0857002996
-16.7277998417,13.0857312057
-16.7692595118,13.0809309297
-16.7646494319,13.0809624825
-16.7600393399,13.0809939532
-16.7554292358,13.0810253416
-16.7508191198,13.0810566477
-16.7462089926,13.0810878717
-16.7415988526,13.0811190134
-16.7369887007,13.0811500729
-16.7323785368,13.0811810501
-16.7277683611,13.0812119452
-16.7692272883,13.076411767
-16.7646172923,13.0764433086
-16.7600072841,13.076474768
-16.7553972639,13.0765061452
-16.7507872317,13.0765374402
-16.7461771884,13.076568653
-16.7415671323,13.0765997835
-16.7369570642,13.0766308319
-16.7323469842,13.0766617981
-16.7277368924,13.0766926821
