Date,NASA_IMERG_Late
2015-01-01,0.0
2015-01-02,0.0
2015-01-03,0.0
2015-01-04,0.4000000059604645
2015-01-05,0.30000001192092896
2015-01-06,0.0
2015-01-07,0.0
2015-01-08,0.20000000298023224
2015-01-09,0.0
2015-01-10,1.5
2015-01-11,0.800000011920929
2015-01-12,0.0
2015-01-13,0.10000000149011612
2015-01-14,0.0
2015-01-15,0.0
2015-01-16,0.0
2015-01-17,0.0
2015-01-18,0.0
2015-01-19,0.0
2015-01-20,0.0
2015-01-21,0.0
2015-01-22,0.30000001192092896
2015-01-23,0.0
2015-01-24,0.20000000298023224
2015-01-25,0.0
2015-01-26,0.10000000149011612
2015-01-27,0.0
2015-01-28,0.0
2015-01-29,0.0
2015-01-30,0.0
2015-01-31,0.0
2015-02-01,0.0
2015-02-02,0.10000000149011612
2015-02-03,0.0
2015-02-04,0.0
2015-02-05,0.0
2015-02-06,0.0
2015-02-07,0.10000000149011612
2015-02-08,0.0
2015-02-09,0.0
2015-02-10,0.0
2015-02-11,0.0
2015-02-12,0.0
2015-02-13,0.0
2015-02-14,0.0
2015-02-15,0.0
2015-02-16,0.0
2015-02-17,0.0
2015-02-18,0.10000000149011612
2015-02-19,0.0
2015-02-20,0.0
2015-02-21,0.0
2015-02-22,0.0
2015-02-23,0.0
2015-02-24,0.0
2015-02-25,0.0
2015-02-26,0.0
2015-02-27,0.0
2015-02-28,0.0
2015-03-01,0.0
2015-03-02,0.0
2015-03-03,0.0
2015-03-04,0.10000000149011612
2015-03-05,0.10000000149011612
2015-03-06,0.0
2015-03-07,0.0
2015-03-08,0.0
2015-03-09,0.0
2015-03-10,0.0
2015-03-11,0.0
2015-03-12,0.0
2015-03-13,0.20000000298023224
2015-03-14,0.20000000298023224
2015-03-15,0.20000000298023224
2015-03-16,0.6000000238418579
2015-03-17,0.10000000149011612
2015-03-18,5.400000095367432
2015-03-19,5.800000190734863
2015-03-20,0.0
2015-03-21,0.800000011920929
2015-03-22,0.0
2015-03-23,0.0
2015-03-24,0.0
2015-03-25,0.0
2015-03-26,0.0
2015-03-27,0.0
2015-03-28,0.0
2015-03-29,0.0
2015-03-30,0.0
2015-03-31,0.0
2015-04-01,0.0
2015-04-02,0.0
2015-04-03,0.0
2015-04-04,0.10000000149011612
2015-04-05,0.0
2015-04-06,0.0
2015-04-07,0.0
2015-04-08,0.0
2015-04-09,0.20000000298023224
2015-04-10,0.0
2015-04-11,0.0
2015-04-12,0.0
2015-04-13,0.0
2015-04-14,0.0
2015-04-15,0.0
2015-04-16,0.0
2015-04-17,0.0
2015-04-18,0.0
2015-04-19,0.0
2015-04-20,0.0
2015-04-21,0.0
2015-04-22,0.0
2015-04-23,0.0
2015-04-24,0.0
2015-04-25,0.0
2015-04-26,0.0
2015-04-27,0.0
2015-04-28,0.0
2015-04-29,0.0
2015-04-30,0.30000001192092896
2015-05-01,0.0
2015-05-02,0.0
2015-05-03,0.0
2015-05-04,0.4000000059604645
2015-05-05,0.30000001192092896
2015-05-06,0.0
2015-05-07,0.10000000149011612
2015-05-08,0.0
2015-05-09,0.0
2015-05-10,0.0
2015-05-11,0.0
2015-05-12,0.0
2015-05-13,0.0
2015-05-14,0.0
2015-05-15,0.0
2015-05-16,0.0
2015-05-17,0.0
2015-05-18,0.0
2015-05-19,0.0
2015-05-20,0.0
2015-05-21,0.0
2015-05-22,0.10000000149011612
2015-05-23,0.0
2015-05-24,0.0
2015-05-25,0.0
2015-05-26,0.0
2015-05-27,0.0
2015-05-28,0.0
2015-05-29,0.0
2015-05-30,0.10000000149011612
2015-05-31,0.9000000357627869
2015-06-01,0.0
2015-06-02,0.0
2015-06-03,0.0
2015-06-04,0.0
2015-06-05,0.0
2015-06-06,0.0
2015-06-07,0.0
2015-06-08,0.0
2015-06-09,0.0
2015-06-10,0.0
2015-06-11,0.20000000298023224
2015-06-12,0.0
2015-06-13,0.0
2015-06-14,0.0
2015-06-15,0.0
2015-06-16,3.200000047683716
2015-06-17,0.800000011920929
2015-06-18,0.0
2015-06-19,0.0
2015-06-20,0.0
2015-06-21,0.0
2015-06-22,0.0
2015-06-23,0.0
2015-06-24,0.0
2015-06-25,0.0
2015-06-26,0.0
2015-06-27,0.0
2015-06-28,0.0
2015-06-29,2.6000001430511475
2015-06-30,91.20000457763672
2015-07-01,6.300000190734863
2015-07-02,0.0
2015-07-03,0.0
2015-07-04,0.0
2015-07-05,0.0
2015-07-06,0.4000000059604645
2015-07-07,0.0
2015-07-08,7.300000190734863
2015-07-09,73.4000015258789
2015-07-10,3.5
2015-07-11,0.20000000298023224
2015-07-12,2.799999952316284
2015-07-13,9.800000190734863
2015-07-14,1.5
2015-07-15,132.6999969482422
2015-07-16,0.0
2015-07-17,0.0
2015-07-18,0.0
2015-07-19,11.600000381469727
2015-07-20,0.0
2015-07-21,0.0
2015-07-22,0.0
2015-07-23,0.0
2015-07-24,2.5
2015-07-25,38.20000076293945
2015-07-26,0.10000000149011612
2015-07-27,7.599999904632568
2015-07-28,1.899999976158142
2015-07-29,1.7000000476837158
2015-07-30,6.700000286102295
2015-07-31,18.200000762939453
2015-08-01,1.600000023841858
2015-08-02,0.30000001192092896
2015-08-03,0.0
2015-08-04,19.600000381469727
2015-08-05,2.799999952316284
2015-08-06,0.0
2015-08-07,0.0
2015-08-08,0.10000000149011612
2015-08-09,18.700000762939453
2015-08-10,0.5
2015-08-11,3.6000001430511475
2015-08-12,21.80000114440918
2015-08-13,1.0
2015-08-14,53.20000076293945
2015-08-15,4.800000190734863
2015-08-16,2.5
2015-08-17,31.200000762939453
2015-08-18,0.9000000357627869
2015-08-19,93.5
2015-08-20,43.60000228881836
2015-08-21,4.200000286102295
2015-08-22,16.700000762939453
2015-08-23,7.599999904632568
2015-08-24,0.30000001192092896
2015-08-25,22.600000381469727
2015-08-26,6.099999904632568
2015-08-27,0.0
2015-08-28,6.599999904632568
2015-08-29,14.699999809265137
2015-08-30,7.400000095367432
2015-08-31,5.700000286102295
2015-09-01,0.800000011920929
2015-09-02,0.20000000298023224
2015-09-03,34.29999923706055
2015-09-04,2.299999952316284
2015-09-05,0.0
2015-09-06,6.0
2015-09-07,8.5
2015-09-08,0.30000001192092896
2015-09-09,0.0
2015-09-10,21.100000381469727
2015-09-11,0.9000000357627869
2015-09-12,0.10000000149011612
2015-09-13,17.399999618530273
2015-09-14,0.10000000149011612
2015-09-15,17.899999618530273
2015-09-16,20.100000381469727
2015-09-17,0.0
2015-09-18,0.0
2015-09-19,10.0
2015-09-20,4.400000095367432
2015-09-21,16.700000762939453
2015-09-22,3.299999952316284
2015-09-23,1.399999976158142
2015-09-24,0.6000000238418579
2015-09-25,0.0
2015-09-26,28.80000114440918
2015-09-27,28.399999618530273
2015-09-28,2.6000001430511475
2015-09-29,24.200000762939453
2015-09-30,2.799999952316284
2015-10-01,2.4000000953674316
2015-10-02,0.0
2015-10-03,13.800000190734863
2015-10-04,0.20000000298023224
2015-10-05,0.6000000238418579
2015-10-06,14.800000190734863
2015-10-07,0.20000000298023224
2015-10-08,0.20000000298023224
2015-10-09,0.0
2015-10-10,0.20000000298023224
2015-10-11,0.0
2015-10-12,0.0
2015-10-13,29.399999618530273
2015-10-14,5.200000286102295
2015-10-15,0.30000001192092896
2015-10-16,6.200000286102295
2015-10-17,0.6000000238418579
2015-10-18,0.0
2015-10-19,0.10000000149011612
2015-10-20,2.4000000953674316
2015-10-21,20.30000114440918
2015-10-22,0.800000011920929
2015-10-23,36.70000076293945
2015-10-24,0.0
2015-10-25,3.799999952316284
2015-10-26,0.4000000059604645
2015-10-27,0.0
2015-10-28,0.10000000149011612
2015-10-29,0.0
2015-10-30,0.0
2015-10-31,0.0
2015-11-01,8.5
2015-11-02,0.5
2015-11-03,12.699999809265137
2015-11-04,0.0
2015-11-05,0.0
2015-11-06,0.0
2015-11-07,0.0
2015-11-08,0.0
2015-11-09,0.0
2015-11-10,0.0
2015-11-11,0.0
2015-11-12,0.699999988079071
2015-11-13,1.600000023841858
2015-11-14,0.10000000149011612
2015-11-15,0.0
2015-11-16,0.0
2015-11-17,0.0
2015-11-18,0.0
2015-11-19,0.0
2015-11-20,0.10000000149011612
2015-11-21,0.0
2015-11-22,1.600000023841858
2015-11-23,0.4000000059604645
2015-11-24,0.0
2015-11-25,0.30000001192092896
2015-11-26,0.0
2015-11-27,0.20000000298023224
2015-11-28,0.20000000298023224
2015-11-29,0.5
2015-11-30,0.6000000238418579
2015-12-01,0.0
2015-12-02,0.0
2015-12-03,0.0
2015-12-04,0.0
2015-12-05,0.0
2015-12-06,0.0
2015-12-07,0.0
2015-12-08,0.0
2015-12-09,0.0
2015-12-10,0.0
2015-12-11,0.0
2015-12-12,0.30000001192092896
2015-12-13,0.10000000149011612
2015-12-14,0.20000000298023224
2015-12-15,0.30000001192092896
2015-12-16,0.0
2015-12-17,0.0
2015-12-18,0.0
2015-12-19,0.0
2015-12-20,0.0
2015-12-21,0.0
2015-12-22,0.0
2015-12-23,0.0
2015-12-24,0.10000000149011612
2015-12-25,0.0
2015-12-26,2.200000047683716
2015-12-27,12.5
2015-12-28,8.800000190734863
2015-12-29,0.0
2015-12-30,0.6000000238418579
2015-12-31,0.10000000149011612
2016-01-01,0.0
2016-01-02,0.20000000298023224
2016-01-03,3.6000001430511475
2016-01-04,11.90000057220459
2016-01-05,0.0
2016-01-06,0.0
2016-01-07,0.0
2016-01-08,0.0
2016-01-09,0.0
2016-01-10,0.0
2016-01-11,0.0
2016-01-12,0.20000000298023224
2016-01-13,0.4000000059604645
2016-01-14,0.0
2016-01-15,0.10000000149011612
2016-01-16,0.0
2016-01-17,0.0
2016-01-18,0.0
2016-01-19,0.10000000149011612
2016-01-20,0.0
2016-01-21,1.7000000476837158
2016-01-22,0.0
2016-01-23,0.0
2016-01-24,0.0
2016-01-25,0.0
2016-01-26,0.0
2016-01-27,3.200000047683716
2016-01-28,0.20000000298023224
2016-01-29,0.0
2016-01-30,0.0
2016-01-31,0.0
2016-02-01,0.0
2016-02-02,0.0
2016-02-03,0.0
2016-02-04,0.0
2016-02-05,0.0
2016-02-06,0.0
2016-02-07,0.0
2016-02-08,0.0
2016-02-09,0.0
2016-02-10,0.0
2016-02-11,0.0
2016-02-12,0.0
2016-02-13,0.0
2016-02-14,0.0
2016-02-15,0.0
2016-02-16,0.0
2016-02-17,0.0
2016-02-18,0.0
2016-02-19,0.20000000298023224
2016-02-20,3.9000000953674316
2016-02-21,5.0
2016-02-22,0.10000000149011612
2016-02-23,0.0
2016-02-24,0.0
2016-02-25,0.0
2016-02-26,0.10000000149011612
2016-02-27,0.10000000149011612
2016-02-28,0.800000011920929
2016-02-29,1.3000000715255737
2016-03-01,2.1000001430511475
2016-03-02,0.699999988079071
2016-03-03,0.5
2016-03-04,1.100000023841858
2016-03-05,0.9000000357627869
2016-03-06,0.20000000298023224
2016-03-07,0.0
2016-03-08,0.0
2016-03-09,0.0
2016-03-10,0.0
2016-03-11,0.0
2016-03-12,0.0
2016-03-13,0.0
2016-03-14,0.0
2016-03-15,0.0
2016-03-16,0.0
2016-03-17,0.0
2016-03-18,0.0
2016-03-19,0.0
2016-03-20,0.0
2016-03-21,0.10000000149011612
2016-03-22,0.20000000298023224
2016-03-23,0.20000000298023224
2016-03-24,0.20000000298023224
2016-03-25,0.5
2016-03-26,0.0
2016-03-27,0.0
2016-03-28,0.0
2016-03-29,0.0
2016-03-30,0.0
2016-03-31,0.0
2016-04-01,0.0
2016-04-02,0.0
2016-04-03,0.0
2016-04-04,0.0
2016-04-05,0.0
2016-04-06,0.0
2016-04-07,0.0
2016-04-08,0.0
2016-04-09,0.0
2016-04-10,0.0
2016-04-11,0.0
2016-04-12,0.0
2016-04-13,0.0
2016-04-14,0.10000000149011612
2016-04-15,0.0
2016-04-16,0.0
2016-04-17,0.0
2016-04-18,0.0
2016-04-19,0.0
2016-04-20,0.0
2016-04-21,0.0
2016-04-22,0.0
2016-04-23,0.0
2016-04-24,0.0
2016-04-25,0.0
2016-04-26,0.0
2016-04-27,0.0
2016-04-28,0.0
2016-04-29,0.0
2016-04-30,0.0
2016-05-01,0.0
2016-05-02,0.0
2016-05-03,0.0
2016-05-04,0.0
2016-05-05,0.0
2016-05-06,0.10000000149011612
2016-05-07,0.0
2016-05-08,0.0
2016-05-09,0.0
2016-05-10,0.10000000149011612
2016-05-11,0.0
2016-05-12,0.0
2016-05-13,0.0
2016-05-14,0.0
2016-05-15,0.0
2016-05-16,0.0
2016-05-17,0.30000001192092896
2016-05-18,0.0
2016-05-19,0.0
2016-05-20,0.10000000149011612
2016-05-21,0.0
2016-05-22,0.20000000298023224
2016-05-23,0.800000011920929
2016-05-24,0.0
2016-05-25,0.0
2016-05-26,0.0
2016-05-27,0.30000001192092896
2016-05-28,1.2000000476837158
2016-05-29,0.30000001192092896
2016-05-30,0.0
2016-05-31,0.0
2016-06-01,0.9000000357627869
2016-06-02,0.5
2016-06-03,0.0
2016-06-04,0.0
2016-06-05,0.0
2016-06-06,0.0
2016-06-07,0.0
2016-06-08,0.10000000149011612
2016-06-09,0.0
2016-06-10,0.0
2016-06-11,0.0
2016-06-12,0.20000000298023224
2016-06-13,0.10000000149011612
2016-06-14,0.10000000149011612
2016-06-15,0.0
2016-06-16,0.0
2016-06-17,0.0
2016-06-18,0.0
2016-06-19,0.0
2016-06-20,0.0
2016-06-21,0.0
2016-06-22,0.0
2016-06-23,0.0
2016-06-24,0.10000000149011612
2016-06-25,1.399999976158142
2016-06-26,3.4000000953674316
2016-06-27,11.800000190734863
2016-06-28,25.5
2016-06-29,6.200000286102295
2016-06-30,5.599999904632568
2016-07-01,0.0
2016-07-02,0.0
2016-07-03,4.099999904632568
2016-07-04,1.7000000476837158
2016-07-05,0.10000000149011612
2016-07-06,0.0
2016-07-07,0.0
2016-07-08,0.0
2016-07-09,18.899999618530273
2016-07-10,0.0
2016-07-11,0.0
2016-07-12,0.0
2016-07-13,0.0
2016-07-14,0.20000000298023224
2016-07-15,4.300000190734863
2016-07-16,0.0
2016-07-17,0.0
2016-07-18,0.0
2016-07-19,2.5
2016-07-20,7.300000190734863
2016-07-21,5.700000286102295
2016-07-22,0.30000001192092896
2016-07-23,5.900000095367432
2016-07-24,61.900001525878906
2016-07-25,0.9000000357627869
2016-07-26,0.0
2016-07-27,2.0
2016-07-28,2.0
2016-07-29,1.899999976158142
2016-07-30,12.800000190734863
2016-07-31,2.5
2016-08-01,4.700000286102295
2016-08-02,0.0
2016-08-03,0.0
2016-08-04,0.0
2016-08-05,0.20000000298023224
2016-08-06,3.299999952316284
2016-08-07,0.0
2016-08-08,0.0
2016-08-09,0.0
2016-08-10,4.5
2016-08-11,25.30000114440918
2016-08-12,0.20000000298023224
2016-08-13,5.800000190734863
2016-08-14,0.5
2016-08-15,0.10000000149011612
2016-08-16,41.60000228881836
2016-08-17,2.1000001430511475
2016-08-18,0.10000000149011612
2016-08-19,6.400000095367432
2016-08-20,16.399999618530273
2016-08-21,14.40000057220459
2016-08-22,41.79999923706055
2016-08-23,0.0
2016-08-24,0.0
2016-08-25,0.20000000298023224
2016-08-26,1.8000000715255737
2016-08-27,22.600000381469727
2016-08-28,1.5
2016-08-29,59.70000076293945
2016-08-30,6.700000286102295
2016-08-31,6.700000286102295
2016-09-01,52.70000076293945
2016-09-02,3.6000001430511475
2016-09-03,7.099999904632568
2016-09-04,0.0
2016-09-05,1.399999976158142
2016-09-06,62.400001525878906
2016-09-07,0.0
2016-09-08,0.10000000149011612
2016-09-09,1.3000000715255737
2016-09-10,24.399999618530273
2016-09-11,15.300000190734863
2016-09-12,42.10000228881836
2016-09-13,27.5
2016-09-14,0.800000011920929
2016-09-15,0.30000001192092896
2016-09-16,11.199999809265137
2016-09-17,19.100000381469727
2016-09-18,1.8000000715255737
2016-09-19,6.300000190734863
2016-09-20,8.100000381469727
2016-09-21,0.0
2016-09-22,0.0
2016-09-23,14.699999809265137
2016-09-24,16.5
2016-09-25,25.5
2016-09-26,1.0
2016-09-27,48.20000076293945
2016-09-28,73.9000015258789
2016-09-29,14.0
2016-09-30,33.70000076293945
2016-10-01,0.10000000149011612
2016-10-02,0.10000000149011612
2016-10-03,0.0
2016-10-04,0.0
2016-10-05,0.0
2016-10-06,0.10000000149011612
2016-10-07,0.0
2016-10-08,0.0
2016-10-09,0.0
2016-10-10,0.20000000298023224
2016-10-11,0.0
2016-10-12,0.0
2016-10-13,0.0
2016-10-14,0.0
2016-10-15,2.299999952316284
2016-10-16,0.10000000149011612
2016-10-17,0.10000000149011612
2016-10-18,0.0
2016-10-19,0.0
2016-10-20,0.0
2016-10-21,0.0
2016-10-22,0.0
2016-10-23,0.0
2016-10-24,0.0
2016-10-25,0.0
2016-10-26,0.0
2016-10-27,0.0
2016-10-28,0.0
2016-10-29,0.0
2016-10-30,8.40000057220459
2016-10-31,0.699999988079071
2016-11-01,0.0
2016-11-02,0.0
2016-11-03,0.0
2016-11-04,0.20000000298023224
2016-11-05,0.800000011920929
2016-11-06,0.0
2016-11-07,0.30000001192092896
2016-11-08,0.10000000149011612
2016-11-09,0.0
2016-11-10,0.10000000149011612
2016-11-11,0.20000000298023224
2016-11-12,0.0
2016-11-13,0.0
2016-11-14,0.0
2016-11-15,0.20000000298023224
2016-11-16,1.8000000715255737
2016-11-17,0.0
2016-11-18,0.0
2016-11-19,0.0
2016-11-20,0.0
2016-11-21,0.0
2016-11-22,0.0
2016-11-23,0.0
2016-11-24,0.20000000298023224
2016-11-25,0.20000000298023224
2016-11-26,0.0
2016-11-27,0.0
2016-11-28,0.0
2016-11-29,0.0
2016-11-30,0.0
2016-12-01,0.0
2016-12-02,0.0
2016-12-03,0.0
2016-12-04,0.0
2016-12-05,0.0
2016-12-06,0.0
2016-12-07,0.0
2016-12-08,0.0
2016-12-09,0.0
2016-12-10,0.0
2016-12-11,0.20000000298023224
2016-12-12,0.0
2016-12-13,0.0
2016-12-14,0.0
2016-12-15,1.3000000715255737
2016-12-16,0.0
2016-12-17,0.9000000357627869
2016-12-18,1.0
2016-12-19,0.6000000238418579
2016-12-20,0.0
2016-12-21,0.0
2016-12-22,0.0
2016-12-23,0.0
2016-12-24,0.10000000149011612
2016-12-25,0.0
2016-12-26,0.0
2016-12-27,0.0
2016-12-28,0.0
2016-12-29,0.0
2016-12-30,0.0
2016-12-31,0.0
2017-01-01,0.0
2017-01-02,0.0
2017-01-03,0.0
2017-01-04,0.0
2017-01-05,0.0
2017-01-06,0.0
2017-01-07,0.0
2017-01-08,0.0
2017-01-09,0.6000000238418579
2017-01-10,0.10000000149011612
2017-01-11,0.0
2017-01-12,0.0
2017-01-13,0.0
2017-01-14,0.0
2017-01-15,0.0
2017-01-16,0.0
2017-01-17,0.0
2017-01-18,0.0
2017-01-19,0.0
2017-01-20,0.0
2017-01-21,0.0
2017-01-22,0.0
2017-01-23,0.0
2017-01-24,0.0
2017-01-25,0.0
2017-01-26,0.0
2017-01-27,0.0
2017-01-28,0.0
2017-01-29,0.0
2017-01-30,0.0
2017-01-31,0.0
2017-02-01,0.0
2017-02-02,0.0
2017-02-03,0.0
2017-02-04,0.0
2017-02-05,0.0
2017-02-06,0.0
2017-02-07,0.0
2017-02-08,0.0
2017-02-09,0.0
2017-02-10,0.0
2017-02-11,0.5
2017-02-12,0.10000000149011612
2017-02-13,0.6000000238418579
2017-02-14,0.30000001192092896
2017-02-15,0.0
2017-02-16,0.0
2017-02-17,0.10000000149011612
2017-02-18,1.0
2017-02-19,0.699999988079071
2017-02-20,0.0
2017-02-21,0.0
2017-02-22,0.0
2017-02-23,0.0
2017-02-24,0.0
2017-02-25,0.0
2017-02-26,0.0
2017-02-27,0.0
2017-02-28,0.0
2017-03-01,0.0
2017-03-02,0.0
2017-03-03,0.0
2017-03-04,0.0
2017-03-05,0.0
2017-03-06,0.0
2017-03-07,0.0
2017-03-08,0.0
2017-03-09,0.0
2017-03-10,0.0
2017-03-11,0.0
2017-03-12,0.0
2017-03-13,0.0
2017-03-14,0.0
2017-03-15,0.9000000357627869
2017-03-16,0.20000000298023224
2017-03-17,0.0
2017-03-18,0.0
2017-03-19,0.0
2017-03-20,0.0
2017-03-21,0.0
2017-03-22,0.0
2017-03-23,0.0
2017-03-24,0.0
2017-03-25,0.0
2017-03-26,0.0
2017-03-27,0.0
2017-03-28,0.0
2017-03-29,0.0
2017-03-30,0.0
2017-03-31,0.0
2017-04-01,0.0
2017-04-02,0.0
2017-04-03,0.0
2017-04-04,0.0
2017-04-05,0.0
2017-04-06,0.0
2017-04-07,0.0
2017-04-08,0.0
2017-04-09,0.4000000059604645
2017-04-10,0.20000000298023224
2017-04-11,0.0
2017-04-12,0.10000000149011612
2017-04-13,0.0
2017-04-14,0.0
2017-04-15,0.0
2017-04-16,0.0
2017-04-17,0.0
2017-04-18,0.0
2017-04-19,0.0
2017-04-20,0.0
2017-04-21,0.0
2017-04-22,0.0
2017-04-23,0.0
2017-04-24,0.0
2017-04-25,0.0
2017-04-26,0.0
2017-04-27,0.0
2017-04-28,0.0
2017-04-29,0.0
2017-04-30,0.0
2017-05-01,0.0
2017-05-02,0.0
2017-05-03,0.0
2017-05-04,0.0
2017-05-05,0.0
2017-05-06,0.0
2017-05-07,0.0
2017-05-08,0.0
2017-05-09,0.0
2017-05-10,0.0
2017-05-11,0.0
2017-05-12,0.0
2017-05-13,0.0
2017-05-14,0.0
2017-05-15,0.10000000149011612
2017-05-16,0.0
2017-05-17,0.0
2017-05-18,0.0
2017-05-19,0.0
2017-05-20,0.0
2017-05-21,0.0
2017-05-22,0.0
2017-05-23,0.10000000149011612
2017-05-24,0.5
2017-05-25,0.0
2017-05-26,0.0
2017-05-27,0.0
2017-05-28,0.9000000357627869
2017-05-29,0.0
2017-05-30,0.20000000298023224
2017-05-31,0.0
2017-06-01,0.0
2017-06-02,0.0
2017-06-03,0.0
2017-06-04,0.30000001192092896
2017-06-05,0.0
2017-06-06,0.0
2017-06-07,0.0
2017-06-08,0.0
2017-06-09,0.0
2017-06-10,0.20000000298023224
2017-06-11,0.0
2017-06-12,0.0
2017-06-13,0.0
2017-06-14,0.0
2017-06-15,0.0
2017-06-16,0.0
2017-06-17,0.0
2017-06-18,2.700000047683716
2017-06-19,0.0
2017-06-20,0.0
2017-06-21,0.0
2017-06-22,23.80000114440918
2017-06-23,0.30000001192092896
2017-06-24,0.4000000059604645
2017-06-25,0.0
2017-06-26,21.600000381469727
2017-06-27,9.40000057220459
2017-06-28,23.0
2017-06-29,4.700000286102295
2017-06-30,12.0
2017-07-01,49.5
2017-07-02,1.8000000715255737
2017-07-03,0.10000000149011612
2017-07-04,0.0
2017-07-05,0.0
2017-07-06,2.200000047683716
2017-07-07,4.900000095367432
2017-07-08,39.10000228881836
2017-07-09,0.0
2017-07-10,0.0
2017-07-11,0.5
2017-07-12,0.800000011920929
2017-07-13,11.100000381469727
2017-07-14,15.40000057220459
2017-07-15,0.9000000357627869
2017-07-16,1.399999976158142
2017-07-17,26.899999618530273
2017-07-18,0.0
2017-07-19,2.200000047683716
2017-07-20,6.099999904632568
2017-07-21,50.0
2017-07-22,0.10000000149011612
2017-07-23,0.0
2017-07-24,20.600000381469727
2017-07-25,6.099999904632568
2017-07-26,0.0
2017-07-27,0.0
2017-07-28,2.0
2017-07-29,50.60000228881836
2017-07-30,31.80000114440918
2017-07-31,7.900000095367432
2017-08-01,0.4000000059604645
2017-08-02,21.30000114440918
2017-08-03,24.899999618530273
2017-08-04,0.0
2017-08-05,0.0
2017-08-06,0.20000000298023224
2017-08-07,0.4000000059604645
2017-08-08,5.0
2017-08-09,14.800000190734863
2017-08-10,89.70000457763672
2017-08-11,16.200000762939453
2017-08-12,30.600000381469727
2017-08-13,27.100000381469727
2017-08-14,0.30000001192092896
2017-08-15,1.2000000476837158
2017-08-16,13.90000057220459
2017-08-17,10.699999809265137
2017-08-18,17.80000114440918
2017-08-19,0.10000000149011612
2017-08-20,59.60000228881836
2017-08-21,6.900000095367432
2017-08-22,9.0
2017-08-23,44.400001525878906
2017-08-24,1.0
2017-08-25,1.100000023841858
2017-08-26,21.399999618530273
2017-08-27,6.400000095367432
2017-08-28,6.200000286102295
2017-08-29,1.100000023841858
2017-08-30,0.6000000238418579
2017-08-31,13.199999809265137
2017-09-01,0.0
2017-09-02,0.0
2017-09-03,0.0
2017-09-04,0.5
2017-09-05,5.0
2017-09-06,0.0
2017-09-07,0.0
2017-09-08,7.400000095367432
2017-09-09,2.299999952316284
2017-09-10,0.10000000149011612
2017-09-11,0.0
2017-09-12,0.10000000149011612
2017-09-13,0.6000000238418579
2017-09-14,2.9000000953674316
2017-09-15,0.0
2017-09-16,0.0
2017-09-17,0.0
2017-09-18,9.600000381469727
2017-09-19,8.0
2017-09-20,0.0
2017-09-21,0.0
2017-09-22,0.0
2017-09-23,0.10000000149011612
2017-09-24,0.699999988079071
2017-09-25,14.0
2017-09-26,0.0
2017-09-27,0.0
2017-09-28,0.0
2017-09-29,1.0
2017-09-30,0.0
2017-10-01,0.0
2017-10-02,7.900000095367432
2017-10-03,0.699999988079071
2017-10-04,0.10000000149011612
2017-10-05,0.10000000149011612
2017-10-06,0.0
2017-10-07,0.0
2017-10-08,0.9000000357627869
2017-10-09,0.0
2017-10-10,0.0
2017-10-11,0.0
2017-10-12,20.700000762939453
2017-10-13,0.0
2017-10-14,0.0
2017-10-15,0.0
2017-10-16,4.099999904632568
2017-10-17,0.10000000149011612
2017-10-18,0.0
2017-10-19,0.0
2017-10-20,0.0
2017-10-21,0.0
2017-10-22,0.0
2017-10-23,0.0
2017-10-24,0.0
2017-10-25,0.0
2017-10-26,0.0
2017-10-27,0.0
2017-10-28,0.0
2017-10-29,0.4000000059604645
2017-10-30,0.699999988079071
2017-10-31,0.0
2017-11-01,0.0
2017-11-02,0.0
2017-11-03,0.4000000059604645
2017-11-04,0.0
2017-11-05,0.4000000059604645
2017-11-06,0.800000011920929
2017-11-07,0.6000000238418579
2017-11-08,0.10000000149011612
2017-11-09,0.10000000149011612
2017-11-10,0.0
2017-11-11,0.0
2017-11-12,0.0
2017-11-13,0.0
2017-11-14,0.0
2017-11-15,0.0
2017-11-16,0.0
2017-11-17,0.6000000238418579
2017-11-18,0.0
2017-11-19,0.0
2017-11-20,0.0
2017-11-21,0.0
2017-11-22,0.0
2017-11-23,0.0
2017-11-24,0.0
2017-11-25,0.0
2017-11-26,0.0
2017-11-27,0.0
2017-11-28,0.0
2017-11-29,0.10000000149011612
2017-11-30,0.0
2017-12-01,0.0
2017-12-02,0.0
2017-12-03,0.0
2017-12-04,0.0
2017-12-05,0.0
2017-12-06,0.0
2017-12-07,0.0
2017-12-08,0.0
2017-12-09,0.0
2017-12-10,0.0
2017-12-11,0.0
2017-12-12,0.0
2017-12-13,0.0
2017-12-14,0.0
2017-12-15,0.0
2017-12-16,0.0
2017-12-17,0.0
2017-12-18,0.0
2017-12-19,1.2000000476837158
2017-12-20,0.30000001192092896
2017-12-21,3.1000001430511475
2017-12-22,0.0
2017-12-23,0.0
2017-12-24,0.0
2017-12-25,0.0
2017-12-26,0.0
2017-12-27,0.0
2017-12-28,0.0
2017-12-29,0.0
2017-12-30,0.0
2017-12-31,0.0
2018-01-01,0.0
2018-01-02,0.10000000149011612
2018-01-03,0.0
2018-01-04,0.10000000149011612
2018-01-05,0.0
2018-01-06,0.0
2018-01-07,0.0
2018-01-08,0.0
2018-01-09,0.0
2018-01-10,0.0
2018-01-11,0.0
2018-01-12,0.0
2018-01-13,0.0
2018-01-14,0.0
2018-01-15,0.0
2018-01-16,0.0
2018-01-17,0.0
2018-01-18,0.0
2018-01-19,0.0
2018-01-20,0.0
2018-01-21,0.0
2018-01-22,0.0
2018-01-23,0.0
2018-01-24,0.0
2018-01-25,0.0
2018-01-26,0.0
2018-01-27,0.0
2018-01-28,0.20000000298023224
2018-01-29,0.0
2018-01-30,0.0
2018-01-31,0.10000000149011612
2018-02-01,0.0
2018-02-02,2.1000001430511475
2018-02-03,0.4000000059604645
2018-02-04,0.30000001192092896
2018-02-05,2.6000001430511475
2018-02-06,8.800000190734863
2018-02-07,0.20000000298023224
2018-02-08,0.10000000149011612
2018-02-09,0.20000000298023224
2018-02-10,0.4000000059604645
2018-02-11,0.10000000149011612
2018-02-12,0.0
2018-02-13,0.0
2018-02-14,0.0
2018-02-15,0.0
2018-02-16,0.0
2018-02-17,0.0
2018-02-18,0.0
2018-02-19,0.0
2018-02-20,0.0
2018-02-21,0.0
2018-02-22,0.0
2018-02-23,0.0
2018-02-24,0.0
2018-02-25,0.0
2018-02-26,0.0
2018-02-27,0.0
2018-02-28,0.0
2018-03-01,0.0
2018-03-02,0.0
2018-03-03,0.0
2018-03-04,0.0
2018-03-05,0.0
2018-03-06,0.0
2018-03-07,0.0
2018-03-08,0.0
2018-03-09,0.0
2018-03-10,0.10000000149011612
2018-03-11,0.0
2018-03-12,0.0
2018-03-13,0.0
2018-03-14,0.0
2018-03-15,0.0
2018-03-16,0.0
2018-03-17,0.0
2018-03-18,0.0
2018-03-19,0.0
2018-03-20,0.0
2018-03-21,0.0
2018-03-22,0.0
2018-03-23,0.0
2018-03-24,0.0
2018-03-25,0.0
2018-03-26,0.10000000149011612
2018-03-27,0.4000000059604645
2018-03-28,0.10000000149011612
2018-03-29,0.10000000149011612
2018-03-30,0.0
2018-03-31,0.0
2018-04-01,0.0
2018-04-02,0.0
2018-04-03,0.0
2018-04-04,0.10000000149011612
2018-04-05,0.0
2018-04-06,0.0
2018-04-07,0.0
2018-04-08,0.0
2018-04-09,0.0
2018-04-10,0.10000000149011612
2018-04-11,0.0
2018-04-12,0.0
2018-04-13,0.0
2018-04-14,0.0
2018-04-15,0.0
2018-04-16,0.0
2018-04-17,0.0
2018-04-18,0.0
2018-04-19,0.0
2018-04-20,0.0
2018-04-21,0.0
2018-04-22,0.0
2018-04-23,0.0
2018-04-24,0.0
2018-04-25,0.0
2018-04-26,0.0
2018-04-27,0.0
2018-04-28,0.0
2018-04-29,0.0
2018-04-30,0.0
2018-05-01,0.0
2018-05-02,0.0
2018-05-03,0.0
2018-05-04,0.0
2018-05-05,0.0
2018-05-06,0.0
2018-05-07,0.0
2018-05-08,0.0
2018-05-09,0.0
2018-05-10,0.0
2018-05-11,0.0
2018-05-12,0.0
2018-05-13,0.0
2018-05-14,0.0
2018-05-15,0.9000000357627869
2018-05-16,0.0
2018-05-17,0.0
2018-05-18,0.0
2018-05-19,0.0
2018-05-20,0.0
2018-05-21,0.0
2018-05-22,0.0
2018-05-23,0.0
2018-05-24,0.0
2018-05-25,0.0
2018-05-26,0.0
2018-05-27,0.0
2018-05-28,0.0
2018-05-29,0.0
2018-05-30,0.0
2018-05-31,0.0
2018-06-01,0.0
2018-06-02,0.0
2018-06-03,0.0
2018-06-04,0.0
2018-06-05,0.10000000149011612
2018-06-06,0.10000000149011612
2018-06-07,0.800000011920929
2018-06-08,0.0
2018-06-09,0.0
2018-06-10,0.0
2018-06-11,0.0
2018-06-12,0.0
2018-06-13,0.10000000149011612
2018-06-14,2.5
2018-06-15,7.300000190734863
2018-06-16,1.100000023841858
2018-06-17,0.0
2018-06-18,0.800000011920929
2018-06-19,0.20000000298023224
2018-06-20,0.0
2018-06-21,0.0
2018-06-22,0.0
2018-06-23,0.10000000149011612
2018-06-24,0.0
2018-06-25,0.4000000059604645
2018-06-26,0.20000000298023224
2018-06-27,19.5
2018-06-28,0.20000000298023224
2018-06-29,0.0
2018-06-30,0.20000000298023224
2018-07-01,0.5
2018-07-02,3.6000001430511475
2018-07-03,6.300000190734863
2018-07-04,4.300000190734863
2018-07-05,0.20000000298023224
2018-07-06,24.80000114440918
2018-07-07,4.400000095367432
2018-07-08,11.5
2018-07-09,10.0
2018-07-10,72.5999984741211
2018-07-11,7.0
2018-07-12,0.0
2018-07-13,1.899999976158142
2018-07-14,0.30000001192092896
2018-07-15,0.0
2018-07-16,0.0
2018-07-17,4.400000095367432
2018-07-18,2.299999952316284
2018-07-19,29.30000114440918
2018-07-20,1.5
2018-07-21,0.800000011920929
2018-07-22,12.0
2018-07-23,5.400000095367432
2018-07-24,2.4000000953674316
2018-07-25,0.0
2018-07-26,0.0
2018-07-27,0.0
2018-07-28,3.299999952316284
2018-07-29,5.900000095367432
2018-07-30,0.0
2018-07-31,0.0
2018-08-01,0.0
2018-08-02,107.5999984741211
2018-08-03,14.800000190734863
2018-08-04,4.5
2018-08-05,3.4000000953674316
2018-08-06,0.0
2018-08-07,0.0
2018-08-08,6.800000190734863
2018-08-09,0.0
2018-08-10,49.20000076293945
2018-08-11,2.1000001430511475
2018-08-12,0.0
2018-08-13,1.600000023841858
2018-08-14,0.0
2018-08-15,0.6000000238418579
2018-08-16,2.5
2018-08-17,3.700000047683716
2018-08-18,11.199999809265137
2018-08-19,1.7000000476837158
2018-08-20,0.4000000059604645
2018-08-21,0.30000001192092896
2018-08-22,0.0
2018-08-23,24.200000762939453
2018-08-24,25.700000762939453
2018-08-25,1.5
2018-08-26,29.700000762939453
2018-08-27,2.299999952316284
2018-08-28,0.4000000059604645
2018-08-29,11.800000190734863
2018-08-30,21.30000114440918
2018-08-31,3.799999952316284
2018-09-01,0.9000000357627869
2018-09-02,8.600000381469727
2018-09-03,15.199999809265137
2018-09-04,4.5
2018-09-05,13.100000381469727
2018-09-06,21.100000381469727
2018-09-07,16.80000114440918
2018-09-08,0.6000000238418579
2018-09-09,7.900000095367432
2018-09-10,2.5
2018-09-11,10.90000057220459
2018-09-12,23.700000762939453
2018-09-13,0.9000000357627869
2018-09-14,2.0
2018-09-15,0.0
2018-09-16,0.0
2018-09-17,0.10000000149011612
2018-09-18,35.79999923706055
2018-09-19,0.10000000149011612
2018-09-20,0.0
2018-09-21,0.10000000149011612
2018-09-22,3.799999952316284
2018-09-23,21.700000762939453
2018-09-24,3.9000000953674316
2018-09-25,9.199999809265137
2018-09-26,3.299999952316284
2018-09-27,0.0
2018-09-28,0.0
2018-09-29,9.0
2018-09-30,1.0
2018-10-01,0.10000000149011612
2018-10-02,5.200000286102295
2018-10-03,0.10000000149011612
2018-10-04,0.800000011920929
2018-10-05,0.30000001192092896
2018-10-06,0.20000000298023224
2018-10-07,33.70000076293945
2018-10-08,4.800000190734863
2018-10-09,0.0
2018-10-10,0.0
2018-10-11,0.0
2018-10-12,0.0
2018-10-13,0.0
2018-10-14,0.0
2018-10-15,0.10000000149011612
2018-10-16,9.600000381469727
2018-10-17,0.0
2018-10-18,0.20000000298023224
2018-10-19,0.0
2018-10-20,0.30000001192092896
2018-10-21,0.30000001192092896
2018-10-22,0.0
2018-10-23,0.0
2018-10-24,0.0
2018-10-25,0.0
2018-10-26,0.0
2018-10-27,0.0
2018-10-28,0.0
2018-10-29,0.0
2018-10-30,0.0
2018-10-31,0.0
2018-11-01,0.0
2018-11-02,0.20000000298023224
2018-11-03,0.0
2018-11-04,0.0
2018-11-05,0.0
2018-11-06,0.0
2018-11-07,1.2000000476837158
2018-11-08,0.4000000059604645
2018-11-09,0.0
2018-11-10,0.0
2018-11-11,0.0
2018-11-12,0.20000000298023224
2018-11-13,5.300000190734863
2018-11-14,0.20000000298023224
2018-11-15,1.399999976158142
2018-11-16,0.20000000298023224
2018-11-17,2.6000001430511475
2018-11-18,2.700000047683716
2018-11-19,1.8000000715255737
2018-11-20,0.0
2018-11-21,0.0
2018-11-22,0.0
2018-11-23,0.0
2018-11-24,0.10000000149011612
2018-11-25,0.0
2018-11-26,1.2000000476837158
2018-11-27,0.0
2018-11-28,0.0
2018-11-29,0.10000000149011612
2018-11-30,0.0
2018-12-01,0.0
2018-12-02,0.0
2018-12-03,0.0
2018-12-04,0.0
2018-12-05,0.0
2018-12-06,0.0
2018-12-07,0.0
2018-12-08,0.0
2018-12-09,0.0
2018-12-10,0.0
2018-12-11,0.0
2018-12-12,0.0
2018-12-13,0.0
2018-12-14,0.0
2018-12-15,0.20000000298023224
2018-12-16,0.0
2018-12-17,0.0
2018-12-18,0.0
2018-12-19,0.0
2018-12-20,0.10000000149011612
2018-12-21,0.4000000059604645
2018-12-22,0.0
2018-12-23,0.0
2018-12-24,0.0
2018-12-25,0.0
2018-12-26,0.10000000149011612
2018-12-27,0.0
2018-12-28,0.0
2018-12-29,0.0
2018-12-30,0.0
2018-12-31,0.0
2019-01-01,0.10000000149011612
2019-01-02,0.0
2019-01-03,0.0
2019-01-04,0.0
2019-01-05,0.0
2019-01-06,0.0
2019-01-07,1.100000023841858
2019-01-08,0.30000001192092896
2019-01-09,0.0
2019-01-10,0.5
2019-01-11,1.100000023841858
2019-01-12,0.20000000298023224
2019-01-13,0.10000000149011612
2019-01-14,0.0
2019-01-15,0.0
2019-01-16,0.0
2019-01-17,0.0
2019-01-18,0.0
2019-01-19,0.0
2019-01-20,0.0
2019-01-21,0.0
2019-01-22,0.0
2019-01-23,0.0
2019-01-24,0.0
2019-01-25,0.0
2019-01-26,0.10000000149011612
2019-01-27,0.0
2019-01-28,0.0
2019-01-29,0.0
2019-01-30,0.0
2019-01-31,0.0
2019-02-01,0.0
2019-02-02,0.0
2019-02-03,0.20000000298023224
2019-02-04,0.10000000149011612
2019-02-05,0.0
2019-02-06,0.0
2019-02-07,0.0
2019-02-08,1.399999976158142
2019-02-09,0.30000001192092896
2019-02-10,0.0
2019-02-11,0.0
2019-02-12,0.0
2019-02-13,0.0
2019-02-14,0.10000000149011612
2019-02-15,3.700000047683716
2019-02-16,7.5
2019-02-17,1.7000000476837158
2019-02-18,0.0
2019-02-19,2.1000001430511475
2019-02-20,0.30000001192092896
2019-02-21,2.700000047683716
2019-02-22,1.2000000476837158
2019-02-23,0.20000000298023224
2019-02-24,0.0
2019-02-25,0.0
2019-02-26,0.0
2019-02-27,0.0
2019-02-28,0.0
2019-03-01,0.0
2019-03-02,0.0
2019-03-03,0.0
2019-03-04,0.0
2019-03-05,0.0
2019-03-06,0.0
2019-03-07,0.0
2019-03-08,0.0
2019-03-09,0.0
2019-03-10,0.0
2019-03-11,0.0
2019-03-12,0.0
2019-03-13,0.0
2019-03-14,0.0
2019-03-15,0.0
2019-03-16,0.0
2019-03-17,0.0
2019-03-18,0.0
2019-03-19,0.0
2019-03-20,0.0
2019-03-21,0.0
2019-03-22,8.600000381469727
2019-03-23,2.4000000953674316
2019-03-24,0.0
2019-03-25,0.0
2019-03-26,0.0
2019-03-27,0.0
2019-03-28,0.0
2019-03-29,0.0
2019-03-30,0.0
2019-03-31,0.0
2019-04-01,0.0
2019-04-02,0.0
2019-04-03,0.0
2019-04-04,0.6000000238418579
2019-04-05,0.0
2019-04-06,0.0
2019-04-07,0.0
2019-04-08,0.0
2019-04-09,0.0
2019-04-10,0.0
2019-04-11,0.0
2019-04-12,0.0
2019-04-13,0.0
2019-04-14,0.0
2019-04-15,0.0
2019-04-16,0.0
2019-04-17,0.0
2019-04-18,0.0
2019-04-19,0.10000000149011612
2019-04-20,0.0
2019-04-21,0.0
2019-04-22,0.0
2019-04-23,0.0
2019-04-24,0.0
2019-04-25,0.0
2019-04-26,0.0
2019-04-27,0.0
2019-04-28,0.0
2019-04-29,0.0
2019-04-30,0.0
2019-05-01,0.0
2019-05-02,0.0
2019-05-03,0.0
2019-05-04,0.0
2019-05-05,0.0
2019-05-06,0.0
2019-05-07,0.0
2019-05-08,0.0
2019-05-09,0.0
2019-05-10,0.0
2019-05-11,0.0
2019-05-12,0.0
2019-05-13,0.0
2019-05-14,0.0
2019-05-15,0.0
2019-05-16,0.0
2019-05-17,0.0
2019-05-18,0.20000000298023224
2019-05-19,0.5
2019-05-20,0.0
2019-05-21,0.0
2019-05-22,0.0
2019-05-23,0.0
2019-05-24,0.0
2019-05-25,0.0
2019-05-26,0.0
2019-05-27,0.0
2019-05-28,0.0
2019-05-29,0.0
2019-05-30,0.0
2019-05-31,0.0
2019-06-01,0.0
2019-06-02,0.0
2019-06-03,0.0
2019-06-04,0.0
2019-06-05,0.0
2019-06-06,0.0
2019-06-07,0.0
2019-06-08,0.0
2019-06-09,0.0
2019-06-10,0.0
2019-06-11,1.399999976158142
2019-06-12,0.10000000149011612
2019-06-13,0.0
2019-06-14,0.20000000298023224
2019-06-15,0.20000000298023224
2019-06-16,0.0
2019-06-17,0.0
2019-06-18,0.9000000357627869
2019-06-19,2.4000000953674316
2019-06-20,0.0
2019-06-21,0.0
2019-06-22,0.0
2019-06-23,1.100000023841858
2019-06-24,0.699999988079071
2019-06-25,0.0
2019-06-26,0.0
2019-06-27,0.0
2019-06-28,0.800000011920929
2019-06-29,0.9000000357627869
2019-07-01,13.40000057220459
2019-07-02,0.30000001192092896
2019-07-03,2.9000000953674316
2019-07-04,0.6000000238418579
2019-07-05,0.10000000149011612
2019-07-06,20.0
2019-07-07,0.0
2019-07-08,0.4000000059604645
2019-07-09,0.0
2019-07-10,2.1000001430511475
2019-07-11,3.5
2019-07-12,0.10000000149011612
2019-07-13,13.300000190734863
2019-07-14,6.200000286102295
2019-07-15,0.0
2019-07-16,0.4000000059604645
2019-07-17,0.0
2019-07-18,0.0
2019-07-19,0.9000000357627869
2019-07-20,0.0
2019-07-21,0.0
2019-07-22,0.0
2019-07-23,3.299999952316284
2019-07-24,1.600000023841858
2019-07-25,52.10000228881836
2019-07-26,2.4000000953674316
2019-07-27,0.0
2019-07-28,28.899999618530273
2019-07-29,0.6000000238418579
2019-07-30,0.0
2019-07-31,12.800000190734863
2019-08-01,0.0
2019-08-02,0.6000000238418579
2019-08-03,0.0
2019-08-04,0.0
2019-08-05,0.0
2019-08-06,0.30000001192092896
2019-08-07,0.0
2019-08-08,0.0
2019-08-09,0.0
2019-08-10,0.0
2019-08-11,13.600000381469727
2019-08-12,11.600000381469727
2019-08-13,0.0
2019-08-14,0.20000000298023224
2019-08-15,1.8000000715255737
2019-08-16,12.40000057220459
2019-08-17,3.5
2019-08-18,28.5
2019-08-19,0.10000000149011612
2019-08-20,2.200000047683716
2019-08-21,27.80000114440918
2019-08-22,4.400000095367432
2019-08-23,0.0
2019-08-24,0.20000000298023224
2019-08-25,1.2000000476837158
2019-08-26,2.5
2019-08-27,14.100000381469727
2019-08-28,2.200000047683716
2019-08-29,39.900001525878906
2019-08-30,8.699999809265137
2019-08-31,1.0
2019-09-01,4.400000095367432
2019-09-02,16.399999618530273
2019-09-03,0.0
2019-09-04,5.200000286102295
2019-09-05,0.800000011920929
2019-09-06,4.400000095367432
2019-09-07,10.300000190734863
2019-09-08,21.30000114440918
2019-09-09,18.399999618530273
2019-09-10,13.40000057220459
2019-09-11,2.700000047683716
2019-09-12,4.599999904632568
2019-09-13,5.700000286102295
2019-09-14,8.800000190734863
2019-09-15,0.10000000149011612
2019-09-16,36.60000228881836
2019-09-17,0.699999988079071
2019-09-18,0.0
2019-09-19,6.400000095367432
2019-09-20,21.80000114440918
2019-09-21,4.900000095367432
2019-09-22,21.700000762939453
2019-09-23,0.9000000357627869
2019-09-24,0.0
2019-09-25,0.10000000149011612
2019-09-26,0.0
2019-09-27,0.0
2019-09-28,0.0
2019-09-29,0.5
2019-09-30,5.700000286102295
2019-10-01,0.0
2019-10-02,11.800000190734863
2019-10-03,15.40000057220459
2019-10-04,6.400000095367432
2019-10-05,1.5
2019-10-06,0.10000000149011612
2019-10-07,18.100000381469727
2019-10-08,6.700000286102295
2019-10-09,0.4000000059604645
2019-10-10,0.0
2019-10-11,0.0
2019-10-12,0.0
2019-10-13,9.199999809265137
2019-10-14,0.9000000357627869
2019-10-15,9.0
2019-10-16,2.5
2019-10-17,0.0
2019-10-18,0.0
2019-10-19,0.0
2019-10-20,0.0
2019-10-21,0.0
2019-10-22,0.0
2019-10-23,0.0
2019-10-24,1.399999976158142
2019-10-25,0.6000000238418579
2019-10-26,0.0
2019-10-27,0.0
2019-10-28,0.0
2019-10-29,0.0
2019-10-30,0.0
2019-10-31,0.0
2019-11-01,0.0
2019-11-02,0.0
2019-11-03,0.6000000238418579
2019-11-04,0.20000000298023224
2019-11-05,0.0
2019-11-06,0.0
2019-11-07,0.0
2019-11-08,0.0
2019-11-09,0.0
2019-11-10,0.0
2019-11-11,0.10000000149011612
2019-11-12,0.0
2019-11-13,0.20000000298023224
2019-11-14,0.0
2019-11-15,0.10000000149011612
2019-11-16,0.10000000149011612
2019-11-17,0.30000001192092896
2019-11-18,0.0
2019-11-19,0.20000000298023224
2019-11-20,0.0
2019-11-21,0.0
2019-11-22,0.0
2019-11-23,0.0
2019-11-24,0.0
2019-11-25,0.0
2019-11-26,0.0
2019-11-27,0.0
2019-11-28,0.0
2019-11-29,0.0
2019-11-30,0.0
2019-12-01,0.0
2019-12-02,0.0
2019-12-03,0.10000000149011612
2019-12-04,0.10000000149011612
2019-12-05,0.10000000149011612
2019-12-06,0.0
2019-12-07,0.10000000149011612
2019-12-08,4.599999904632568
2019-12-09,0.5
2019-12-10,0.30000001192092896
2019-12-11,0.4000000059604645
2019-12-12,0.20000000298023224
2019-12-13,0.0
2019-12-14,0.0
2019-12-15,0.0
2019-12-16,0.0
2019-12-17,0.0
2019-12-18,0.0
2019-12-19,0.0
2019-12-20,0.0
2019-12-21,0.0
2019-12-22,0.0
2019-12-23,0.0
2019-12-24,0.0
2019-12-25,0.0
2019-12-26,0.0
2019-12-27,0.0
2019-12-28,0.0
2019-12-29,0.0
2019-12-30,0.0
2019-12-31,0.0
2020-01-01,0.30000001192092896
2020-01-02,0.9000000357627869
2020-01-03,0.30000001192092896
2020-01-04,0.0
2020-01-05,0.0
2020-01-06,0.0
2020-01-07,3.9000000953674316
2020-01-08,0.0
2020-01-09,0.9000000357627869
2020-01-10,0.0
2020-01-11,0.0
2020-01-12,0.0
2020-01-13,0.0
2020-01-14,0.0
2020-01-15,1.3000000715255737
2020-01-16,2.4000000953674316
2020-01-17,0.0
2020-01-18,2.0
2020-01-19,0.10000000149011612
2020-01-20,3.299999952316284
2020-01-21,0.9000000357627869
2020-01-22,6.900000095367432
2020-01-23,17.80000114440918
2020-01-24,7.099999904632568
2020-01-25,0.6000000238418579
2020-01-26,0.0
2020-01-27,0.0
2020-01-28,0.4000000059604645
2020-01-29,0.0
2020-01-30,0.0
2020-01-31,0.0
2020-02-01,0.0
2020-02-02,0.0
2020-02-03,0.30000001192092896
2020-02-04,0.0
2020-02-05,0.0
2020-02-06,0.0
2020-02-07,0.0
2020-02-08,0.0
2020-02-09,0.0
2020-02-10,0.0
2020-02-11,0.0
2020-02-12,0.0
2020-02-13,0.0
2020-02-14,0.0
2020-02-15,0.0
2020-02-16,1.3000000715255737
2020-02-17,0.9000000357627869
2020-02-18,0.0
2020-02-19,0.0
2020-02-20,0.0
2020-02-21,0.0
2020-02-22,0.0
2020-02-23,0.9000000357627869
2020-02-24,0.800000011920929
2020-02-25,0.0
2020-02-26,0.0
2020-02-27,0.0
2020-02-28,0.0
2020-02-29,0.0
2020-03-01,0.0
2020-03-02,0.0
2020-03-03,0.0
2020-03-04,0.0
2020-03-05,0.0
2020-03-06,0.0
2020-03-07,0.0
2020-03-08,0.0
2020-03-09,0.0
2020-03-10,0.0
2020-03-11,0.0
2020-03-12,0.0
2020-03-13,0.0
2020-03-14,0.0
2020-03-15,0.0
2020-03-16,0.10000000149011612
2020-03-17,0.0
2020-03-18,0.0
2020-03-19,0.0
2020-03-20,0.0
2020-03-21,0.0
2020-03-22,0.0
2020-03-23,0.0
2020-03-24,0.0
2020-03-25,0.0
2020-03-26,0.0
2020-03-27,0.0
2020-03-28,0.0
2020-03-29,0.0
2020-03-30,0.0
2020-03-31,0.0
2020-04-01,0.0
2020-04-02,0.0
2020-04-03,0.0
2020-04-04,0.0
2020-04-05,0.0
2020-04-06,0.0
2020-04-07,0.0
2020-04-08,0.0
2020-04-09,0.0
2020-04-10,0.0
2020-04-11,0.0
2020-04-12,0.0
2020-04-13,0.0
2020-04-14,0.0
2020-04-15,0.0
2020-04-16,0.20000000298023224
2020-04-17,0.0
2020-04-18,0.0
2020-04-19,0.0
2020-04-20,0.0
2020-04-21,0.0
2020-04-22,0.0
2020-04-23,0.0
2020-04-24,0.0
2020-04-25,0.0
2020-04-26,0.20000000298023224
2020-04-27,0.0
2020-04-28,0.0
2020-04-29,0.0
2020-04-30,0.0
2020-05-01,0.0
2020-05-02,0.0
2020-05-03,0.0
2020-05-04,0.0
2020-05-05,0.0
2020-05-06,0.0
2020-05-07,0.0
2020-05-08,0.30000001192092896
2020-05-09,0.0
2020-05-10,0.0
2020-05-11,0.0
2020-05-12,0.0
2020-05-13,0.0
2020-05-14,0.0
2020-05-15,0.0
2020-05-16,0.0
2020-05-17,0.0
2020-05-18,0.800000011920929
2020-05-19,0.20000000298023224
2020-05-20,0.0
2020-05-21,0.0
2020-05-22,0.0
2020-05-23,0.0
2020-05-24,0.0
2020-05-25,0.0
2020-05-26,0.0
2020-05-27,0.0
2020-05-28,0.0
2020-05-29,0.0
2020-05-30,0.30000001192092896
2020-05-31,0.0
2020-06-01,0.6000000238418579
2020-06-02,0.10000000149011612
2020-06-03,0.0
2020-06-04,0.0
2020-06-05,0.0
2020-06-06,0.10000000149011612
2020-06-07,0.0
2020-06-08,0.20000000298023224
2020-06-09,2.4000000953674316
2020-06-10,0.30000001192092896
2020-06-11,0.10000000149011612
2020-06-12,0.0
2020-06-13,15.100000381469727
2020-06-14,0.0
2020-06-15,32.10000228881836
2020-06-16,0.0
2020-06-17,0.0
2020-06-18,0.0
2020-06-19,0.20000000298023224
2020-06-20,1.899999976158142
2020-06-21,0.0
2020-06-22,0.10000000149011612
2020-06-23,0.0
2020-06-24,0.0
2020-06-25,2.1000001430511475
2020-06-26,0.10000000149011612
2020-06-27,3.1000001430511475
2020-06-28,0.0
2020-06-29,0.0
2020-06-30,0.0
2020-07-01,12.100000381469727
2020-07-02,57.400001525878906
2020-07-03,0.10000000149011612
2020-07-04,0.0
2020-07-05,0.0
2020-07-06,0.0
2020-07-07,3.9000000953674316
2020-07-08,0.0
2020-07-09,0.0
2020-07-10,0.10000000149011612
2020-07-11,24.100000381469727
2020-07-12,1.899999976158142
2020-07-13,0.30000001192092896
2020-07-14,33.70000076293945
2020-07-15,23.399999618530273
2020-07-16,2.799999952316284
2020-07-17,15.300000190734863
2020-07-18,7.800000190734863
2020-07-19,0.5
2020-07-20,37.20000076293945
2020-07-21,22.399999618530273
2020-07-22,0.30000001192092896
2020-07-23,2.200000047683716
2020-07-24,23.80000114440918
2020-07-25,25.200000762939453
2020-07-26,0.6000000238418579
2020-07-27,14.199999809265137
2020-07-28,40.70000076293945
2020-07-29,0.800000011920929
2020-07-30,4.599999904632568
2020-07-31,20.5
2020-08-01,1.2000000476837158
2020-08-02,5.0
2020-08-03,0.20000000298023224
2020-08-04,1.899999976158142
2020-08-05,0.800000011920929
2020-08-06,0.10000000149011612
2020-08-07,0.10000000149011612
2020-08-08,0.0
2020-08-09,127.0999984741211
2020-08-10,27.0
2020-08-11,0.0
2020-08-12,57.10000228881836
2020-08-13,15.5
2020-08-14,4.700000286102295
2020-08-15,30.399999618530273
2020-08-16,0.10000000149011612
2020-08-17,0.0
2020-08-18,0.0
2020-08-19,1.399999976158142
2020-08-20,47.5
2020-08-21,7.900000095367432
2020-08-22,0.5
2020-08-23,12.300000190734863
2020-08-24,0.10000000149011612
2020-08-25,2.0
2020-08-26,40.10000228881836
2020-08-27,4.099999904632568
2020-08-28,0.6000000238418579
2020-08-29,12.800000190734863
2020-08-30,2.200000047683716
2020-08-31,0.5
2020-09-01,36.79999923706055
2020-09-02,20.600000381469727
2020-09-03,1.100000023841858
2020-09-04,7.800000190734863
2020-09-05,45.400001525878906
2020-09-06,13.600000381469727
2020-09-07,0.30000001192092896
2020-09-08,0.0
2020-09-09,17.700000762939453
2020-09-10,21.5
2020-09-11,7.200000286102295
2020-09-12,3.299999952316284
2020-09-13,0.10000000149011612
2020-09-14,0.0
2020-09-15,63.400001525878906
2020-09-16,17.30000114440918
2020-09-17,2.700000047683716
2020-09-18,3.799999952316284
2020-09-19,9.199999809265137
2020-09-20,0.0
2020-09-21,8.300000190734863
2020-09-22,0.0
2020-09-23,0.10000000149011612
2020-09-24,5.400000095367432
2020-09-25,0.10000000149011612
2020-09-26,17.600000381469727
2020-09-27,4.599999904632568
2020-09-28,5.700000286102295
2020-09-29,0.0
2020-09-30,11.800000190734863
2020-10-01,4.200000286102295
2020-10-02,0.0
2020-10-03,0.0
2020-10-04,12.5
2020-10-05,11.40000057220459
2020-10-06,1.0
2020-10-07,3.0
2020-10-08,34.10000228881836
2020-10-09,0.0
2020-10-10,0.0
2020-10-11,0.0
2020-10-12,10.40000057220459
2020-10-13,2.299999952316284
2020-10-14,0.800000011920929
2020-10-15,0.4000000059604645
2020-10-16,0.0
2020-10-17,1.600000023841858
2020-10-18,0.0
2020-10-19,0.0
2020-10-20,0.0
2020-10-21,0.0
2020-10-22,0.0
2020-10-23,0.0
2020-10-24,0.0
2020-10-25,0.0
2020-10-26,0.0
2020-10-27,0.0
2020-10-28,0.0
2020-10-29,0.0
2020-10-30,0.0
2020-10-31,0.10000000149011612
2020-11-01,0.4000000059604645
2020-11-02,0.0
2020-11-03,0.0
2020-11-04,0.0
2020-11-05,0.10000000149011612
2020-11-06,0.0
2020-11-07,0.0
2020-11-08,0.0
2020-11-09,0.0
2020-11-10,0.0
2020-11-11,0.0
2020-11-12,0.0
2020-11-13,0.0
2020-11-14,0.0
2020-11-15,0.0
2020-11-16,0.0
2020-11-17,0.10000000149011612
2020-11-18,0.0
2020-11-19,0.0
2020-11-20,0.0
2020-11-21,0.0
2020-11-22,0.0
2020-11-23,0.0
2020-11-24,0.0
2020-11-25,0.0
2020-11-26,0.0
2020-11-27,0.0
2020-11-28,0.0
2020-11-29,0.10000000149011612
2020-11-30,0.30000001192092896
2020-12-01,0.0
2020-12-02,0.0
2020-12-03,0.0
2020-12-04,0.0
2020-12-05,0.0
2020-12-06,0.0
2020-12-07,0.0
2020-12-08,0.0
2020-12-09,0.0
2020-12-10,0.0
2020-12-11,0.0
2020-12-12,0.0
2020-12-13,0.0
2020-12-14,0.0
2020-12-15,0.0
2020-12-16,0.0
2020-12-17,0.10000000149011612
2020-12-18,0.10000000149011612
2020-12-19,0.0
2020-12-20,0.0
2020-12-21,0.0
2020-12-22,0.0
2020-12-23,0.10000000149011612
2020-12-24,0.0
2020-12-25,0.0
2020-12-26,0.0
2020-12-27,0.10000000149011612
2020-12-28,0.0
2020-12-29,0.0
2020-12-30,0.0
2020-12-31,0.0
2021-01-01,0.0
2021-01-02,0.0
2021-01-03,0.0
2021-01-04,0.0
2021-01-05,0.0
2021-01-06,0.0
2021-01-07,0.0
2021-01-08,0.0
2021-01-09,0.0
2021-01-10,0.0
2021-01-11,0.0
2021-01-12,0.0
2021-01-13,0.0
2021-01-14,0.0
2021-01-15,0.0
2021-01-16,0.0
2021-01-17,4.700000286102295
2021-01-18,0.0
2021-01-19,0.0
2021-01-20,0.0
2021-01-21,0.0
2021-01-22,0.10000000149011612
2021-01-23,0.0
2021-01-24,0.0
2021-01-25,0.0
2021-01-26,0.0
2021-01-27,0.0
2021-01-28,0.0
2021-01-29,0.0
2021-01-30,0.0
2021-01-31,0.0
2021-02-01,0.0
2021-02-02,0.0
2021-02-03,2.700000047683716
2021-02-04,3.6000001430511475
2021-02-05,0.800000011920929
2021-02-06,3.5
2021-02-07,0.10000000149011612
2021-02-08,0.0
2021-02-09,3.799999952316284
2021-02-10,1.600000023841858
2021-02-11,2.1000001430511475
2021-02-12,0.0
2021-02-13,0.0
2021-02-14,0.0
2021-02-15,0.0
2021-02-16,0.10000000149011612
2021-02-17,11.0
2021-02-18,1.5
2021-02-19,0.0
2021-02-20,0.20000000298023224
2021-02-21,0.0
2021-02-22,0.0
2021-02-23,0.0
2021-02-24,0.0
2021-02-25,0.0
2021-02-26,0.0
2021-02-27,0.0
2021-02-28,0.0
2021-03-01,0.0
2021-03-02,0.10000000149011612
2021-03-03,0.0
2021-03-04,0.0
2021-03-05,0.10000000149011612
2021-03-06,0.0
2021-03-07,0.0
2021-03-08,0.0
2021-03-09,0.0
2021-03-10,0.0
2021-03-11,0.0
2021-03-12,0.0
2021-03-13,0.0
2021-03-14,0.0
2021-03-15,0.0
2021-03-16,0.0
2021-03-17,0.0
2021-03-18,0.0
2021-03-19,0.0
2021-03-20,0.0
2021-03-21,0.0
2021-03-22,0.0
2021-03-23,0.0
2021-03-24,0.0
2021-03-25,0.0
2021-03-26,0.0
2021-03-27,0.0
2021-03-28,0.0
2021-03-29,0.0
2021-03-30,0.0
2021-03-31,0.0
2021-04-01,0.0
2021-04-02,0.0
2021-04-03,0.0
2021-04-04,0.0
2021-04-05,0.0
2021-04-06,0.0
2021-04-07,0.0
2021-04-08,0.0
2021-04-09,0.0
2021-04-10,0.0
2021-04-11,0.0
2021-04-12,0.0
2021-04-13,0.10000000149011612
2021-04-14,0.0
2021-04-15,0.0
2021-04-16,0.0
2021-04-17,0.0
2021-04-18,0.0
2021-04-19,0.20000000298023224
2021-04-20,0.0
2021-04-21,0.0
2021-04-22,0.0
2021-04-23,0.0
2021-04-24,0.0
2021-04-25,0.0
2021-04-26,0.0
2021-04-27,0.0
2021-04-28,0.0
2021-04-29,0.0
2021-04-30,0.0
2021-05-01,0.0
2021-05-02,0.0
2021-05-03,0.0
2021-05-04,0.0
2021-05-05,0.0
2021-05-06,0.0
2021-05-07,0.0
2021-05-08,0.0
2021-05-09,0.0
2021-05-10,0.0
2021-05-11,0.0
2021-05-12,0.10000000149011612
2021-05-13,0.0
2021-05-14,0.10000000149011612
2021-05-15,0.0
2021-05-16,0.0
2021-05-17,0.0
2021-05-18,0.0
2021-05-19,0.0
2021-05-20,0.0
2021-05-21,0.0
2021-05-22,0.0
2021-05-23,0.0
2021-05-24,0.10000000149011612
2021-05-25,0.0
2021-05-26,0.0
2021-05-27,0.0
2021-05-28,0.0
2021-05-29,0.0
2021-05-30,0.0
2021-05-31,0.0
2021-06-01,0.0
2021-06-02,0.0
2021-06-03,0.0
2021-06-04,0.0
2021-06-05,0.0
2021-06-06,0.0
2021-06-07,0.0
2021-06-08,0.6000000238418579
2021-06-09,4.400000095367432
2021-06-10,0.10000000149011612
2021-06-11,45.5
2021-06-12,0.10000000149011612
2021-06-13,0.9000000357627869
2021-06-14,3.1000001430511475
2021-06-15,0.20000000298023224
2021-06-16,0.0
2021-06-17,0.0
2021-06-18,0.0
2021-06-19,0.0
2021-06-20,0.20000000298023224
2021-06-21,3.6000001430511475
2021-06-22,0.0
2021-06-23,0.0
2021-06-24,0.0
2021-06-25,0.0
2021-06-26,26.30000114440918
2021-06-27,37.900001525878906
2021-06-28,0.10000000149011612
2021-06-29,0.0
2021-06-30,0.0
2021-07-01,0.0
2021-07-02,37.70000076293945
2021-07-03,0.0
2021-07-04,0.0
2021-07-05,2.1000001430511475
2021-07-06,0.0
2021-07-07,66.4000015258789
2021-07-08,2.1000001430511475
2021-07-09,0.0
2021-07-10,0.0
2021-07-11,1.100000023841858
2021-07-12,20.600000381469727
2021-07-13,8.5
2021-07-14,0.20000000298023224
2021-07-15,0.20000000298023224
2021-07-16,6.0
2021-07-17,11.800000190734863
2021-07-18,57.5
2021-07-19,33.79999923706055
2021-07-20,0.0
2021-07-21,0.0
2021-07-22,0.0
2021-07-23,0.0
2021-07-24,3.299999952316284
2021-07-25,9.40000057220459
2021-07-26,0.0
2021-07-27,0.0
2021-07-28,23.899999618530273
2021-07-29,0.0
2021-07-30,90.20000457763672
2021-07-31,20.899999618530273
2021-08-01,0.20000000298023224
2021-08-02,11.800000190734863
2021-08-03,2.700000047683716
2021-08-04,0.9000000357627869
2021-08-05,27.399999618530273
2021-08-06,6.800000190734863
2021-08-07,8.600000381469727
2021-08-08,29.399999618530273
2021-08-09,0.4000000059604645
2021-08-10,0.699999988079071
2021-08-11,0.0
2021-08-12,0.0
2021-08-13,14.600000381469727
2021-08-14,1.5
2021-08-15,1.899999976158142
2021-08-16,6.400000095367432
2021-08-17,1.2000000476837158
2021-08-18,32.29999923706055
2021-08-19,8.5
2021-08-20,0.0
2021-08-21,9.800000190734863
2021-08-22,0.10000000149011612
2021-08-23,0.0
2021-08-24,0.0
2021-08-25,69.80000305175781
2021-08-26,0.4000000059604645
2021-08-27,2.5
2021-08-28,10.100000381469727
2021-08-29,3.0
2021-08-30,55.70000076293945
2021-08-31,23.700000762939453
2021-09-01,4.0
2021-09-02,11.199999809265137
2021-09-03,43.0
2021-09-04,2.799999952316284
2021-09-05,2.9000000953674316
2021-09-06,0.10000000149011612
2021-09-07,3.1000001430511475
2021-09-08,0.0
2021-09-09,0.5
2021-09-10,12.40000057220459
2021-09-11,0.10000000149011612
2021-09-12,34.79999923706055
2021-09-13,47.20000076293945
2021-09-14,31.0
2021-09-15,0.20000000298023224
2021-09-16,72.80000305175781
2021-09-17,7.200000286102295
2021-09-18,1.0
2021-09-19,13.699999809265137
2021-09-20,0.0
2021-09-21,0.0
2021-09-22,0.0
2021-09-23,32.5
2021-09-24,0.9000000357627869
2021-09-25,3.700000047683716
2021-09-26,0.5
2021-09-27,0.0
2021-09-28,0.0
2021-09-29,0.0
2021-09-30,0.0
2021-10-01,0.699999988079071
2021-10-02,6.0
2021-10-03,0.0
2021-10-04,0.6000000238418579
2021-10-05,20.899999618530273
2021-10-06,0.10000000149011612
2021-10-07,3.6000001430511475
2021-10-08,2.799999952316284
2021-10-09,1.3000000715255737
2021-10-10,0.0
2021-10-11,0.0
2021-10-12,0.6000000238418579
2021-10-13,1.100000023841858
2021-10-14,0.0
2021-10-15,0.0
2021-10-16,0.0
2021-10-17,0.10000000149011612
2021-10-18,0.20000000298023224
2021-10-19,0.0
2021-10-20,0.0
2021-10-21,0.0
2021-10-22,0.0
2021-10-23,10.300000190734863
2021-10-24,1.399999976158142
2021-10-25,4.400000095367432
2021-10-26,0.6000000238418579
2021-10-27,0.0
2021-10-28,0.699999988079071
2021-10-29,0.10000000149011612
2021-10-30,1.399999976158142
2021-10-31,0.0
2021-11-01,0.10000000149011612
2021-11-02,0.0
2021-11-03,0.0
2021-11-04,0.0
2021-11-05,0.0
2021-11-06,0.0
2021-11-07,0.0
2021-11-08,0.0
2021-11-09,0.0
2021-11-10,0.0
2021-11-11,1.2000000476837158
2021-11-12,0.5
2021-11-13,1.5
2021-11-14,1.600000023841858
2021-11-15,0.0
2021-11-16,0.0
2021-11-17,0.0
2021-11-18,1.5
2021-11-19,0.0
2021-11-20,0.0
2021-11-21,0.0
2021-11-22,0.0
2021-11-23,0.0
2021-11-24,0.0
2021-11-25,0.0
2021-11-26,0.0
2021-11-27,3.0
2021-11-28,0.0
2021-11-29,0.0
2021-11-30,0.0
2021-12-01,0.10000000149011612
2021-12-02,0.0
2021-12-03,0.20000000298023224
2021-12-04,0.0
2021-12-05,0.10000000149011612
2021-12-06,0.0
2021-12-07,0.0
2021-12-08,0.0
2021-12-09,0.0
2021-12-10,0.0
2021-12-11,0.10000000149011612
2021-12-12,0.0
2021-12-13,0.0
2021-12-14,0.0
2021-12-15,0.699999988079071
2021-12-16,0.0
2021-12-17,0.0
2021-12-18,0.0
2021-12-19,0.0
2021-12-20,0.0
2021-12-21,0.10000000149011612
2021-12-22,0.0
2021-12-23,0.0
2021-12-24,0.0
2021-12-25,0.0
2021-12-26,0.4000000059604645
2021-12-27,0.10000000149011612
2021-12-28,0.0
2021-12-29,0.0
2021-12-30,0.0
2021-12-31,0.0
2022-01-01,0.0
2022-01-02,0.0
2022-01-03,0.0
2022-01-04,0.0
2022-01-05,0.0
2022-01-06,0.0
2022-01-07,0.0
2022-01-08,0.10000000149011612
2022-01-09,0.10000000149011612
2022-01-10,2.9000000953674316
2022-01-11,0.0
2022-01-12,0.0
2022-01-13,0.0
2022-01-14,0.20000000298023224
2022-01-15,0.20000000298023224
2022-01-16,1.600000023841858
2022-01-17,0.0
2022-01-18,0.0
2022-01-19,0.0
2022-01-20,0.0
2022-01-21,0.0
2022-01-22,0.20000000298023224
2022-01-23,0.0
2022-01-24,2.1000001430511475
2022-01-25,0.6000000238418579
2022-01-26,0.4000000059604645
2022-01-27,0.0
2022-01-28,0.0
2022-01-29,0.20000000298023224
2022-01-30,0.0
2022-01-31,0.0
2022-02-01,0.0
2022-02-02,0.0
2022-02-03,0.0
2022-02-04,0.0
2022-02-05,0.0
2022-02-06,0.0
2022-02-07,0.0
2022-02-08,0.0
2022-02-09,0.0
2022-02-10,0.0
2022-02-11,0.0
2022-02-12,0.0
2022-02-13,0.0
2022-02-14,0.0
2022-02-15,0.0
2022-02-16,0.0
2022-02-17,0.0
2022-02-18,0.0
2022-02-19,0.0
2022-02-20,0.0
2022-02-21,0.0
2022-02-22,0.0
2022-02-23,0.0
2022-02-24,0.0
2022-02-25,0.0
2022-02-26,0.0
2022-02-27,0.0
2022-02-28,0.0
2022-03-01,0.0
2022-03-02,0.0
2022-03-03,0.0
2022-03-04,0.0
2022-03-05,0.0
2022-03-06,0.0
2022-03-07,0.0
2022-03-08,0.0
2022-03-09,0.10000000149011612
2022-03-10,0.0
2022-03-11,0.0
2022-03-12,0.0
2022-03-13,0.0
2022-03-14,0.0
2022-03-15,0.0
2022-03-16,0.0
2022-03-17,0.30000001192092896
2022-03-18,0.0
2022-03-19,2.200000047683716
2022-03-20,0.0
2022-03-21,0.0
2022-03-22,0.0
2022-03-23,0.0
2022-03-24,0.0
2022-03-25,0.0
2022-03-26,0.0
2022-03-27,0.10000000149011612
2022-03-28,0.30000001192092896
2022-03-29,0.0
2022-03-30,0.0
2022-03-31,0.0
2022-04-01,0.0
2022-04-02,0.0
2022-04-03,0.0
2022-04-04,0.0
2022-04-05,0.0
2022-04-06,0.0
2022-04-07,0.0
2022-04-08,0.0
2022-04-09,0.0
2022-04-10,0.0
2022-04-11,0.0
2022-04-12,0.0
2022-04-13,0.0
2022-04-14,0.0
2022-04-15,0.0
2022-04-16,0.0
2022-04-17,0.0
2022-04-18,0.0
2022-04-19,0.0
2022-04-20,0.0
2022-04-21,0.0
2022-04-22,0.0
2022-04-23,0.0
2022-04-24,0.0
2022-04-25,0.0
2022-04-26,0.0
2022-04-27,0.0
2022-04-28,0.0
2022-04-29,0.0
2022-04-30,0.0
2022-05-01,0.0
2022-05-02,0.0
2022-05-03,0.0
2022-05-04,0.0
2022-05-05,0.0
2022-05-06,0.0
2022-05-07,0.0
2022-05-08,0.0
2022-05-09,0.0
2022-05-10,0.0
2022-05-11,0.0
2022-05-12,0.0
2022-05-13,0.0
2022-05-14,0.0
2022-05-15,0.0
2022-05-16,0.0
2022-05-17,0.0
2022-05-18,0.0
2022-05-19,0.0
2022-05-20,0.0
2022-05-21,0.0
2022-05-22,0.6000000238418579
2022-05-23,0.0
2022-05-24,0.0
2022-05-25,0.0
2022-05-26,5.5
2022-05-27,57.0
2022-05-28,16.700000762939453
2022-05-29,0.30000001192092896
2022-05-30,0.0
2022-05-31,0.0
2022-06-01,0.0
2022-06-02,0.0
2022-06-03,0.0
2022-06-04,0.0
2022-06-05,0.0
2022-06-06,0.0
2022-06-07,0.0
2022-06-08,0.30000001192092896
2022-06-09,44.0
2022-06-10,0.0
2022-06-11,0.0
2022-06-12,0.0
2022-06-13,2.5
2022-06-14,2.9000000953674316
2022-06-15,11.800000190734863
2022-06-16,0.0
2022-06-17,2.0
2022-06-18,0.9000000357627869
2022-06-19,1.5
2022-06-20,2.299999952316284
2022-06-21,12.5
2022-06-22,0.30000001192092896
2022-06-23,42.0
2022-06-24,0.0
2022-06-25,3.700000047683716
2022-06-26,0.20000000298023224
2022-06-27,0.0
2022-06-28,0.800000011920929
2022-06-29,0.0
2022-06-30,0.0
2022-07-01,0.0
2022-07-02,0.0
2022-07-03,0.10000000149011612
2022-07-04,3.5
2022-07-05,0.0
2022-07-06,0.0
2022-07-07,0.20000000298023224
2022-07-08,47.10000228881836
2022-07-09,9.40000057220459
2022-07-10,0.10000000149011612
2022-07-11,0.10000000149011612
2022-07-12,4.900000095367432
2022-07-13,14.90000057220459
2022-07-14,1.100000023841858
2022-07-15,11.100000381469727
2022-07-16,1.3000000715255737
2022-07-17,0.0
2022-07-18,1.7000000476837158
2022-07-19,3.700000047683716
2022-07-20,23.0
2022-07-21,18.700000762939453
2022-07-22,16.899999618530273
2022-07-23,24.30000114440918
2022-07-24,22.100000381469727
2022-07-25,7.800000190734863
2022-07-26,0.0
2022-07-27,0.0
2022-07-28,0.0
2022-07-29,0.0
2022-07-30,8.600000381469727
2022-07-31,40.60000228881836
2022-08-01,0.10000000149011612
2022-08-02,9.300000190734863
2022-08-03,5.5
2022-08-04,6.200000286102295
2022-08-05,23.100000381469727
2022-08-06,0.5
2022-08-07,25.0
2022-08-08,54.400001525878906
2022-08-09,21.600000381469727
2022-08-10,0.0
2022-08-11,2.9000000953674316
2022-08-12,21.600000381469727
2022-08-13,4.599999904632568
2022-08-14,0.0
2022-08-15,14.90000057220459
2022-08-16,16.399999618530273
2022-08-17,7.200000286102295
2022-08-18,10.199999809265137
2022-08-19,23.899999618530273
2022-08-20,1.0
2022-08-21,24.399999618530273
2022-08-22,2.200000047683716
2022-08-23,0.800000011920929
2022-08-24,38.0
2022-08-25,0.0
2022-08-26,12.40000057220459
2022-08-27,5.400000095367432
2022-08-28,4.900000095367432
2022-08-29,12.800000190734863
2022-08-30,16.100000381469727
2022-08-31,19.30000114440918
2022-09-01,18.399999618530273
2022-09-02,56.10000228881836
2022-09-03,58.29999923706055
2022-09-04,3.9000000953674316
2022-09-05,0.0
2022-09-06,1.399999976158142
2022-09-07,6.599999904632568
2022-09-08,10.800000190734863
2022-09-09,6.700000286102295
2022-09-10,34.0
2022-09-11,11.800000190734863
2022-09-12,15.90000057220459
2022-09-13,1.899999976158142
2022-09-14,20.100000381469727
2022-09-15,0.0
2022-09-16,0.0
2022-09-17,0.10000000149011612
2022-09-18,7.599999904632568
2022-09-19,17.600000381469727
2022-09-20,0.0
2022-09-21,25.100000381469727
2022-09-22,8.199999809265137
2022-09-23,0.699999988079071
2022-09-24,8.40000057220459
2022-09-25,2.4000000953674316
2022-09-26,2.799999952316284
2022-09-27,0.5
2022-09-28,0.0
2022-09-29,8.199999809265137
2022-09-30,1.3000000715255737
2022-10-01,27.200000762939453
2022-10-02,4.800000190734863
2022-10-03,20.899999618530273
2022-10-04,0.0
2022-10-05,10.699999809265137
2022-10-06,0.0
2022-10-07,0.0
2022-10-08,41.60000228881836
2022-10-09,29.200000762939453
2022-10-10,0.0
2022-10-11,0.4000000059604645
2022-10-12,7.400000095367432
2022-10-13,0.4000000059604645
2022-10-14,39.20000076293945
2022-10-15,0.10000000149011612
2022-10-16,0.0
2022-10-17,1.399999976158142
2022-10-18,24.600000381469727
2022-10-19,1.600000023841858
2022-10-20,0.0
2022-10-21,0.0
2022-10-22,0.0
2022-10-23,1.100000023841858
2022-10-24,33.60000228881836
2022-10-25,4.900000095367432
2022-10-26,0.0
2022-10-27,0.0
2022-10-28,0.0
2022-10-29,0.0
2022-10-30,0.0
2022-10-31,0.0
2022-11-01,0.0
2022-11-02,0.0
2022-11-03,1.0
2022-11-04,0.10000000149011612
2022-11-05,0.0
2022-11-06,0.0
2022-11-07,0.20000000298023224
2022-11-08,0.800000011920929
2022-11-09,0.6000000238418579
2022-11-10,0.0
2022-11-11,0.699999988079071
2022-11-12,0.10000000149011612
2022-11-13,0.0
2022-11-14,0.699999988079071
2022-11-15,1.399999976158142
2022-11-16,0.4000000059604645
2022-11-17,0.0
2022-11-18,0.10000000149011612
2022-11-19,0.10000000149011612
2022-11-20,0.0
2022-11-21,0.0
2022-11-22,0.0
2022-11-23,0.0
2022-11-24,2.6000001430511475
2022-11-25,5.400000095367432
2022-11-26,0.6000000238418579
2022-11-27,0.0
2022-11-28,0.0
2022-11-29,0.0
2022-11-30,1.2000000476837158
2022-12-01,0.0
2022-12-02,0.0
2022-12-03,0.0
2022-12-04,0.0
2022-12-05,0.0
2022-12-06,0.0
2022-12-07,0.0
2022-12-08,0.0
2022-12-09,0.0
2022-12-10,0.0
2022-12-11,0.0
2022-12-12,0.0
2022-12-13,0.0
2022-12-14,0.0
2022-12-15,0.0
2022-12-16,0.0
2022-12-17,0.0
2022-12-18,0.0
2022-12-19,0.0
2022-12-20,0.0
2022-12-21,0.0
2022-12-22,0.0
2022-12-23,0.0
2022-12-24,0.0
2022-12-25,0.0
2022-12-26,0.0
2022-12-27,0.10000000149011612
2022-12-28,2.6000001430511475
2022-12-29,3.5
2022-12-30,3.9000000953674316
2022-12-31,0.0
