Date,LIS_ET
2015-01-01,0.700445294380188
2015-01-02,0.6643874645233154
2015-01-03,0.6329740881919861
2015-01-04,0.6581994295120239
2015-01-05,0.695287823677063
2015-01-06,0.6600008010864258
2015-01-07,0.6140819787979126
2015-01-08,0.5774230360984802
2015-01-09,0.5936205387115479
2015-01-10,0.5177452564239502
2015-01-11,0.5322410464286804
2015-01-12,0.48605775833129883
2015-01-13,0.4835851192474365
2015-01-14,0.519264280796051
2015-01-15,0.5017533302307129
2015-01-16,0.48890650272369385
2015-01-17,0.507177472114563
2015-01-18,0.5002638697624207
2015-01-19,0.46906477212905884
2015-01-20,0.48670583963394165
2015-01-21,0.48035478591918945
2015-01-22,0.4645836651325226
2015-01-23,0.4909939169883728
2015-01-24,0.4950152039527893
2015-01-25,0.49863672256469727
2015-01-26,0.49824121594429016
2015-01-27,0.4979454278945923
2015-01-28,0.4961823523044586
2015-01-29,0.4817362427711487
2015-01-30,0.48026421666145325
2015-01-31,0.4653881788253784
2015-02-01,0.4600350260734558
2015-02-02,0.43914592266082764
2015-02-03,0.4492343068122864
2015-02-04,0.43860888481140137
2015-02-05,0.4387470483779907
2015-02-06,0.43028461933135986
2015-02-07,0.41370388865470886
2015-02-08,0.40329527854919434
2015-02-09,0.4304393529891968
2015-02-10,0.42382240295410156
2015-02-11,0.4244760274887085
2015-02-12,0.41605424880981445
2015-02-13,0.4274475574493408
2015-02-14,0.4202300012111664
2015-02-15,0.4143536388874054
2015-02-16,0.42509517073631287
2015-02-17,0.4028070569038391
2015-02-18,0.42148393392562866
2015-02-19,0.4250946640968323
2015-02-20,0.4182155132293701
2015-02-21,0.41952022910118103
2015-02-22,0.42198777198791504
2015-02-23,0.40704843401908875
2015-02-24,0.3977068364620209
2015-02-25,0.39621347188949585
2015-02-26,0.4120727479457855
2015-02-27,0.42650556564331055
2015-02-28,0.41601431369781494
2015-03-01,0.4084111452102661
2015-03-02,0.4031073749065399
2015-03-03,0.39893776178359985
2015-03-04,0.37938612699508667
2015-03-05,0.34101998805999756
2015-03-06,0.365680068731308
2015-03-07,0.3589327037334442
2015-03-08,0.37078654766082764
2015-03-09,0.3740525543689728
2015-03-10,0.37287193536758423
2015-03-11,0.3584686517715454
2015-03-12,0.3572266399860382
2015-03-13,0.34432899951934814
2015-03-14,0.3414325714111328
2015-03-15,0.3133353590965271
2015-03-16,0.32624584436416626
2015-03-17,0.3440636992454529
2015-03-18,0.30175337195396423
2015-03-19,0.38879626989364624
2015-03-20,0.3532920479774475
2015-03-21,0.35557836294174194
2015-03-22,0.3527950346469879
2015-03-23,0.3553633987903595
2015-03-24,0.33897554874420166
2015-03-25,0.32351988554000854
2015-03-26,0.31308257579803467
2015-03-27,0.2930830717086792
2015-03-28,0.267974853515625
2015-03-29,0.30471882224082947
2015-03-30,0.3114892840385437
2015-03-31,0.28935670852661133
2015-04-01,0.2835416793823242
2015-04-02,0.2625155448913574
2015-04-03,0.2516789734363556
2015-04-04,0.2543798089027405
2015-04-05,0.24445831775665283
2015-04-06,0.24320831894874573
2015-04-07,0.2418953776359558
2015-04-08,0.22893975675106049
2015-04-09,0.20301033556461334
2015-04-10,0.21512535214424133
2015-04-11,0.19842520356178284
2015-04-12,0.19475264847278595
2015-04-13,0.1965978443622589
2015-04-14,0.20942682027816772
2015-04-15,0.18356497585773468
2015-04-16,0.19069984555244446
2015-04-17,0.19159187376499176
2015-04-18,0.19569888710975647
2015-04-19,0.19271159172058105
2015-04-20,0.1797482669353485
2015-04-21,0.18509012460708618
2015-04-22,0.17856307327747345
2015-04-23,0.17158031463623047
2015-04-24,0.15683826804161072
2015-04-25,0.1831037551164627
2015-04-26,0.1799035668373108
2015-04-27,0.18196630477905273
2015-04-28,0.1738508939743042
2015-04-29,0.17309348285198212
2015-04-30,0.15900883078575134
2015-05-01,0.16272711753845215
2015-05-02,0.174500972032547
2015-05-03,0.1658649444580078
2015-05-04,0.15122920274734497
2015-05-05,0.1468658149242401
2015-05-06,0.17226342856884003
2015-05-07,0.16621878743171692
2015-05-08,0.15373072028160095
2015-05-09,0.16983944177627563
2015-05-10,0.16879741847515106
2015-05-11,0.1596195250749588
2015-05-12,0.15504670143127441
2015-05-13,0.15554222464561462
2015-05-14,0.1541023701429367
2015-05-15,0.14911162853240967
2015-05-16,0.15332692861557007
2015-05-17,0.15272212028503418
2015-05-18,0.16315364837646484
2015-05-19,0.16694094240665436
2015-05-20,0.16211311519145966
2015-05-21,0.16625481843948364
2015-05-22,0.17525115609169006
2015-05-23,0.18913668394088745
2015-05-24,0.17631399631500244
2015-05-25,0.18710735440254211
2015-05-26,0.18232674896717072
2015-05-27,0.18717947602272034
2015-05-28,0.18654251098632812
2015-05-29,0.17067420482635498
2015-05-30,0.1699325293302536
2015-05-31,0.17676366865634918
2015-06-01,0.19286437332630157
2015-06-02,0.25732624530792236
2015-06-03,0.2802324891090393
2015-06-04,0.25951510667800903
2015-06-05,0.26011520624160767
2015-06-06,0.2480076253414154
2015-06-07,0.25728970766067505
2015-06-08,0.24775773286819458
2015-06-09,0.2613304853439331
2015-06-10,0.2708432674407959
2015-06-11,0.24869254231452942
2015-06-12,0.2658621370792389
2015-06-13,0.27698493003845215
2015-06-14,0.32824644446372986
2015-06-15,0.31566405296325684
2015-06-16,0.5087184906005859
2015-06-17,0.4508470296859741
2015-06-18,0.5711390376091003
2015-06-19,0.5670343637466431
2015-06-20,0.5862109661102295
2015-06-21,2.075956344604492
2015-06-22,1.4663677215576172
2015-06-23,1.2825781106948853
2015-06-24,1.1626287698745728
2015-06-25,1.0511744022369385
2015-06-26,1.0637316703796387
2015-06-27,1.041752815246582
2015-06-28,1.000046968460083
2015-06-29,0.9732006788253784
2015-06-30,0.02461358718574047
2015-07-01,2.250673770904541
2015-07-02,1.975165605545044
2015-07-03,1.7580573558807373
2015-07-04,1.678999423980713
2015-07-05,1.4781358242034912
2015-07-06,1.1527040004730225
2015-07-07,1.1090002059936523
2015-07-08,1.1684746742248535
2015-07-09,1.2252147197723389
2015-07-10,1.0793662071228027
2015-07-11,2.2105655670166016
2015-07-12,2.702376365661621
2015-07-13,3.185987710952759
2015-07-14,3.456329584121704
2015-07-15,4.062155723571777
2015-07-16,3.986347198486328
2015-07-17,3.1682615280151367
2015-07-18,2.8766183853149414
2015-07-19,3.729177951812744
2015-07-20,3.5009987354278564
2015-07-21,3.2599549293518066
2015-07-22,3.220839500427246
2015-07-23,2.8427248001098633
2015-07-24,2.3695383071899414
2015-07-25,4.134415149688721
2015-07-26,3.636134624481201
2015-07-27,3.2461442947387695
2015-07-28,3.4718761444091797
2015-07-29,3.26761794090271
2015-07-30,3.963438034057617
2015-07-31,3.689051389694214
2015-08-01,3.2319207191467285
2015-08-02,3.3501029014587402
2015-08-03,2.7732112407684326
2015-08-04,3.709207773208618
2015-08-05,3.717104434967041
2015-08-06,3.633888006210327
2015-08-07,2.8442869186401367
2015-08-08,3.026463508605957
2015-08-09,4.65037727355957
2015-08-10,4.511057376861572
2015-08-11,4.06199836730957
2015-08-12,2.3500890731811523
2015-08-13,4.0841217041015625
2015-08-14,4.883885383605957
2015-08-15,4.9768967628479
2015-08-16,4.41932487487793
2015-08-17,2.962337017059326
2015-08-18,4.353638648986816
2015-08-19,4.855049133300781
2015-08-20,3.4391913414001465
2015-08-21,4.139547348022461
2015-08-22,5.466390132904053
2015-08-23,4.18016242980957
2015-08-24,5.268440246582031
2015-08-25,5.27617073059082
2015-08-26,5.712327003479004
2015-08-27,5.146872520446777
2015-08-28,5.123136520385742
2015-08-29,4.3640546798706055
2015-08-30,4.109149932861328
2015-08-31,4.585200309753418
2015-09-01,2.719444751739502
2015-09-02,3.198546886444092
2015-09-03,5.245769500732422
2015-09-04,5.533247947692871
2015-09-05,5.199679851531982
2015-09-06,3.5264859199523926
2015-09-07,5.264081001281738
2015-09-08,3.283886432647705
2015-09-09,5.038785934448242
2015-09-10,4.83200740814209
2015-09-11,5.537698745727539
2015-09-12,5.350785255432129
2015-09-13,5.678363800048828
2015-09-14,5.6936540603637695
2015-09-15,5.2568254470825195
2015-09-16,4.746868133544922
2015-09-17,5.424101829528809
2015-09-18,5.7107696533203125
2015-09-19,5.543137550354004
2015-09-20,4.73826789855957
2015-09-21,4.804003715515137
2015-09-22,4.9078474044799805
2015-09-23,4.3648481369018555
2015-09-24,5.048521041870117
2015-09-25,4.68888521194458
2015-09-26,4.935725688934326
2015-09-27,5.377446174621582
2015-09-28,3.998955011367798
2015-09-29,5.411082744598389
2015-09-30,3.8858401775360107
2015-10-01,4.573153495788574
2015-10-02,5.149548530578613
2015-10-03,4.881987571716309
2015-10-04,5.202893257141113
2015-10-05,4.777946472167969
2015-10-06,4.028818130493164
2015-10-07,2.0241081714630127
2015-10-08,4.410478591918945
2015-10-09,4.642260551452637
2015-10-10,4.681593894958496
2015-10-11,4.611394882202148
2015-10-12,4.277606010437012
2015-10-13,4.034788131713867
2015-10-14,4.307689189910889
2015-10-15,4.250455856323242
2015-10-16,4.496954917907715
2015-10-17,4.351141929626465
2015-10-18,4.32532262802124
2015-10-19,4.219264984130859
2015-10-20,3.6599364280700684
2015-10-21,4.381419658660889
2015-10-22,4.359511375427246
2015-10-23,4.615858554840088
2015-10-24,4.301824569702148
2015-10-25,4.684603691101074
2015-10-26,4.355978965759277
2015-10-27,3.8401198387145996
2015-10-28,3.9708333015441895
2015-10-29,3.811171054840088
2015-10-30,3.5664119720458984
2015-10-31,3.7784557342529297
2015-11-01,3.55779767036438
2015-11-02,2.0311126708984375
2015-11-03,3.6978588104248047
2015-11-04,3.3148605823516846
2015-11-05,3.44960880279541
2015-11-06,3.25081205368042
2015-11-07,3.1084723472595215
2015-11-08,2.937774181365967
2015-11-09,2.9808058738708496
2015-11-10,2.890734910964966
2015-11-11,2.9128448963165283
2015-11-12,2.5293264389038086
2015-11-13,2.687164783477783
2015-11-14,2.8319344520568848
2015-11-15,2.7599024772644043
2015-11-16,2.743236541748047
2015-11-17,2.561854362487793
2015-11-18,2.3222475051879883
2015-11-19,2.372983932495117
2015-11-20,2.328627586364746
2015-11-21,2.1811139583587646
2015-11-22,1.893448829650879
2015-11-23,2.008669137954712
2015-11-24,1.9576889276504517
2015-11-25,1.9968125820159912
2015-11-26,1.9252607822418213
2015-11-27,1.7753500938415527
2015-11-28,1.7569540739059448
2015-11-29,1.7513982057571411
2015-11-30,1.7294092178344727
2015-12-01,1.7379820346832275
2015-12-02,1.5746939182281494
2015-12-03,1.5443061590194702
2015-12-04,1.4977141618728638
2015-12-05,1.4970924854278564
2015-12-06,1.369356393814087
2015-12-07,1.3539738655090332
2015-12-08,1.3021583557128906
2015-12-09,1.2916311025619507
2015-12-10,1.2314921617507935
2015-12-11,1.0233441591262817
2015-12-12,1.1332831382751465
2015-12-13,1.1054344177246094
2015-12-14,0.9904776811599731
2015-12-15,1.0219104290008545
2015-12-16,1.1255178451538086
2015-12-17,1.1133031845092773
2015-12-18,1.053525447845459
2015-12-19,1.0229175090789795
2015-12-20,0.9990552663803101
2015-12-21,0.9311913251876831
2015-12-22,0.9251166582107544
2015-12-23,0.9203555583953857
2015-12-24,0.9248853921890259
2015-12-25,0.9401602745056152
2015-12-26,0.8850153684616089
2015-12-27,0.7837619185447693
2015-12-28,0.9842579364776611
2015-12-29,1.0978807210922241
2015-12-30,0.9920914769172668
2015-12-31,0.9243637323379517
2016-01-01,0.9324160814285278
2016-01-02,0.791188657283783
2016-01-03,0.7133325338363647
2016-01-04,0.6285855174064636
2016-01-05,0.8253822326660156
2016-01-06,0.7816908359527588
2016-01-07,0.7826657295227051
2016-01-08,0.7648462653160095
2016-01-09,0.7691054344177246
2016-01-10,0.7563879489898682
2016-01-11,0.7367715239524841
2016-01-12,0.706313967704773
2016-01-13,0.6757032871246338
2016-01-14,0.6641490459442139
2016-01-15,0.6478257179260254
2016-01-16,0.674855649471283
2016-01-17,0.6897286176681519
2016-01-18,0.6446667313575745
2016-01-19,0.6334165334701538
2016-01-20,0.6499242782592773
2016-01-21,0.6368740797042847
2016-01-22,0.6456800103187561
2016-01-23,0.6409273147583008
2016-01-24,0.6653022766113281
2016-01-25,0.6312105059623718
2016-01-26,0.6155130863189697
2016-01-27,0.5369862914085388
2016-01-28,0.7453473806381226
2016-01-29,0.6621756553649902
2016-01-30,0.678443193435669
2016-01-31,0.6728416681289673
2016-02-01,0.6541674137115479
2016-02-02,0.6596757173538208
2016-02-03,0.6442204713821411
2016-02-04,0.5961815118789673
2016-02-05,0.5715590715408325
2016-02-06,0.5803619027137756
2016-02-07,0.5908206701278687
2016-02-08,0.6006698608398438
2016-02-09,0.5935753583908081
2016-02-10,0.5376424789428711
2016-02-11,0.5582432746887207
2016-02-12,0.5705868601799011
2016-02-13,0.5674869418144226
2016-02-14,0.5565394163131714
2016-02-15,0.5478625297546387
2016-02-16,0.5376783609390259
2016-02-17,0.5650918483734131
2016-02-18,0.5434485673904419
2016-02-19,0.563770055770874
2016-02-20,0.4989801049232483
2016-02-21,0.5340449810028076
2016-02-22,0.5448242425918579
2016-02-23,0.5271252393722534
2016-02-24,0.48940467834472656
2016-02-25,0.4872927665710449
2016-02-26,0.475336492061615
2016-02-27,0.4605892300605774
2016-02-28,0.5227926969528198
2016-02-29,0.5270650386810303
2016-03-01,0.48600301146507263
2016-03-02,0.49588072299957275
2016-03-03,0.5128111243247986
2016-03-04,0.48061254620552063
2016-03-05,0.46196794509887695
2016-03-06,0.490342378616333
2016-03-07,0.4819002151489258
2016-03-08,0.4892374277114868
2016-03-09,0.47652751207351685
2016-03-10,0.4939631223678589
2016-03-11,0.5097253322601318
2016-03-12,0.4900802969932556
2016-03-13,0.49259692430496216
2016-03-14,0.47943878173828125
2016-03-15,0.4589003920555115
2016-03-16,0.4425801932811737
2016-03-17,0.4477277398109436
2016-03-18,0.4343339204788208
2016-03-19,0.4051416516304016
2016-03-20,0.3877952992916107
2016-03-21,0.3973565399646759
2016-03-22,0.4017874598503113
2016-03-23,0.4193059206008911
2016-03-24,0.4317314326763153
2016-03-25,0.437775194644928
2016-03-26,0.3998226225376129
2016-03-27,0.3943125009536743
2016-03-28,0.35610783100128174
2016-03-29,0.3258407711982727
2016-03-30,0.37105777859687805
2016-03-31,0.37256813049316406
2016-04-01,0.3585752844810486
2016-04-02,0.3471640944480896
2016-04-03,0.3462550640106201
2016-04-04,0.3339087665081024
2016-04-05,0.3128364682197571
2016-04-06,0.3271922469139099
2016-04-07,0.32113534212112427
2016-04-08,0.30553603172302246
2016-04-09,0.2945370376110077
2016-04-10,0.2829180359840393
2016-04-11,0.26838964223861694
2016-04-12,0.2598608732223511
2016-04-13,0.2508804202079773
2016-04-14,0.2301602065563202
2016-04-15,0.23320645093917847
2016-04-16,0.24508723616600037
2016-04-17,0.22987590730190277
2016-04-18,0.2282041311264038
2016-04-19,0.2337040901184082
2016-04-20,0.21195942163467407
2016-04-21,0.21463246643543243
2016-04-22,0.1899939477443695
2016-04-23,0.24308602511882782
2016-04-24,0.24788029491901398
2016-04-25,0.23175331950187683
2016-04-26,0.22439086437225342
2016-04-27,0.22020870447158813
2016-04-28,0.23218819499015808
2016-04-29,0.22435489296913147
2016-04-30,0.2162870168685913
2016-05-01,0.1965632140636444
2016-05-02,0.18010005354881287
2016-05-03,0.2140766978263855
2016-05-04,0.19067631661891937
2016-05-05,0.2139647752046585
2016-05-06,0.1974256932735443
2016-05-07,0.2061891257762909
2016-05-08,0.20804190635681152
2016-05-09,0.18623623251914978
2016-05-10,0.19607698917388916
2016-05-11,0.19004999101161957
2016-05-12,0.18273450434207916
2016-05-13,0.18086570501327515
2016-05-14,0.1823643445968628
2016-05-15,0.18631944060325623
2016-05-16,0.20526078343391418
2016-05-17,0.1955554485321045
2016-05-18,0.18838194012641907
2016-05-19,0.21672365069389343
2016-05-20,0.2153117060661316
2016-05-21,0.22475463151931763
2016-05-22,0.2277938425540924
2016-05-23,0.21837565302848816
2016-05-24,0.22674700617790222
2016-05-25,0.2260293960571289
2016-05-26,0.21949297189712524
2016-05-27,0.23362982273101807
2016-05-28,0.2713660001754761
2016-05-29,0.23075644671916962
2016-05-30,0.2627977132797241
2016-05-31,0.24932092428207397
2016-06-01,0.25611796975135803
2016-06-02,0.26575905084609985
2016-06-03,0.2473333775997162
2016-06-04,0.28844016790390015
2016-06-05,0.27683162689208984
2016-06-06,0.2614718973636627
2016-06-07,0.25863146781921387
2016-06-08,0.26988714933395386
2016-06-09,0.29594486951828003
2016-06-10,0.2977343797683716
2016-06-11,0.3049638271331787
2016-06-12,0.2272334098815918
2016-06-13,0.2696520686149597
2016-06-14,0.3051331043243408
2016-06-15,0.340580552816391
2016-06-16,0.37251877784729004
2016-06-17,0.39162349700927734
2016-06-18,0.4140232503414154
2016-06-19,0.4384922385215759
2016-06-20,0.4882802367210388
2016-06-21,0.5279505252838135
2016-06-22,0.5728386640548706
2016-06-23,0.625296950340271
2016-06-24,0.659142017364502
2016-06-25,0.882819414138794
2016-06-26,0.7687427997589111
2016-06-27,1.1159697771072388
2016-06-28,4.116713523864746
2016-06-29,2.739109754562378
2016-06-30,3.2874228954315186
2016-07-01,
2016-07-02,
2016-07-03,
2016-07-04,
2016-07-05,
2016-07-06,
2016-07-07,
2016-07-08,
2016-07-09,
2016-07-10,
2016-07-11,
2016-07-12,
2016-07-13,
2016-07-14,
2016-07-15,
2016-07-16,
2016-07-17,
2016-07-18,
2016-07-19,
2016-07-20,2.869021415710449
2016-07-21,4.446054458618164
2016-07-22,3.582533121109009
2016-07-23,3.479848861694336
2016-07-24,3.7718143463134766
2016-07-25,3.9794540405273438
2016-07-26,3.9096951484680176
2016-07-27,3.967000961303711
2016-07-28,3.8777554035186768
2016-07-29,3.6226868629455566
2016-07-30,4.289340972900391
2016-07-31,4.616817474365234
2016-08-01,4.103911876678467
2016-08-02,3.7070505619049072
2016-08-03,3.405539035797119
2016-08-04,2.6782913208007812
2016-08-05,2.698301315307617
2016-08-06,1.979684829711914
2016-08-07,3.2379066944122314
2016-08-08,3.7552595138549805
2016-08-09,3.292449474334717
2016-08-10,3.0662307739257812
2016-08-11,2.1775639057159424
2016-08-12,3.732130527496338
2016-08-13,3.764191150665283
2016-08-14,4.59079122543335
2016-08-15,3.9517178535461426
2016-08-16,5.045011520385742
2016-08-17,4.668427467346191
2016-08-18,3.9750876426696777
2016-08-19,4.539554595947266
2016-08-20,1.6046035289764404
2016-08-21,4.030998229980469
2016-08-22,5.873003005981445
2016-08-23,4.3084893226623535
2016-08-24,3.414144515991211
2016-08-25,3.8417344093322754
2016-08-26,3.9282150268554688
2016-08-27,4.013512134552002
2016-08-28,4.028186321258545
2016-08-29,3.822876453399658
2016-08-30,2.8115081787109375
2016-08-31,4.300209999084473
2016-09-01,4.173266410827637
2016-09-02,5.327462196350098
2016-09-03,5.368147850036621
2016-09-04,5.33416748046875
2016-09-05,5.515924453735352
2016-09-06,3.4613356590270996
2016-09-07,5.079529762268066
2016-09-08,5.142285346984863
2016-09-09,4.70664119720459
2016-09-10,4.582422256469727
2016-09-11,5.001608848571777
2016-09-12,4.3524274826049805
2016-09-13,3.066387176513672
2016-09-14,5.443622589111328
2016-09-15,5.351938247680664
2016-09-16,4.257431983947754
2016-09-17,5.408346176147461
2016-09-18,4.235685348510742
2016-09-19,4.912714004516602
2016-09-20,4.129641532897949
2016-09-21,5.168525695800781
2016-09-22,5.0018310546875
2016-09-23,5.053383827209473
2016-09-24,5.052915573120117
2016-09-25,5.337471008300781
2016-09-26,5.083839416503906
2016-09-27,5.4412841796875
2016-09-28,2.097202777862549
2016-09-29,5.3844146728515625
2016-09-30,5.63485050201416
2016-10-01,5.459298133850098
2016-10-02,5.560110092163086
2016-10-03,5.236681938171387
2016-10-04,5.212003231048584
2016-10-05,5.186528205871582
2016-10-06,4.900692939758301
2016-10-07,5.129696846008301
2016-10-08,4.933310508728027
2016-10-09,4.843340873718262
2016-10-10,4.742371559143066
2016-10-11,4.634749889373779
2016-10-12,4.72877311706543
2016-10-13,4.609478950500488
2016-10-14,4.703215599060059
2016-10-15,4.557435035705566
2016-10-16,4.528356552124023
2016-10-17,4.514291763305664
2016-10-18,4.570971488952637
2016-10-19,4.239174842834473
2016-10-20,3.850015640258789
2016-10-21,3.9432640075683594
2016-10-22,4.234172821044922
2016-10-23,3.881272315979004
2016-10-24,4.046213150024414
2016-10-25,3.6700544357299805
2016-10-26,3.97031307220459
2016-10-27,3.940211296081543
2016-10-28,3.844593048095703
2016-10-29,3.628553867340088
2016-10-30,3.5766148567199707
2016-10-31,3.733839511871338
2016-11-01,3.6322667598724365
2016-11-02,3.2409276962280273
2016-11-03,3.477813243865967
2016-11-04,3.551499128341675
2016-11-05,3.6129331588745117
2016-11-06,3.474405288696289
2016-11-07,3.3871750831604004
2016-11-08,3.284236431121826
2016-11-09,2.9150962829589844
2016-11-10,2.9971303939819336
2016-11-11,2.951272487640381
2016-11-12,3.117889881134033
2016-11-13,2.8917829990386963
2016-11-14,2.8168067932128906
2016-11-15,2.6798696517944336
2016-11-16,2.1350808143615723
2016-11-17,2.721604824066162
2016-11-18,2.331972599029541
2016-11-19,2.499636173248291
2016-11-20,2.55642032623291
2016-11-21,2.424004077911377
2016-11-22,2.2557878494262695
2016-11-23,2.24562931060791
2016-11-24,2.1974120140075684
2016-11-25,2.192183017730713
2016-11-26,2.1268608570098877
2016-11-27,1.8562504053115845
2016-11-28,1.9746310710906982
2016-11-29,1.8377420902252197
2016-11-30,1.897030234336853
2016-12-01,1.8273472785949707
2016-12-02,1.7740708589553833
2016-12-03,1.5778836011886597
2016-12-04,1.5886964797973633
2016-12-05,1.5843415260314941
2016-12-06,1.4970412254333496
2016-12-07,1.4724125862121582
2016-12-08,1.5018348693847656
2016-12-09,1.4894739389419556
2016-12-10,1.4743692874908447
2016-12-11,1.4494826793670654
2016-12-12,1.3797736167907715
2016-12-13,1.3917481899261475
2016-12-14,1.3372950553894043
2016-12-15,1.409172773361206
2016-12-16,1.3508079051971436
2016-12-17,1.3012099266052246
2016-12-18,1.0952316522598267
2016-12-19,1.2045981884002686
2016-12-20,1.2105947732925415
2016-12-21,1.1877388954162598
2016-12-22,1.1141080856323242
2016-12-23,1.1447075605392456
2016-12-24,1.099868893623352
2016-12-25,1.0652484893798828
2016-12-26,1.0388095378875732
2016-12-27,1.0281083583831787
2016-12-28,0.9992600679397583
2016-12-29,1.0027379989624023
2016-12-30,0.9821184873580933
2016-12-31,0.9923524856567383
2017-01-01,0.9679445028305054
2017-01-02,0.959621787071228
2017-01-03,0.9460357427597046
2017-01-04,0.9482778310775757
2017-01-05,0.9267621040344238
2017-01-06,0.8931869864463806
2017-01-07,0.8447191715240479
2017-01-08,0.7672303915023804
2017-01-09,0.8085306882858276
2017-01-10,0.8653199076652527
2017-01-11,0.7743848562240601
2017-01-12,0.8326303958892822
2017-01-13,0.8155583143234253
2017-01-14,0.7840481400489807
2017-01-15,0.7395807504653931
2017-01-16,0.732865571975708
2017-01-17,0.7189054489135742
2017-01-18,0.7274536490440369
2017-01-19,0.7012252807617188
2017-01-20,0.7127522826194763
2017-01-21,0.7461273670196533
2017-01-22,0.7506603002548218
2017-01-23,0.7403228282928467
2017-01-24,0.7098990678787231
2017-01-25,0.684133768081665
2017-01-26,0.6891191601753235
2017-01-27,0.6722543239593506
2017-01-28,0.6766762733459473
2017-01-29,0.6644048094749451
2017-01-30,0.653281569480896
2017-01-31,0.6671291589736938
2017-02-01,0.6604753732681274
2017-02-02,0.6614769697189331
2017-02-03,0.6457239985466003
2017-02-04,0.628365695476532
2017-02-05,0.6313601732254028
2017-02-06,0.6103802919387817
2017-02-07,0.5956300497055054
2017-02-08,0.5854058265686035
2017-02-09,0.5683090686798096
2017-02-10,0.5491105914115906
2017-02-11,0.5415048599243164
2017-02-12,0.5522267818450928
2017-02-13,0.5046488046646118
2017-02-14,0.4866132140159607
2017-02-15,0.5133113861083984
2017-02-16,0.5074679851531982
2017-02-17,0.4342665672302246
2017-02-18,0.47012197971343994
2017-02-19,0.48484718799591064
2017-02-20,0.4784550070762634
2017-02-21,0.4890010952949524
2017-02-22,0.46986663341522217
2017-02-23,0.46612951159477234
2017-02-24,0.459635853767395
2017-02-25,0.4527561366558075
2017-02-26,0.45154833793640137
2017-02-27,0.4450949430465698
2017-02-28,0.4359939694404602
2017-03-01,0.42097440361976624
2017-03-02,0.4219819903373718
2017-03-03,0.4170178771018982
2017-03-04,0.424796998500824
2017-03-05,0.4163638949394226
2017-03-06,0.4019044041633606
2017-03-07,0.40137624740600586
2017-03-08,0.4194660782814026
2017-03-09,0.39906972646713257
2017-03-10,0.37504929304122925
2017-03-11,0.38440701365470886
2017-03-12,0.4097782373428345
2017-03-13,0.38722991943359375
2017-03-14,0.41185319423675537
2017-03-15,0.39843645691871643
2017-03-16,0.4049537777900696
2017-03-17,0.4294043183326721
2017-03-18,0.44954097270965576
2017-03-19,0.4382076859474182
2017-03-20,0.4379856586456299
2017-03-21,0.41658931970596313
2017-03-22,0.4040989875793457
2017-03-23,0.42301231622695923
2017-03-24,0.42657166719436646
2017-03-25,0.42351362109184265
2017-03-26,0.42270490527153015
2017-03-27,0.38307082653045654
2017-03-28,0.3417325019836426
2017-03-29,0.3497719168663025
2017-03-30,0.38166287541389465
2017-03-31,0.36964109539985657
2017-04-01,0.34843510389328003
2017-04-02,0.3557753562927246
2017-04-03,0.3646422028541565
2017-04-04,0.3526046574115753
2017-04-05,0.32603132724761963
2017-04-06,0.3468976616859436
2017-04-07,0.38199663162231445
2017-04-08,0.39672571420669556
2017-04-09,0.40055930614471436
2017-04-10,0.3765121102333069
2017-04-11,0.35352909564971924
2017-04-12,0.38876986503601074
2017-04-13,0.37956613302230835
2017-04-14,0.38999614119529724
2017-04-15,0.37315821647644043
2017-04-16,0.33841103315353394
2017-04-17,0.3625006079673767
2017-04-18,0.35791945457458496
2017-04-19,0.37934425473213196
2017-04-20,0.38632577657699585
2017-04-21,0.38838720321655273
2017-04-22,0.3766980767250061
2017-04-23,0.3664550483226776
2017-04-24,0.385358989238739
2017-04-25,0.37316766381263733
2017-04-26,0.37778204679489136
2017-04-27,0.3401983976364136
2017-04-28,0.372800350189209
2017-04-29,0.38359901309013367
2017-04-30,0.37063026428222656
2017-05-01,0.35214731097221375
2017-05-02,0.3697351813316345
2017-05-03,0.3946945071220398
2017-05-04,0.41310805082321167
2017-05-05,0.390313982963562
2017-05-06,0.3536984324455261
2017-05-07,0.2977987229824066
2017-05-08,0.3917813003063202
2017-05-09,0.3857504725456238
2017-05-10,0.3992234468460083
2017-05-11,0.38378822803497314
2017-05-12,0.33267104625701904
2017-05-13,0.37286636233329773
2017-05-14,0.36443495750427246
2017-05-15,0.3354303240776062
2017-05-16,0.42304062843322754
2017-05-17,0.3924902379512787
2017-05-18,0.3767779469490051
2017-05-19,0.3719313144683838
2017-05-20,0.4021141231060028
2017-05-21,0.3857487142086029
2017-05-22,0.3594379425048828
2017-05-23,0.374938428401947
2017-05-24,0.9013563990592957
2017-05-25,0.46850231289863586
2017-05-26,0.5085666179656982
2017-05-27,0.6076645851135254
2017-05-28,1.0708374977111816
2017-05-29,0.7003976702690125
2017-05-30,0.7083814144134521
2017-05-31,0.6604028344154358
2017-06-01,0.6297534108161926
2017-06-02,0.5706920623779297
2017-06-03,0.5122696757316589
2017-06-04,0.6875066757202148
2017-06-05,0.6082422137260437
2017-06-06,0.5765252113342285
2017-06-07,0.6147334575653076
2017-06-08,0.5504381656646729
2017-06-09,0.5406134128570557
2017-06-10,0.7233539819717407
2017-06-11,0.7586532235145569
2017-06-12,0.7766153812408447
2017-06-13,0.6456760764122009
2017-06-14,0.5938963294029236
2017-06-15,0.6125503778457642
2017-06-16,0.5852334499359131
2017-06-17,0.5396462678909302
2017-06-18,0.6188077926635742
2017-06-19,0.5688931941986084
2017-06-20,0.5509856939315796
2017-06-21,0.5442569851875305
2017-06-22,1.2682123184204102
2017-06-23,2.527751922607422
2017-06-24,3.4000680446624756
2017-06-25,2.092501640319824
2017-06-26,1.8717542886734009
2017-06-27,2.8412036895751953
2017-06-28,2.8230957984924316
2017-06-29,3.6749234199523926
2017-06-30,4.135249137878418
2017-07-01,3.766754150390625
2017-07-02,4.102770805358887
2017-07-03,3.5090012550354004
2017-07-04,3.541792392730713
2017-07-05,2.9219493865966797
2017-07-06,2.4343459606170654
2017-07-07,2.845810890197754
2017-07-08,2.9819657802581787
2017-07-09,3.4199910163879395
2017-07-10,3.0041213035583496
2017-07-11,2.554297924041748
2017-07-12,2.001707077026367
2017-07-13,1.5638296604156494
2017-07-14,4.049571990966797
2017-07-15,3.2196555137634277
2017-07-16,2.956181526184082
2017-07-17,3.846684217453003
2017-07-18,2.977975606918335
2017-07-19,2.8965039253234863
2017-07-20,2.7027997970581055
2017-07-21,4.645113945007324
2017-07-22,4.118297100067139
2017-07-23,3.461573600769043
2017-07-24,3.7068276405334473
2017-07-25,3.9224562644958496
2017-07-26,3.0645439624786377
2017-07-27,3.5800440311431885
2017-07-28,3.2536840438842773
2017-07-29,3.4411826133728027
2017-07-30,4.934521675109863
2017-07-31,4.187496185302734
2017-08-01,3.7778515815734863
2017-08-02,4.4504876136779785
2017-08-03,5.500609397888184
2017-08-04,4.761847496032715
2017-08-05,4.726557731628418
2017-08-06,4.279898643493652
2017-08-07,3.593468427658081
2017-08-08,4.2722272872924805
2017-08-09,4.323561668395996
2017-08-10,4.483253479003906
2017-08-11,4.133666515350342
2017-08-12,3.200814723968506
2017-08-13,4.72891092300415
2017-08-14,4.444889068603516
2017-08-15,4.623371124267578
2017-08-16,3.805983066558838
2017-08-17,4.447771072387695
2017-08-18,4.694483280181885
2017-08-19,3.683318614959717
2017-08-20,5.247052192687988
2017-08-21,4.830366134643555
2017-08-22,3.8659729957580566
2017-08-23,3.988973617553711
2017-08-24,3.3699512481689453
2017-08-25,4.251335144042969
2017-08-26,2.5367445945739746
2017-08-27,5.081315994262695
2017-08-28,5.774537086486816
2017-08-29,4.889176368713379
2017-08-30,5.151798248291016
2017-08-31,4.581350326538086
2017-09-01,5.28858757019043
2017-09-02,5.280679702758789
2017-09-03,5.189680099487305
2017-09-04,4.491239547729492
2017-09-05,5.095890045166016
2017-09-06,5.128198623657227
2017-09-07,5.061657905578613
2017-09-08,4.848372936248779
2017-09-09,5.440596103668213
2017-09-10,5.302955627441406
2017-09-11,5.009324073791504
2017-09-12,5.410860061645508
2017-09-13,4.95794677734375
2017-09-14,4.602103233337402
2017-09-15,4.693648338317871
2017-09-16,5.012026786804199
2017-09-17,5.28309440612793
2017-09-18,3.432734489440918
2017-09-19,5.46452522277832
2017-09-20,5.340091228485107
2017-09-21,5.057758331298828
2017-09-22,5.065296173095703
2017-09-23,4.307313919067383
2017-09-24,4.628328323364258
2017-09-25,3.8000543117523193
2017-09-26,5.105703830718994
2017-09-27,5.054680824279785
2017-09-28,4.748909950256348
2017-09-29,5.35575008392334
2017-09-30,5.303915023803711
2017-10-01,5.129012107849121
2017-10-02,5.099888324737549
2017-10-03,5.583134651184082
2017-10-04,3.2224764823913574
2017-10-05,5.388369560241699
2017-10-06,5.4009785652160645
2017-10-07,5.119485855102539
2017-10-08,4.80110502243042
2017-10-09,4.941982269287109
2017-10-10,4.835206508636475
2017-10-11,4.737060546875
2017-10-12,5.0111236572265625
2017-10-13,4.942207336425781
2017-10-14,4.701417446136475
2017-10-15,4.616045951843262
2017-10-16,5.135169982910156
2017-10-17,4.340125560760498
2017-10-18,4.315279483795166
2017-10-19,4.239812850952148
2017-10-20,4.306485176086426
2017-10-21,4.327819347381592
2017-10-22,4.217006683349609
2017-10-23,4.0738115310668945
2017-10-24,4.0950927734375
2017-10-25,4.069780349731445
2017-10-26,3.997434616088867
2017-10-27,3.9267683029174805
2017-10-28,3.842367649078369
2017-10-29,3.7441024780273438
2017-10-30,3.9348344802856445
2017-10-31,3.667999267578125
2017-11-01,3.5913665294647217
2017-11-02,3.4543213844299316
2017-11-03,3.3519210815429688
2017-11-04,3.2043533325195312
2017-11-05,3.182680606842041
2017-11-06,3.1229004859924316
2017-11-07,3.034822463989258
2017-11-08,3.063941478729248
2017-11-09,3.090669631958008
2017-11-10,2.851142168045044
2017-11-11,2.7226223945617676
2017-11-12,2.968132972717285
2017-11-13,2.843585968017578
2017-11-14,2.7304067611694336
2017-11-15,2.5942039489746094
2017-11-16,2.5712132453918457
2017-11-17,2.12325119972229
2017-11-18,2.33126163482666
2017-11-19,2.505129814147949
2017-11-20,2.3376994132995605
2017-11-21,2.3135180473327637
2017-11-22,2.3390755653381348
2017-11-23,2.21134090423584
2017-11-24,2.0866591930389404
2017-11-25,1.9530478715896606
2017-11-26,1.9646062850952148
2017-11-27,1.991475224494934
2017-11-28,1.890623688697815
2017-11-29,1.7967277765274048
2017-11-30,1.7811059951782227
2017-12-01,1.87527334690094
2017-12-02,1.9265851974487305
2017-12-03,2.0080082416534424
2017-12-04,1.7917121648788452
2017-12-05,1.7682075500488281
2017-12-06,1.724793791770935
2017-12-07,1.7502484321594238
2017-12-08,1.6847496032714844
2017-12-09,1.6131768226623535
2017-12-10,1.592245101928711
2017-12-11,1.527718424797058
2017-12-12,1.4643306732177734
2017-12-13,1.4690810441970825
2017-12-14,1.412428617477417
2017-12-15,1.4273107051849365
2017-12-16,1.3704131841659546
2017-12-17,1.3996307849884033
2017-12-18,1.3516287803649902
2017-12-19,1.2903050184249878
2017-12-20,1.2730592489242554
2017-12-21,1.302232265472412
2017-12-22,1.3238364458084106
2017-12-23,1.2665725946426392
2017-12-24,1.1434180736541748
2017-12-25,1.079187035560608
2017-12-26,1.046858549118042
2017-12-27,1.0605226755142212
2017-12-28,1.0400094985961914
2017-12-29,1.0152056217193604
2017-12-30,0.9842777848243713
2017-12-31,0.9652266502380371
2018-01-01,0.9698439240455627
2018-01-02,0.9147855639457703
2018-01-03,0.8113926649093628
2018-01-04,0.8492336273193359
2018-01-05,0.8864408731460571
2018-01-06,0.8866102695465088
2018-01-07,0.861152172088623
2018-01-08,0.8368499875068665
2018-01-09,0.8397057056427002
2018-01-10,0.8173712491989136
2018-01-11,0.7869853377342224
2018-01-12,0.7813202142715454
2018-01-13,0.7483901977539062
2018-01-14,0.7366255521774292
2018-01-15,0.727638304233551
2018-01-16,0.7365949153900146
2018-01-17,0.7256187200546265
2018-01-18,0.7265380620956421
2018-01-19,0.7283705472946167
2018-01-20,0.7114219069480896
2018-01-21,0.6827013492584229
2018-01-22,0.671501874923706
2018-01-23,0.6561787128448486
2018-01-24,0.6283724904060364
2018-01-25,0.6312419176101685
2018-01-26,0.6362425088882446
2018-01-27,0.5931671857833862
2018-01-28,0.5976340770721436
2018-01-29,0.5939930081367493
2018-01-30,0.5858453512191772
2018-01-31,0.5908173322677612
2018-02-01,0.5960460901260376
2018-02-02,0.5459851026535034
2018-02-03,0.5775750279426575
2018-02-04,0.5763319730758667
2018-02-05,0.49083733558654785
2018-02-06,0.5471376180648804
2018-02-07,0.6050428748130798
2018-02-08,0.6074357032775879
2018-02-09,0.609150767326355
2018-02-10,0.5990592241287231
2018-02-11,0.5995880365371704
2018-02-12,0.5724233984947205
2018-02-13,0.54047691822052
2018-02-14,0.5330263376235962
2018-02-15,0.5299209356307983
2018-02-16,0.5465044379234314
2018-02-17,0.5315837264060974
2018-02-18,0.5012100338935852
2018-02-19,0.5040808916091919
2018-02-20,0.5036043524742126
2018-02-21,0.504666805267334
2018-02-22,0.5069724321365356
2018-02-23,0.467038094997406
2018-02-24,0.45964568853378296
2018-02-25,0.4751850366592407
2018-02-26,0.47233298420906067
2018-02-27,0.4769097566604614
2018-02-28,0.4838968515396118
2018-03-01,0.4762607216835022
2018-03-02,0.46019095182418823
2018-03-03,0.45944520831108093
2018-03-04,0.45260167121887207
2018-03-05,0.4376465976238251
2018-03-06,0.4228741228580475
2018-03-07,0.4323684573173523
2018-03-08,0.4475553631782532
2018-03-09,0.44104111194610596
2018-03-10,0.4423297345638275
2018-03-11,0.42653167247772217
2018-03-12,0.43771085143089294
2018-03-13,0.4380449652671814
2018-03-14,0.4221707582473755
2018-03-15,0.41956770420074463
2018-03-16,0.4448224604129791
2018-03-17,0.4496952295303345
2018-03-18,0.4447811245918274
2018-03-19,0.4413926899433136
2018-03-20,0.4279158115386963
2018-03-21,0.44358259439468384
2018-03-22,0.44423621892929077
2018-03-23,0.4560236632823944
2018-03-24,0.45939260721206665
2018-03-25,0.44904348254203796
2018-03-26,0.43667125701904297
2018-03-27,0.418548583984375
2018-03-28,0.4943128824234009
2018-03-29,0.4201199412345886
2018-03-30,0.42789092659950256
2018-03-31,0.4302213788032532
2018-04-01,0.4275132119655609
2018-04-02,0.43238556385040283
2018-04-03,0.4201033115386963
2018-04-04,0.40923386812210083
2018-04-05,0.37278154492378235
2018-04-06,0.3647734522819519
2018-04-07,0.38777726888656616
2018-04-08,0.41246461868286133
2018-04-09,0.40324240922927856
2018-04-10,0.395632266998291
2018-04-11,0.41452205181121826
2018-04-12,0.4364790916442871
2018-04-13,0.44760775566101074
2018-04-14,0.4409415125846863
2018-04-15,0.4273420572280884
2018-04-16,0.4385329782962799
2018-04-17,0.42711055278778076
2018-04-18,0.4372428357601166
2018-04-19,0.4689481556415558
2018-04-20,0.4581916928291321
2018-04-21,0.45319485664367676
2018-04-22,0.46461355686187744
2018-04-23,0.45996221899986267
2018-04-24,0.45502227544784546
2018-04-25,0.4213319420814514
2018-04-26,0.41801702976226807
2018-04-27,0.4105203151702881
2018-04-28,0.4344935417175293
2018-04-29,0.4214593768119812
2018-04-30,0.40398889780044556
2018-05-01,0.39165759086608887
2018-05-02,0.39287257194519043
2018-05-03,0.38525453209877014
2018-05-04,0.403975248336792
2018-05-05,0.4271997809410095
2018-05-06,0.4193677306175232
2018-05-07,0.42457273602485657
2018-05-08,0.4065066874027252
2018-05-09,0.4138886034488678
2018-05-10,0.4154949188232422
2018-05-11,0.42231494188308716
2018-05-12,0.4317609667778015
2018-05-13,0.41345518827438354
2018-05-14,0.4140600562095642
2018-05-15,0.41294747591018677
2018-05-16,0.38992464542388916
2018-05-17,0.3768630623817444
2018-05-18,0.39256638288497925
2018-05-19,0.4005041718482971
2018-05-20,0.3869396150112152
2018-05-21,0.3941127359867096
2018-05-22,0.37082064151763916
2018-05-23,0.3542696237564087
2018-05-24,0.3560280203819275
2018-05-25,0.37517496943473816
2018-05-26,0.3825325667858124
2018-05-27,0.3684380352497101
2018-05-28,0.35330966114997864
2018-05-29,0.35801881551742554
2018-05-30,0.33313411474227905
2018-05-31,0.372947096824646
2018-06-01,0.3399977684020996
2018-06-02,0.3412034511566162
2018-06-03,0.320098876953125
2018-06-04,0.3546355962753296
2018-06-05,0.3491527736186981
2018-06-06,0.41754066944122314
2018-06-07,0.9951938390731812
2018-06-08,0.5070623159408569
2018-06-09,0.530153751373291
2018-06-10,0.48399436473846436
2018-06-11,0.4644736051559448
2018-06-12,0.5136851668357849
2018-06-13,0.4747602641582489
2018-06-14,1.1100813150405884
2018-06-15,1.121826171875
2018-06-16,2.8702359199523926
2018-06-17,1.8935860395431519
2018-06-18,1.6370368003845215
2018-06-19,1.4907053709030151
2018-06-20,1.2450942993164062
2018-06-21,1.075134515762329
2018-06-22,0.9169255495071411
2018-06-23,0.8643085956573486
2018-06-24,0.8210143446922302
2018-06-25,0.830934464931488
2018-06-26,0.817894697189331
2018-06-27,1.6176482439041138
2018-06-28,1.950850248336792
2018-06-29,1.5187439918518066
2018-06-30,1.4045660495758057
2018-07-01,1.1584985256195068
2018-07-02,1.3079614639282227
2018-07-03,0.9171606302261353
2018-07-04,1.3626971244812012
2018-07-05,1.3868591785430908
2018-07-06,1.3603384494781494
2018-07-07,1.054458498954773
2018-07-08,2.1299092769622803
2018-07-09,2.1975901126861572
2018-07-10,2.231600761413574
2018-07-11,3.153005361557007
2018-07-12,1.928598403930664
2018-07-13,1.869584560394287
2018-07-14,1.5021820068359375
2018-07-15,1.2293769121170044
2018-07-16,0.9636068344116211
2018-07-17,1.4470202922821045
2018-07-18,1.4582560062408447
2018-07-19,1.6148593425750732
2018-07-20,2.9247941970825195
2018-07-21,2.2664995193481445
2018-07-22,2.6220173835754395
2018-07-23,3.02687931060791
2018-07-24,1.9254066944122314
2018-07-25,2.2489800453186035
2018-07-26,2.008218288421631
2018-07-27,1.8990037441253662
2018-07-28,2.1237778663635254
2018-07-29,3.2023394107818604
2018-07-30,2.449040651321411
2018-07-31,2.017070770263672
2018-08-01,1.6436266899108887
2018-08-02,2.1474227905273438
2018-08-03,3.221283435821533
2018-08-04,3.070950984954834
2018-08-05,3.203550338745117
2018-08-06,2.4964962005615234
2018-08-07,1.9519487619400024
2018-08-08,2.232436180114746
2018-08-09,2.6783318519592285
2018-08-10,2.5830368995666504
2018-08-11,3.4449405670166016
2018-08-12,2.5088977813720703
2018-08-13,2.393679141998291
2018-08-14,2.5217790603637695
2018-08-15,2.553462505340576
2018-08-16,2.1505775451660156
2018-08-17,2.0432839393615723
2018-08-18,1.766660451889038
2018-08-19,1.957578420639038
2018-08-20,2.396367073059082
2018-08-21,2.611705780029297
2018-08-22,2.3158440589904785
2018-08-23,2.4978485107421875
2018-08-24,3.1507277488708496
2018-08-25,3.192418336868286
2018-08-26,4.460750579833984
2018-08-27,3.561815023422241
2018-08-28,3.300629138946533
2018-08-29,3.1072845458984375
2018-08-30,3.3080148696899414
2018-08-31,3.530231475830078
2018-09-01,3.441964626312256
2018-09-02,2.3651604652404785
2018-09-03,4.188223838806152
2018-09-04,3.7306647300720215
2018-09-05,3.662446975708008
2018-09-06,3.029444694519043
2018-09-07,2.96677303314209
2018-09-08,3.982974052429199
2018-09-09,3.654123544692993
2018-09-10,3.051219940185547
2018-09-11,3.293180465698242
2018-09-12,4.137256622314453
2018-09-13,4.7781982421875
2018-09-14,5.181746006011963
2018-09-15,4.479631423950195
2018-09-16,4.409833908081055
2018-09-17,4.408434867858887
2018-09-18,4.692659378051758
2018-09-19,1.094976544380188
2018-09-20,4.385292053222656
2018-09-21,4.228569984436035
2018-09-22,3.7580535411834717
2018-09-23,4.282588958740234
2018-09-24,3.846740484237671
2018-09-25,4.890197277069092
2018-09-26,3.7102322578430176
2018-09-27,4.99320125579834
2018-09-28,4.932418346405029
2018-09-29,5.2723541259765625
2018-09-30,4.5797858238220215
2018-10-01,5.267748832702637
2018-10-02,4.535675048828125
2018-10-03,5.134646415710449
2018-10-04,5.694788455963135
2018-10-05,5.519418716430664
2018-10-06,4.873887062072754
2018-10-07,5.016199588775635
2018-10-08,4.469110012054443
2018-10-09,5.204864025115967
2018-10-10,5.166659355163574
2018-10-11,5.1962103843688965
2018-10-12,4.986893653869629
2018-10-13,5.1454057693481445
2018-10-14,4.782249450683594
2018-10-15,4.917689800262451
2018-10-16,4.376619338989258
2018-10-17,4.758808135986328
2018-10-18,4.80634880065918
2018-10-19,4.433896541595459
2018-10-20,3.8156652450561523
2018-10-21,4.531918525695801
2018-10-22,4.359645366668701
2018-10-23,4.2649078369140625
2018-10-24,4.152409553527832
2018-10-25,4.028472900390625
2018-10-26,3.9714298248291016
2018-10-27,3.8284482955932617
2018-10-28,3.889669895172119
2018-10-29,3.937922716140747
2018-10-30,3.8015246391296387
2018-10-31,3.539419412612915
2018-11-01,3.300053596496582
2018-11-02,3.459360122680664
2018-11-03,3.453474521636963
2018-11-04,3.15861177444458
2018-11-05,3.121326446533203
2018-11-06,2.8999462127685547
2018-11-07,2.5830695629119873
2018-11-08,2.772425651550293
2018-11-09,2.6022629737854004
2018-11-10,2.5617589950561523
2018-11-11,2.458371877670288
2018-11-12,2.4426956176757812
2018-11-13,2.5064425468444824
2018-11-14,2.275144338607788
2018-11-15,2.1395506858825684
2018-11-16,2.468771457672119
2018-11-17,2.454352855682373
2018-11-18,2.2258033752441406
2018-11-19,1.9842592477798462
2018-11-20,1.9784953594207764
2018-11-21,2.0547094345092773
2018-11-22,2.0346245765686035
2018-11-23,2.0860209465026855
2018-11-24,1.9624779224395752
2018-11-25,1.7878296375274658
2018-11-26,1.80777907371521
2018-11-27,1.7688302993774414
2018-11-28,1.6587868928909302
2018-11-29,1.5800447463989258
2018-11-30,1.561980128288269
2018-12-01,1.625617504119873
2018-12-02,1.5587636232376099
2018-12-03,1.5098228454589844
2018-12-04,1.4545340538024902
2018-12-05,1.3473060131072998
2018-12-06,1.227586269378662
2018-12-07,1.2115809917449951
2018-12-08,1.2450778484344482
2018-12-09,1.2293164730072021
2018-12-10,1.203503131866455
2018-12-11,1.1937565803527832
2018-12-12,1.1402082443237305
2018-12-13,1.1418532133102417
2018-12-14,1.0916638374328613
2018-12-15,1.2730753421783447
2018-12-16,1.2403876781463623
2018-12-17,1.1225818395614624
2018-12-18,1.0974855422973633
2018-12-19,1.1066430807113647
2018-12-20,1.0777668952941895
2018-12-21,1.1124987602233887
2018-12-22,1.101154088973999
2018-12-23,1.1365153789520264
2018-12-24,1.120530128479004
2018-12-25,1.085599422454834
2018-12-26,1.071794033050537
2018-12-27,1.0534158945083618
2018-12-28,1.0402181148529053
2018-12-29,1.0004103183746338
2018-12-30,0.9976081252098083
2018-12-31,0.9511520266532898
2019-01-01,0.9158749580383301
2019-01-02,0.9256226420402527
2019-01-03,0.9527776837348938
2019-01-04,0.8718644380569458
2019-01-05,0.8708935976028442
2019-01-06,0.8742846250534058
2019-01-07,0.8061959743499756
2019-01-08,0.8660630583763123
2019-01-09,0.8857100009918213
2019-01-10,0.7875142693519592
2019-01-11,0.7243199348449707
2019-01-12,0.8083510994911194
2019-01-13,0.8206177949905396
2019-01-14,0.8075010776519775
2019-01-15,0.8173696994781494
2019-01-16,0.8177417516708374
2019-01-17,0.8285599946975708
2019-01-18,0.9029394388198853
2019-01-19,0.9057932496070862
2019-01-20,0.8868116736412048
2019-01-21,0.8884933590888977
2019-01-22,0.8973432779312134
2019-01-23,0.8719021081924438
2019-01-24,0.8374756574630737
2019-01-25,0.859001100063324
2019-01-26,0.8277807831764221
2019-01-27,0.8659249544143677
2019-01-28,0.8890880942344666
2019-01-29,0.8667601346969604
2019-01-30,0.8466023206710815
2019-01-31,0.8317246437072754
2019-02-01,0.8357916474342346
2019-02-02,0.8326151371002197
2019-02-03,0.8055731654167175
2019-02-04,0.8411016464233398
2019-02-05,0.827062726020813
2019-02-06,0.8320416808128357
2019-02-07,0.8240883350372314
2019-02-08,0.8330428600311279
2019-02-09,0.8056848049163818
2019-02-10,0.7333138585090637
2019-02-11,0.784354031085968
2019-02-12,0.803490936756134
2019-02-13,0.8026646375656128
2019-02-14,0.7933799028396606
2019-02-15,0.7707012891769409
2019-02-16,0.9275639653205872
2019-02-17,0.8511244058609009
2019-02-18,0.7924981117248535
2019-02-19,0.759856641292572
2019-02-20,0.7157468199729919
2019-02-21,0.7247704267501831
2019-02-22,0.7310712337493896
2019-02-23,0.7550458908081055
2019-02-24,0.7609429955482483
2019-02-25,0.7496765851974487
2019-02-26,0.7343692183494568
2019-02-27,0.7260962724685669
2019-02-28,0.7194162607192993
2019-03-01,0.7143963575363159
2019-03-02,0.6817381381988525
2019-03-03,0.6661816835403442
2019-03-04,0.6502968072891235
2019-03-05,0.61859130859375
2019-03-06,0.6202291250228882
2019-03-07,0.6337833404541016
2019-03-08,0.6336632966995239
2019-03-09,0.6287965774536133
2019-03-10,0.6047353744506836
2019-03-11,0.6005513668060303
2019-03-12,0.6086622476577759
2019-03-13,0.6214386224746704
2019-03-14,0.6225515604019165
2019-03-15,0.5967081785202026
2019-03-16,0.5786100625991821
2019-03-17,0.5615948438644409
2019-03-18,0.49584075808525085
2019-03-19,0.48836031556129456
2019-03-20,0.48691630363464355
2019-03-21,0.536580502986908
2019-03-22,0.6020630598068237
2019-03-23,0.5949429273605347
2019-03-24,0.576863169670105
2019-03-25,0.5723662972450256
2019-03-26,0.5625821352005005
2019-03-27,0.5651265978813171
2019-03-28,0.5660682916641235
2019-03-29,0.5738033056259155
2019-03-30,0.49557510018348694
2019-03-31,0.5794594883918762
2019-04-01,0.5820152759552002
2019-04-02,0.6159870624542236
2019-04-03,0.6104201078414917
2019-04-04,0.6253435611724854
2019-04-05,0.6503962278366089
2019-04-06,0.6484638452529907
2019-04-07,0.6322097778320312
2019-04-08,0.6299552917480469
2019-04-09,0.6286031007766724
2019-04-10,0.6108810901641846
2019-04-11,0.630346417427063
2019-04-12,0.6604902744293213
2019-04-13,0.6387189626693726
2019-04-14,0.5824533700942993
2019-04-15,0.5870139598846436
2019-04-16,0.5498601794242859
2019-04-17,0.5323684215545654
2019-04-18,0.5379161238670349
2019-04-19,0.506589412689209
2019-04-20,0.5439960360527039
2019-04-21,0.586322546005249
2019-04-22,0.5992122888565063
2019-04-23,0.587148904800415
2019-04-24,0.4643177390098572
2019-04-25,0.38840413093566895
2019-04-26,0.3566575050354004
2019-04-27,0.3618611693382263
2019-04-28,0.3492385745048523
2019-04-29,0.33077895641326904
2019-04-30,0.35947227478027344
2019-05-01,0.42584311962127686
2019-05-02,0.5715522170066833
2019-05-03,0.7271099090576172
2019-05-04,0.7168329954147339
2019-05-05,0.6819950342178345
2019-05-06,0.641797661781311
2019-05-07,0.6633901596069336
2019-05-08,0.6618728041648865
2019-05-09,0.6773974895477295
2019-05-10,0.7666944265365601
2019-05-11,0.7826313972473145
2019-05-12,0.7870396375656128
2019-05-13,0.7876219749450684
2019-05-14,0.816896915435791
2019-05-15,0.8643001317977905
2019-05-16,0.8779478073120117
2019-05-17,0.8565834760665894
2019-05-18,0.9202255606651306
2019-05-19,0.8840699195861816
2019-05-20,0.8753865957260132
2019-05-21,0.8668700456619263
2019-05-22,0.8592109084129333
2019-05-23,0.8457384705543518
2019-05-24,0.8504951000213623
2019-05-25,0.8245902061462402
2019-05-26,0.8725084066390991
2019-05-27,0.8813461065292358
2019-05-28,0.8832355737686157
2019-05-29,0.7878020405769348
2019-05-30,0.7490706443786621
2019-05-31,0.8188799023628235
2019-06-01,0.839890718460083
2019-06-02,0.8555225133895874
2019-06-03,0.8110237121582031
2019-06-04,0.8083085417747498
2019-06-05,0.7639166712760925
2019-06-06,0.6226453185081482
2019-06-07,0.5998191833496094
2019-06-08,0.5805163979530334
2019-06-09,0.5865917801856995
2019-06-10,0.5674922466278076
2019-06-11,0.6093782186508179
2019-06-12,0.5669758319854736
2019-06-13,0.5750969648361206
2019-06-14,0.5692263245582581
2019-06-15,0.5000330209732056
2019-06-16,0.5146536827087402
2019-06-17,0.47317957878112793
2019-06-18,0.5628495216369629
2019-06-19,0.9363821744918823
2019-06-20,0.5674967765808105
2019-06-21,0.5521305203437805
2019-06-22,0.5631757974624634
2019-06-23,0.7316466569900513
2019-06-24,0.672284722328186
2019-06-25,0.5816547870635986
2019-06-26,0.5959541201591492
2019-06-27,0.6327130198478699
2019-06-28,0.6557024121284485
2019-06-29,0.759840726852417
2019-06-30,3.2163736820220947
2019-07-01,2.6805691719055176
2019-07-02,2.1862621307373047
2019-07-03,2.7020184993743896
2019-07-04,2.0258231163024902
2019-07-05,2.251871109008789
2019-07-06,3.371492862701416
2019-07-07,2.2722480297088623
2019-07-08,2.0843729972839355
2019-07-09,1.9072544574737549
2019-07-10,1.498396396636963
2019-07-11,2.116924524307251
2019-07-12,2.2915453910827637
2019-07-13,2.2871253490448
2019-07-14,2.838151454925537
2019-07-15,2.3974976539611816
2019-07-16,1.7428207397460938
2019-07-17,1.443914771080017
2019-07-18,1.3756004571914673
2019-07-19,1.7581281661987305
2019-07-20,1.4943870306015015
2019-07-21,1.3023109436035156
2019-07-22,1.3569605350494385
2019-07-23,1.4975504875183105
2019-07-24,1.3463208675384521
2019-07-25,1.714337944984436
2019-07-26,2.484744071960449
2019-07-27,1.878422737121582
2019-07-28,3.363173246383667
2019-07-29,2.525355815887451
2019-07-30,2.32487154006958
2019-07-31,2.6626334190368652
2019-08-01,2.056283712387085
2019-08-02,1.4735161066055298
2019-08-03,1.9482347965240479
2019-08-04,1.7323877811431885
2019-08-05,1.5912797451019287
2019-08-06,1.7657028436660767
2019-08-07,1.256709098815918
2019-08-08,1.288158893585205
2019-08-09,1.0533486604690552
2019-08-10,1.410843014717102
2019-08-11,1.7371833324432373
2019-08-12,3.659923553466797
2019-08-13,2.6769845485687256
2019-08-14,3.0457592010498047
2019-08-15,2.7361648082733154
2019-08-16,4.221837997436523
2019-08-17,3.5668869018554688
2019-08-18,3.3911170959472656
2019-08-19,1.5549604892730713
2019-08-20,3.4465842247009277
2019-08-21,4.071376800537109
2019-08-22,3.7210187911987305
2019-08-23,4.117981433868408
2019-08-24,3.348247528076172
2019-08-25,2.7402286529541016
2019-08-26,1.731643795967102
2019-08-27,3.972735643386841
2019-08-28,2.851289749145508
2019-08-29,3.2184231281280518
2019-08-30,2.6141724586486816
2019-08-31,3.3208365440368652
2019-09-01,2.0597667694091797
2019-09-02,3.999537467956543
2019-09-03,4.239647388458252
2019-09-04,4.804037094116211
2019-09-05,3.8684158325195312
2019-09-06,3.6245827674865723
2019-09-07,3.415980339050293
2019-09-08,4.018441200256348
2019-09-09,4.011645317077637
2019-09-10,4.414344787597656
2019-09-11,4.463160514831543
2019-09-12,4.018949508666992
2019-09-13,3.372845411300659
2019-09-14,3.941007137298584
2019-09-15,4.420201301574707
2019-09-16,5.016618251800537
2019-09-17,4.622164726257324
2019-09-18,3.9026172161102295
2019-09-19,3.6000170707702637
2019-09-20,4.692819595336914
2019-09-21,4.90571403503418
2019-09-22,5.108757495880127
2019-09-23,4.243379592895508
2019-09-24,3.4373779296875
2019-09-25,5.568277359008789
2019-09-26,4.949357986450195
2019-09-27,5.393003463745117
2019-09-28,5.518515586853027
2019-09-29,4.5264482498168945
2019-09-30,5.430157661437988
2019-10-01,5.5536394119262695
2019-10-02,5.5940752029418945
2019-10-03,3.6789603233337402
2019-10-04,4.90111780166626
2019-10-05,4.941372394561768
2019-10-06,5.083592891693115
2019-10-07,3.928335189819336
2019-10-08,2.6630306243896484
2019-10-09,1.970658302307129
2019-10-10,4.819607734680176
2019-10-11,5.160099983215332
2019-10-12,5.0727691650390625
2019-10-13,4.337916851043701
2019-10-14,4.7573347091674805
2019-10-15,4.457890510559082
2019-10-16,4.8173041343688965
2019-10-17,4.828896999359131
2019-10-18,4.858317852020264
2019-10-19,4.914159774780273
2019-10-20,4.812594890594482
2019-10-21,4.712543487548828
2019-10-22,4.955677509307861
2019-10-23,4.506797790527344
2019-10-24,3.898491621017456
2019-10-25,4.270411491394043
2019-10-26,4.524789333343506
2019-10-27,4.635037422180176
2019-10-28,4.476343631744385
2019-10-29,4.371535301208496
2019-10-30,4.460263252258301
2019-10-31,4.348773956298828
2019-11-01,4.173695087432861
2019-11-02,3.808013677597046
2019-11-03,3.2892098426818848
2019-11-04,3.9370810985565186
2019-11-05,3.4912662506103516
2019-11-06,3.6324291229248047
2019-11-07,3.4155991077423096
2019-11-08,3.4007229804992676
2019-11-09,3.325479507446289
2019-11-10,3.0906500816345215
2019-11-11,2.771758556365967
2019-11-12,2.9142303466796875
2019-11-13,2.806497812271118
2019-11-14,2.5782887935638428
2019-11-15,2.340013027191162
2019-11-16,2.411048412322998
2019-11-17,2.0815563201904297
2019-11-18,2.3955564498901367
2019-11-19,2.368447780609131
2019-11-20,1.5022215843200684
2019-11-21,2.112680673599243
2019-11-22,2.0476269721984863
2019-11-23,2.002434492111206
2019-11-24,1.903113603591919
2019-11-25,1.8378379344940186
2019-11-26,1.817439079284668
2019-11-27,1.69895601272583
2019-11-28,1.6086668968200684
2019-11-29,1.5772228240966797
2019-11-30,1.5295006036758423
2019-12-01,1.4594593048095703
2019-12-02,1.3744754791259766
2019-12-03,1.3060033321380615
2019-12-04,1.328324556350708
2019-12-05,1.2752374410629272
2019-12-06,1.2263472080230713
2019-12-07,1.1849710941314697
2019-12-08,1.1622323989868164
2019-12-09,1.135610580444336
2019-12-10,1.1533336639404297
2019-12-11,1.0763461589813232
2019-12-12,0.9234130382537842
2019-12-13,1.0517089366912842
2019-12-14,0.9940457344055176
2019-12-15,0.9649813175201416
2019-12-16,0.9689255952835083
2019-12-17,1.0026240348815918
2019-12-18,0.9970508813858032
2019-12-19,1.0064642429351807
2019-12-20,1.0023634433746338
2019-12-21,0.9626905918121338
2019-12-22,0.9207877516746521
2019-12-23,0.9221820831298828
2019-12-24,0.9073883295059204
2019-12-25,0.8491662740707397
2019-12-26,0.8801823854446411
2019-12-27,0.8464652299880981
2019-12-28,0.8245593309402466
2019-12-29,0.8745037317276001
2019-12-30,0.9056404829025269
2019-12-31,0.9294978380203247
2020-01-01,0.9098238348960876
2020-01-02,0.9050363302230835
2020-01-03,0.8989125490188599
2020-01-04,0.8999502658843994
2020-01-05,0.9008593559265137
2020-01-06,0.8797302842140198
2020-01-07,0.8064863085746765
2020-01-08,0.8268707990646362
2020-01-09,0.8373342156410217
2020-01-10,0.8339229822158813
2020-01-11,0.8112845420837402
2020-01-12,0.801915168762207
2020-01-13,0.8234171271324158
2020-01-14,0.8091322183609009
2020-01-15,0.7602274417877197
2020-01-16,0.7964023351669312
2020-01-17,0.7978878021240234
2020-01-18,0.7823898792266846
2020-01-19,0.7565361261367798
2020-01-20,0.6882412433624268
2020-01-21,0.6717690229415894
2020-01-22,0.6978243589401245
2020-01-23,0.6793161630630493
2020-01-24,0.7498493790626526
2020-01-25,0.7109534740447998
2020-01-26,0.7799370288848877
2020-01-27,0.8079763650894165
2020-01-28,0.7847145199775696
2020-01-29,0.7721275687217712
2020-01-30,0.7902299165725708
2020-01-31,0.780295193195343
2020-02-01,0.7302393913269043
2020-02-02,0.6850731372833252
2020-02-03,0.6925221681594849
2020-02-04,0.7186219692230225
2020-02-05,0.7486828565597534
2020-02-06,0.723861038684845
2020-02-07,0.7203656435012817
2020-02-08,0.7258617281913757
2020-02-09,0.7170377969741821
2020-02-10,0.6969866156578064
2020-02-11,0.6706134676933289
2020-02-12,0.6559034585952759
2020-02-13,0.6567330360412598
2020-02-14,0.6310703158378601
2020-02-15,0.6276843547821045
2020-02-16,0.5855952501296997
2020-02-17,0.5858883857727051
2020-02-18,0.5798704624176025
2020-02-19,0.5513969659805298
2020-02-20,0.5560423135757446
2020-02-21,0.5671573281288147
2020-02-22,0.5576903223991394
2020-02-23,0.7664293050765991
2020-02-24,0.8089231848716736
2020-02-25,0.721253514289856
2020-02-26,0.6747374534606934
2020-02-27,0.6397014856338501
2020-02-28,0.5905187129974365
2020-02-29,0.6081304550170898
2020-03-01,0.5882420539855957
2020-03-02,0.5742775201797485
2020-03-03,0.5472137928009033
2020-03-04,0.5099747776985168
2020-03-05,0.5023419260978699
2020-03-06,0.49236249923706055
2020-03-07,0.5068908929824829
2020-03-08,0.4982008635997772
2020-03-09,0.4921905994415283
2020-03-10,0.5468958616256714
2020-03-11,0.5108692049980164
2020-03-12,0.5271420478820801
2020-03-13,0.5480117797851562
2020-03-14,0.5581097602844238
2020-03-15,0.5826129913330078
2020-03-16,0.5789098739624023
2020-03-17,0.5702164769172668
2020-03-18,0.572503387928009
2020-03-19,0.5808471441268921
2020-03-20,0.5490369200706482
2020-03-21,0.5368783473968506
2020-03-22,0.5568445920944214
2020-03-23,0.595203697681427
2020-03-24,0.5705567598342896
2020-03-25,0.5530629754066467
2020-03-26,0.5509153604507446
2020-03-27,0.5630185604095459
2020-03-28,0.5810551643371582
2020-03-29,0.5108851194381714
2020-03-30,0.4931179881095886
2020-03-31,0.4678260087966919
2020-04-01,0.4476887583732605
2020-04-02,0.42845723032951355
2020-04-03,0.4466812014579773
2020-04-04,0.4762105345726013
2020-04-05,0.47547173500061035
2020-04-06,0.43124133348464966
2020-04-07,0.41232794523239136
2020-04-08,0.42786723375320435
2020-04-09,0.41733235120773315
2020-04-10,0.4182339012622833
2020-04-11,0.4115028977394104
2020-04-12,0.4335521459579468
2020-04-13,0.4121425151824951
2020-04-14,0.42850926518440247
2020-04-15,0.47132211923599243
2020-04-16,0.4736868143081665
2020-04-17,0.4827176332473755
2020-04-18,0.5103887915611267
2020-04-19,0.4820154905319214
2020-04-20,0.4341855049133301
2020-04-21,0.4587305188179016
2020-04-22,0.45355281233787537
2020-04-23,0.4625324606895447
2020-04-24,0.48769938945770264
2020-04-25,0.4682336449623108
2020-04-26,0.3839762806892395
2020-04-27,0.4242098927497864
2020-04-28,0.3813655376434326
2020-04-29,0.4162839651107788
2020-04-30,0.38500893115997314
2020-05-01,0.3887941837310791
2020-05-02,0.40290170907974243
2020-05-03,0.3733478784561157
2020-05-04,0.38306093215942383
2020-05-05,0.3964540958404541
2020-05-06,0.4070298671722412
2020-05-07,0.38246816396713257
2020-05-08,0.3687635660171509
2020-05-09,0.39969301223754883
2020-05-10,0.3956484794616699
2020-05-11,0.4086788296699524
2020-05-12,0.3839474320411682
2020-05-13,0.3889474868774414
2020-05-14,0.40688323974609375
2020-05-15,0.4204253554344177
2020-05-16,0.38963383436203003
2020-05-17,0.4152373671531677
2020-05-18,0.4182955324649811
2020-05-19,0.3877713084220886
2020-05-20,0.4378063678741455
2020-05-21,0.42424631118774414
2020-05-22,0.3997410237789154
2020-05-23,0.4085719585418701
2020-05-24,0.4102086126804352
2020-05-25,0.42012786865234375
2020-05-26,0.394784152507782
2020-05-27,0.3701716661453247
2020-05-28,0.39114516973495483
2020-05-29,0.3901382386684418
2020-05-30,0.3552534878253937
2020-05-31,0.3967900276184082
2020-06-01,0.3119533658027649
2020-06-02,0.4106449484825134
2020-06-03,0.38404443860054016
2020-06-04,0.3819083571434021
2020-06-05,0.3832278847694397
2020-06-06,0.3370213508605957
2020-06-07,0.3881347179412842
2020-06-08,0.3225250542163849
2020-06-09,0.43085286021232605
2020-06-10,0.5616344213485718
2020-06-11,0.4530835747718811
2020-06-12,0.4346538186073303
2020-06-13,3.7060999870300293
2020-06-14,2.627622604370117
2020-06-15,4.213796138763428
2020-06-16,2.5553174018859863
2020-06-17,2.0995888710021973
2020-06-18,1.769103765487671
2020-06-19,1.400477409362793
2020-06-20,1.1509299278259277
2020-06-21,1.156435251235962
2020-06-22,1.1990697383880615
2020-06-23,0.9671987891197205
2020-06-24,0.8635551333427429
2020-06-25,1.1520655155181885
2020-06-26,0.9514453411102295
2020-06-27,1.6359398365020752
2020-06-28,1.2475440502166748
2020-06-29,1.1238479614257812
2020-06-30,1.0152084827423096
2020-07-01,1.0986318588256836
2020-07-02,3.675966739654541
2020-07-03,3.192824363708496
2020-07-04,2.7223682403564453
2020-07-05,2.3000550270080566
2020-07-06,1.6206209659576416
2020-07-07,1.7160351276397705
2020-07-08,1.87349271774292
2020-07-09,1.6171905994415283
2020-07-10,1.3087565898895264
2020-07-11,2.190183162689209
2020-07-12,3.023977518081665
2020-07-13,2.672105550765991
2020-07-14,2.839050769805908
2020-07-15,3.336392879486084
2020-07-16,2.6859793663024902
2020-07-17,3.00738787651062
2020-07-18,2.9947221279144287
2020-07-19,2.587747812271118
2020-07-20,2.5436720848083496
2020-07-21,2.2680068016052246
2020-07-22,3.0847535133361816
2020-07-23,3.128904104232788
2020-07-24,4.017248630523682
2020-07-25,4.337033748626709
2020-07-26,3.5820364952087402
2020-07-27,4.4076972007751465
2020-07-28,2.741884231567383
2020-07-29,3.619839668273926
2020-07-30,3.7153515815734863
2020-07-31,3.6483592987060547
2020-08-01,3.3474442958831787
2020-08-02,2.207735061645508
2020-08-03,3.8444271087646484
2020-08-04,2.8145837783813477
2020-08-05,2.718987464904785
2020-08-06,3.3088290691375732
2020-08-07,2.3053176403045654
2020-08-08,3.313289165496826
2020-08-09,2.398988723754883
2020-08-10,4.200612545013428
2020-08-11,3.9012932777404785
2020-08-12,3.441694736480713
2020-08-13,5.087612152099609
2020-08-14,4.255593299865723
2020-08-15,4.520024299621582
2020-08-16,5.060462474822998
2020-08-17,4.244963645935059
2020-08-18,4.19146203994751
2020-08-19,3.295527935028076
2020-08-20,4.363920211791992
2020-08-21,3.9713006019592285
2020-08-22,4.0412983894348145
2020-08-23,1.2875187397003174
2020-08-24,4.781246185302734
2020-08-25,4.556630611419678
2020-08-26,4.793923377990723
2020-08-27,2.7409024238586426
2020-08-28,4.390023708343506
2020-08-29,3.159266471862793
2020-08-30,3.9570670127868652
2020-08-31,4.40934944152832
2020-09-01,4.332852363586426
2020-09-02,2.3552117347717285
2020-09-03,4.334190368652344
2020-09-04,4.926564693450928
2020-09-05,2.6306076049804688
2020-09-06,3.6178231239318848
2020-09-07,2.305898427963257
2020-09-08,4.644315719604492
2020-09-09,4.441999912261963
2020-09-10,4.6760663986206055
2020-09-11,4.858796119689941
2020-09-12,4.404317855834961
2020-09-13,5.446711540222168
2020-09-14,5.613463878631592
2020-09-15,5.355582237243652
2020-09-16,4.625339508056641
2020-09-17,4.3076934814453125
2020-09-18,4.339093208312988
2020-09-19,2.793743371963501
2020-09-20,3.803413152694702
2020-09-21,1.8237648010253906
2020-09-22,5.523235321044922
2020-09-23,4.715391635894775
2020-09-24,3.1726818084716797
2020-09-25,4.384687423706055
2020-09-26,5.185175895690918
2020-09-27,5.29728364944458
2020-09-28,4.450397491455078
2020-09-29,5.504575729370117
2020-09-30,5.580107688903809
2020-10-01,5.637136459350586
2020-10-02,5.370096683502197
2020-10-03,5.393651962280273
2020-10-04,4.264056205749512
2020-10-05,4.922406196594238
2020-10-06,4.510926246643066
2020-10-07,5.4147233963012695
2020-10-08,5.3559064865112305
2020-10-09,5.374113082885742
2020-10-10,5.355726718902588
2020-10-11,5.161640167236328
2020-10-12,5.153728485107422
2020-10-13,4.197884559631348
2020-10-14,4.815905570983887
2020-10-15,4.483767032623291
2020-10-16,4.908761024475098
2020-10-17,4.716159820556641
2020-10-18,5.106109619140625
2020-10-19,5.085269927978516
2020-10-20,4.891789436340332
2020-10-21,4.116879940032959
2020-10-22,4.062603950500488
2020-10-23,4.685267448425293
2020-10-24,4.34817361831665
2020-10-25,4.343348503112793
2020-10-26,4.431669235229492
2020-10-27,4.436189651489258
2020-10-28,4.172059059143066
2020-10-29,4.087556838989258
2020-10-30,3.9409537315368652
2020-10-31,3.740790843963623
2020-11-01,4.000277042388916
2020-11-02,3.8231465816497803
2020-11-03,3.6797139644622803
2020-11-04,3.467414379119873
2020-11-05,3.4029273986816406
2020-11-06,3.2778384685516357
2020-11-07,3.726297378540039
2020-11-08,3.535006046295166
2020-11-09,3.1402525901794434
2020-11-10,2.9859657287597656
2020-11-11,3.1579103469848633
2020-11-12,3.1904749870300293
2020-11-13,3.04673171043396
2020-11-14,2.891679286956787
2020-11-15,2.648423194885254
2020-11-16,2.5893807411193848
2020-11-17,2.3560256958007812
2020-11-18,2.3368983268737793
2020-11-19,2.007580280303955
2020-11-20,1.932576060295105
2020-11-21,1.7882202863693237
2020-11-22,1.7539868354797363
2020-11-23,1.782719373703003
2020-11-24,1.902204990386963
2020-11-25,1.7743159532546997
2020-11-26,1.6699059009552002
2020-11-27,1.6483511924743652
2020-11-28,1.5758998394012451
2020-11-29,1.3915457725524902
2020-11-30,1.5349318981170654
2020-12-01,1.435813307762146
2020-12-02,1.338944911956787
2020-12-03,1.3352265357971191
2020-12-04,1.2933824062347412
2020-12-05,1.2647020816802979
2020-12-06,1.2416181564331055
2020-12-07,1.2276743650436401
2020-12-08,1.2027941942214966
2020-12-09,1.1376609802246094
2020-12-10,1.1466410160064697
2020-12-11,1.0962154865264893
2020-12-12,1.0991753339767456
2020-12-13,1.0272183418273926
2020-12-14,0.9971046447753906
2020-12-15,1.0070866346359253
2020-12-16,1.036871075630188
2020-12-17,1.0211149454116821
2020-12-18,1.0083492994308472
2020-12-19,1.053609848022461
2020-12-20,1.060973048210144
2020-12-21,1.0133981704711914
2020-12-22,0.9802665710449219
2020-12-23,0.9070631265640259
2020-12-24,0.8447655439376831
2020-12-25,0.8510741591453552
2020-12-26,0.9220020771026611
2020-12-27,0.8671033382415771
2020-12-28,0.8517111539840698
2020-12-29,0.8552864193916321
2020-12-30,0.8135250806808472
2020-12-31,0.8047259449958801
2021-01-01,0.833841860294342
2021-01-02,0.8682700395584106
2021-01-03,0.8628761768341064
2021-01-04,0.8742961287498474
2021-01-05,0.8619478344917297
2021-01-06,0.820919394493103
2021-01-07,0.7990350127220154
2021-01-08,0.8135559558868408
2021-01-09,0.8560875058174133
2021-01-10,0.868709921836853
2021-01-11,0.8843836784362793
2021-01-12,0.8656867742538452
2021-01-13,0.8804481029510498
2021-01-14,0.868065595626831
2021-01-15,0.8416004180908203
2021-01-16,0.8564024567604065
2021-01-17,0.8281072378158569
2021-01-18,0.8385540246963501
2021-01-19,0.8773179650306702
2021-01-20,0.8693517446517944
2021-01-21,0.8559101819992065
2021-01-22,0.8484947681427002
2021-01-23,0.8137544989585876
2021-01-24,0.8556289076805115
2021-01-25,0.8364707231521606
2021-01-26,0.7934707403182983
2021-01-27,0.7954272031784058
2021-01-28,0.7872093319892883
2021-01-29,0.756439208984375
2021-01-30,0.765369713306427
2021-01-31,0.7568148374557495
2021-02-01,0.7295165657997131
2021-02-02,0.6876994967460632
2021-02-03,0.6038784980773926
2021-02-04,0.6368725299835205
2021-02-05,0.6578680276870728
2021-02-06,0.5637547969818115
2021-02-07,0.6838259100914001
2021-02-08,0.67885422706604
2021-02-09,0.6715621948242188
2021-02-10,0.6190476417541504
2021-02-11,0.5992639064788818
2021-02-12,0.6018462181091309
2021-02-13,0.6026835441589355
2021-02-14,0.5910776853561401
2021-02-15,0.5853863954544067
2021-02-16,0.5741370916366577
2021-02-17,0.6274199485778809
2021-02-18,0.6190940141677856
2021-02-19,0.6431897878646851
2021-02-20,0.5527778267860413
2021-02-21,0.6285300254821777
2021-02-22,0.5945037603378296
2021-02-23,0.5492990016937256
2021-02-24,0.5465289354324341
2021-02-25,0.566368579864502
2021-02-26,0.6167347431182861
2021-02-27,0.6157674789428711
2021-02-28,0.6042669415473938
2021-03-01,0.6141464710235596
2021-03-02,0.5910909175872803
2021-03-03,0.5779757499694824
2021-03-04,0.5455344319343567
2021-03-05,0.5403814315795898
2021-03-06,0.5261387825012207
2021-03-07,0.5488017797470093
2021-03-08,0.6013056039810181
2021-03-09,0.624698281288147
2021-03-10,0.6218748688697815
2021-03-11,0.607446551322937
2021-03-12,0.6370746493339539
2021-03-13,0.635624885559082
2021-03-14,0.6032932996749878
2021-03-15,0.6228159666061401
2021-03-16,0.6060477495193481
2021-03-17,0.6395903825759888
2021-03-18,0.6358819007873535
2021-03-19,0.6313285827636719
2021-03-20,0.6307525038719177
2021-03-21,0.6536802053451538
2021-03-22,0.48770976066589355
2021-03-23,0.6689025163650513
2021-03-24,0.638437032699585
2021-03-25,0.6403056383132935
2021-03-26,0.6462024450302124
2021-03-27,0.6358467936515808
2021-03-28,0.6545670628547668
2021-03-29,0.6792259216308594
2021-03-30,0.6498560905456543
2021-03-31,0.7291284799575806
2021-04-01,0.6480814218521118
2021-04-02,0.6334391832351685
2021-04-03,0.6654170751571655
2021-04-04,0.6514793634414673
2021-04-05,0.6188035011291504
2021-04-06,0.6460007429122925
2021-04-07,0.6432356834411621
2021-04-08,0.5978600978851318
2021-04-09,0.6130872964859009
2021-04-10,0.6668331623077393
2021-04-11,0.6464969515800476
2021-04-12,0.6321290731430054
2021-04-13,0.5923092365264893
2021-04-14,0.6885089874267578
2021-04-15,0.6945812702178955
2021-04-16,0.6744495630264282
2021-04-17,0.6780322790145874
2021-04-18,0.6474142074584961
2021-04-19,0.6334596872329712
2021-04-20,0.6826597452163696
2021-04-21,0.7110650539398193
2021-04-22,0.7041609287261963
2021-04-23,0.6921558380126953
2021-04-24,0.6864171624183655
2021-04-25,0.7137110233306885
2021-04-26,0.6938385963439941
2021-04-27,0.6882977485656738
2021-04-28,0.6592346429824829
2021-04-29,0.6664645671844482
2021-04-30,0.6826826333999634
2021-05-01,0.6205391883850098
2021-05-02,0.7126041650772095
2021-05-03,0.7294838428497314
2021-05-04,0.7055709362030029
2021-05-05,0.7274502515792847
2021-05-06,0.6687958240509033
2021-05-07,0.6477868556976318
2021-05-08,0.6458556652069092
2021-05-09,0.6998017430305481
2021-05-10,0.6804822683334351
2021-05-11,0.6677674055099487
2021-05-12,0.5834622383117676
2021-05-13,0.6439598798751831
2021-05-14,0.5749400854110718
2021-05-15,0.6045511960983276
2021-05-16,0.660849928855896
2021-05-17,0.5817010402679443
2021-05-18,0.5471712350845337
2021-05-19,0.6009231805801392
2021-05-20,0.6253913640975952
2021-05-21,0.6269820928573608
2021-05-22,0.6473381519317627
2021-05-23,0.6395547389984131
2021-05-24,0.6141469478607178
2021-05-25,0.5035194158554077
2021-05-26,0.5521389245986938
2021-05-27,0.5663986206054688
2021-05-28,0.5848142504692078
2021-05-29,0.5780982971191406
2021-05-30,0.5164633989334106
2021-05-31,0.5334381461143494
2021-06-01,0.5214868187904358
2021-06-02,0.5818487405776978
2021-06-03,0.56884765625
2021-06-04,0.535381555557251
2021-06-05,0.5590052604675293
2021-06-06,0.5585381984710693
2021-06-07,0.5559831261634827
2021-06-08,0.6766325235366821
2021-06-09,1.7319746017456055
2021-06-10,1.1113922595977783
2021-06-11,3.2987942695617676
2021-06-12,2.321730613708496
2021-06-13,2.1110568046569824
2021-06-14,2.168410301208496
2021-06-15,1.076265573501587
2021-06-16,1.2688734531402588
2021-06-17,1.2989423274993896
2021-06-18,1.2524983882904053
2021-06-19,1.1396198272705078
2021-06-20,1.134779691696167
2021-06-21,0.8693257570266724
2021-06-22,0.7689913511276245
2021-06-23,0.9400116205215454
2021-06-24,0.9067762494087219
2021-06-25,0.8181272745132446
2021-06-26,3.0996413230895996
2021-06-27,2.9542794227600098
2021-06-28,2.6134681701660156
2021-06-29,2.2083587646484375
2021-06-30,1.819101095199585
2021-07-01,1.0868189334869385
2021-07-02,1.8284618854522705
2021-07-03,2.774731159210205
2021-07-04,2.1565585136413574
2021-07-05,1.2494616508483887
2021-07-06,0.9738977551460266
2021-07-07,2.33013916015625
2021-07-08,3.6936819553375244
2021-07-09,2.7765440940856934
2021-07-10,2.3791704177856445
2021-07-11,1.641860008239746
2021-07-12,3.197878360748291
2021-07-13,3.568432569503784
2021-07-14,2.201740264892578
2021-07-15,2.9008445739746094
2021-07-16,2.5910820960998535
2021-07-17,3.387331247329712
2021-07-18,3.203327178955078
2021-07-19,4.872596740722656
2021-07-20,3.1509900093078613
2021-07-21,2.4878809452056885
2021-07-22,3.423164129257202
2021-07-23,3.425724506378174
2021-07-24,3.2907943725585938
2021-07-25,3.023106575012207
2021-07-26,2.8065109252929688
2021-07-27,2.7300124168395996
2021-07-28,2.512568473815918
2021-07-29,1.7774008512496948
2021-07-30,3.212824821472168
2021-07-31,4.888513088226318
2021-08-01,2.951850414276123
2021-08-02,2.9406113624572754
2021-08-03,4.011927604675293
2021-08-04,3.0574467182159424
2021-08-05,3.585186004638672
2021-08-06,4.220134258270264
2021-08-07,3.6882994174957275
2021-08-08,3.4255712032318115
2021-08-09,3.724762439727783
2021-08-10,3.311020851135254
2021-08-11,3.763223171234131
2021-08-12,3.834731101989746
2021-08-13,2.748676300048828
2021-08-14,3.7189340591430664
2021-08-15,2.8973350524902344
2021-08-16,2.9534707069396973
2021-08-17,3.3578600883483887
2021-08-18,4.015271186828613
2021-08-19,2.5662264823913574
2021-08-20,4.141883850097656
2021-08-21,4.841436862945557
2021-08-22,4.110355377197266
2021-08-23,4.595738410949707
2021-08-24,3.702598810195923
2021-08-25,2.7712903022766113
2021-08-26,4.932112693786621
2021-08-27,4.182997703552246
2021-08-28,2.965038776397705
2021-08-29,4.472426414489746
2021-08-30,4.721568584442139
2021-08-31,5.631491661071777
2021-09-01,3.319234848022461
2021-09-02,5.236904144287109
2021-09-03,4.700276851654053
2021-09-04,4.485138893127441
2021-09-05,5.208797454833984
2021-09-06,4.697580337524414
2021-09-07,3.1967601776123047
2021-09-08,5.354543209075928
2021-09-09,5.555629730224609
2021-09-10,2.344604015350342
2021-09-11,4.65281867980957
2021-09-12,4.920114517211914
2021-09-13,4.453412055969238
2021-09-14,5.038548946380615
2021-09-15,4.778249740600586
2021-09-16,2.7922420501708984
2021-09-17,4.005267143249512
2021-09-18,4.738015174865723
2021-09-19,4.876897811889648
2021-09-20,5.550820350646973
2021-09-21,5.6741533279418945
2021-09-22,5.2425537109375
2021-09-23,5.910083770751953
2021-09-24,1.5703489780426025
2021-09-25,5.143955230712891
2021-09-26,4.530181407928467
2021-09-27,4.408472537994385
2021-09-28,5.295196056365967
2021-09-29,5.475733280181885
2021-09-30,5.377291679382324
2021-10-01,3.471379518508911
2021-10-02,5.56357479095459
2021-10-03,4.654750823974609
2021-10-04,4.586514949798584
2021-10-05,4.778989791870117
2021-10-06,5.163360595703125
2021-10-07,5.037684440612793
2021-10-08,5.073486328125
2021-10-09,4.457754135131836
2021-10-10,4.9199700355529785
2021-10-11,4.646028518676758
2021-10-12,4.482262134552002
2021-10-13,4.7414445877075195
2021-10-14,4.835682392120361
2021-10-15,4.797510147094727
2021-10-16,4.595882415771484
2021-10-17,4.188169002532959
2021-10-18,4.324860572814941
2021-10-19,4.584199905395508
2021-10-20,4.490468978881836
2021-10-21,3.889014720916748
2021-10-22,4.358850479125977
2021-10-23,3.5325422286987305
2021-10-24,4.100986480712891
2021-10-25,1.052027702331543
2021-10-26,3.85111665725708
2021-10-27,3.904961585998535
2021-10-28,0.467305451631546
2021-10-29,3.033644676208496
2021-10-30,2.159630537033081
2021-10-31,3.214252233505249
2021-11-01,3.769714832305908
2021-11-02,3.429084300994873
2021-11-03,3.313368320465088
2021-11-04,3.5807547569274902
2021-11-05,3.154355764389038
2021-11-06,3.5482606887817383
2021-11-07,3.2429778575897217
2021-11-08,3.310004234313965
2021-11-09,3.1289031505584717
2021-11-10,3.0253043174743652
2021-11-11,2.657565116882324
2021-11-12,2.9140267372131348
2021-11-13,2.513794422149658
2021-11-14,2.910184383392334
2021-11-15,2.8560986518859863
2021-11-16,2.7567977905273438
2021-11-17,2.6807734966278076
2021-11-18,2.376633882522583
2021-11-19,2.5090982913970947
2021-11-20,2.430222511291504
2021-11-21,2.2008988857269287
2021-11-22,2.1325693130493164
2021-11-23,2.033273458480835
2021-11-24,1.9616203308105469
2021-11-25,1.6293268203735352
2021-11-26,1.7371459007263184
2021-11-27,1.7889506816864014
2021-11-28,1.9299378395080566
2021-11-29,1.8267488479614258
2021-11-30,1.6320973634719849
2021-12-01,1.579416275024414
2021-12-02,1.619729995727539
2021-12-03,1.2998214960098267
2021-12-04,1.4194059371948242
2021-12-05,1.3759737014770508
2021-12-06,1.439173936843872
2021-12-07,1.3275470733642578
2021-12-08,1.2763383388519287
2021-12-09,1.2701997756958008
2021-12-10,1.2266995906829834
2021-12-11,1.0139250755310059
2021-12-12,1.0589087009429932
2021-12-13,1.104646921157837
2021-12-14,0.9868606328964233
2021-12-15,1.1488816738128662
2021-12-16,1.0917389392852783
2021-12-17,1.2032909393310547
2021-12-18,1.1158617734909058
2021-12-19,1.2158399820327759
2021-12-20,1.2253447771072388
2021-12-21,1.0433392524719238
2021-12-22,1.1584675312042236
2021-12-23,1.0933945178985596
2021-12-24,1.0348747968673706
2021-12-25,1.027105689048767
2021-12-26,0.9879218339920044
2021-12-27,1.162672758102417
2021-12-28,1.0465145111083984
2021-12-29,1.021536946296692
2021-12-30,1.017885684967041
2021-12-31,1.0334980487823486
2022-01-01,1.0161288976669312
2022-01-02,0.9794540405273438
2022-01-03,0.9875818490982056
2022-01-04,0.9434677362442017
2022-01-05,0.9267206192016602
2022-01-06,0.880103349685669
2022-01-07,0.8821476697921753
2022-01-08,0.8383373618125916
2022-01-09,0.8468955755233765
2022-01-10,0.8509625196456909
2022-01-11,0.8518005609512329
2022-01-12,0.7882158756256104
2022-01-13,0.7359293103218079
2022-01-14,0.8131862878799438
2022-01-15,0.9694622755050659
2022-01-16,0.5781151056289673
2022-01-17,0.8469760417938232
2022-01-18,0.8842860460281372
2022-01-19,0.8683110475540161
2022-01-20,0.8200540542602539
2022-01-21,0.6851279735565186
2022-01-22,0.8044612407684326
2022-01-23,0.8194036483764648
2022-01-24,0.7813795804977417
2022-01-25,0.7555108070373535
2022-01-26,0.749634861946106
2022-01-27,0.716058611869812
2022-01-28,0.6968206167221069
2022-01-29,0.705260157585144
2022-01-30,0.6917802691459656
2022-01-31,0.6743708848953247
2022-02-01,0.7098803520202637
2022-02-02,0.7066277861595154
2022-02-03,0.6795737743377686
2022-02-04,0.6818199157714844
2022-02-05,0.6395108103752136
2022-02-06,0.6220369338989258
2022-02-07,0.6129003763198853
2022-02-08,0.6194635629653931
2022-02-09,0.6243066191673279
2022-02-10,0.6375044584274292
2022-02-11,0.6841179132461548
2022-02-12,0.6604400873184204
2022-02-13,0.6367554664611816
2022-02-14,0.6181799173355103
2022-02-15,0.6136445999145508
2022-02-16,0.6169078946113586
2022-02-17,0.5775464773178101
2022-02-18,0.538025438785553
2022-02-19,0.5740976929664612
2022-02-20,0.5554322004318237
2022-02-21,0.5190609693527222
2022-02-22,0.5129517912864685
2022-02-23,0.5223585367202759
2022-02-24,0.5265289545059204
2022-02-25,0.5303088426589966
2022-02-26,0.55860435962677
2022-02-27,0.5565178394317627
2022-02-28,0.5685423016548157
2022-03-01,0.5615746974945068
2022-03-02,0.552700936794281
2022-03-03,0.5549890995025635
2022-03-04,0.5757713913917542
2022-03-05,0.5721656680107117
2022-03-06,0.5770052075386047
2022-03-07,0.566193699836731
2022-03-08,0.5740370750427246
2022-03-09,0.5581322908401489
2022-03-10,0.5431509613990784
2022-03-11,0.5330960750579834
2022-03-12,0.52772456407547
2022-03-13,0.5358579158782959
2022-03-14,0.5569126605987549
2022-03-15,0.584716260433197
2022-03-16,0.6089569330215454
2022-03-17,0.598933756351471
2022-03-18,0.6060940027236938
2022-03-19,0.602048397064209
2022-03-20,0.6155370473861694
2022-03-21,0.6136866211891174
2022-03-22,0.5898287296295166
2022-03-23,0.6145500540733337
2022-03-24,0.644446611404419
2022-03-25,0.6604801416397095
2022-03-26,0.6684027910232544
2022-03-27,0.5945902466773987
2022-03-28,0.6648826599121094
2022-03-29,0.6760863065719604
2022-03-30,0.6063903570175171
2022-03-31,0.5923165082931519
2022-04-01,0.621865451335907
2022-04-02,0.6687886714935303
2022-04-03,0.6987764835357666
2022-04-04,0.7143312692642212
2022-04-05,0.7123116254806519
2022-04-06,0.7007087469100952
2022-04-07,0.6306684017181396
2022-04-08,0.610792875289917
2022-04-09,0.6316632032394409
2022-04-10,0.6296882629394531
2022-04-11,0.665908932685852
2022-04-12,0.6777067184448242
2022-04-13,0.6940291523933411
2022-04-14,0.6786109209060669
2022-04-15,0.7047643661499023
2022-04-16,0.7017374038696289
2022-04-17,0.6852529644966125
2022-04-18,0.672741174697876
2022-04-19,0.6982190608978271
2022-04-20,0.7071434259414673
2022-04-21,0.6425729990005493
2022-04-22,0.6406987905502319
2022-04-23,0.6177277565002441
2022-04-24,0.6461160182952881
2022-04-25,0.6578617095947266
2022-04-26,0.7207180261611938
2022-04-27,0.7160156965255737
2022-04-28,0.6841174364089966
2022-04-29,0.6678325533866882
2022-04-30,0.00040622064261697233
2022-05-01,0.6595414876937866
2022-05-02,0.6787313222885132
2022-05-03,0.42266130447387695
2022-05-04,0.6847476959228516
2022-05-05,0.6667084693908691
2022-05-06,0.6196507811546326
2022-05-07,0.5660508871078491
2022-05-08,0.6492159366607666
2022-05-09,0.6693665981292725
2022-05-10,0.6571165323257446
2022-05-11,0.6081283092498779
2022-05-12,0.5775546431541443
2022-05-13,0.6113697290420532
2022-05-14,0.5818960666656494
2022-05-15,0.5704067945480347
2022-05-16,0.5630927681922913
2022-05-17,0.5725082159042358
2022-05-18,0.5830208659172058
2022-05-19,0.5364434123039246
2022-05-20,0.5681394338607788
2022-05-21,0.578432559967041
2022-05-22,0.7525433897972107
2022-05-23,0.6052417755126953
2022-05-24,0.6024134755134583
2022-05-25,0.5734406113624573
2022-05-26,0.5619302988052368
2022-05-27,3.200550079345703
2022-05-28,3.6354587078094482
2022-05-29,3.4281816482543945
2022-05-30,3.0302581787109375
2022-05-31,2.6773338317871094
2022-06-01,2.2667973041534424
2022-06-02,2.4118781089782715
2022-06-03,1.933131456375122
2022-06-04,1.8434538841247559
2022-06-05,1.5314970016479492
2022-06-06,4.38494873046875
2022-06-07,3.0281476974487305
2022-06-08,2.3061575889587402
2022-06-09,5.25243616104126
2022-06-10,4.199387550354004
2022-06-11,3.757206916809082
2022-06-12,3.199228286743164
2022-06-13,1.8663790225982666
2022-06-14,3.3504085540771484
2022-06-15,3.25628399848938
2022-06-16,4.067577362060547
2022-06-17,3.488797426223755
2022-06-18,3.1913857460021973
2022-06-19,2.606367826461792
2022-06-20,2.8290462493896484
2022-06-21,2.1988301277160645
2022-06-22,3.896186113357544
2022-06-23,5.212183952331543
2022-06-24,4.473107814788818
2022-06-25,4.211543560028076
2022-06-26,3.915611982345581
2022-06-27,3.6762046813964844
2022-06-28,3.5060081481933594
2022-06-29,3.4173717498779297
2022-06-30,0.007068156730383635
2022-07-01,2.672832727432251
2022-07-02,2.5927157402038574
2022-07-03,1.3858673572540283
2022-07-04,4.750317573547363
2022-07-05,3.2589657306671143
2022-07-06,3.43257999420166
2022-07-07,3.5406789779663086
2022-07-08,3.5628108978271484
2022-07-09,3.6850335597991943
2022-07-10,4.27630615234375
2022-07-11,3.2040371894836426
2022-07-12,3.4559643268585205
2022-07-13,3.005919933319092
2022-07-14,3.979034662246704
2022-07-15,4.530431270599365
2022-07-16,3.426523208618164
2022-07-17,4.384805202484131
2022-07-18,3.1211929321289062
2022-07-19,3.062596321105957
2022-07-20,2.9798336029052734
2022-07-21,3.337858200073242
2022-07-22,4.030091285705566
2022-07-23,2.7699756622314453
2022-07-24,4.688388824462891
2022-07-25,4.304015159606934
2022-07-26,3.8655881881713867
2022-07-27,3.299116611480713
2022-07-28,4.029269218444824
2022-07-29,3.7074081897735596
2022-07-30,4.549787521362305
2022-07-31,2.489922046661377
2022-08-01,4.399855613708496
2022-08-02,4.409976482391357
2022-08-03,2.2489418983459473
2022-08-04,3.8311781883239746
2022-08-05,2.2999696731567383
2022-08-06,3.9321539402008057
2022-08-07,4.2408342361450195
2022-08-08,4.644290924072266
2022-08-09,3.880615711212158
2022-08-10,4.221817970275879
2022-08-11,4.896334648132324
2022-08-12,6.256687164306641
2022-08-13,4.947142601013184
2022-08-14,4.351294040679932
2022-08-15,4.497590065002441
2022-08-16,4.871321678161621
2022-08-17,1.58597731590271
2022-08-18,3.8155312538146973
2022-08-19,4.8775129318237305
2022-08-20,5.20440149307251
2022-08-21,4.479990005493164
2022-08-22,3.5838184356689453
2022-08-23,3.8168835639953613
2022-08-24,2.655442714691162
2022-08-25,2.9588723182678223
2022-08-26,4.705556392669678
2022-08-27,4.607682228088379
2022-08-28,3.7941036224365234
2022-08-29,5.172067642211914
2022-08-30,5.155170440673828
2022-08-31,3.537853479385376
2022-09-01,3.662020683288574
2022-09-02,2.43967342376709
2022-09-03,4.910854816436768
2022-09-04,4.716629981994629
2022-09-05,4.933016777038574
2022-09-06,5.057365417480469
2022-09-07,4.694428443908691
2022-09-08,4.530428886413574
2022-09-09,4.258234977722168
2022-09-10,4.94478702545166
2022-09-11,2.9412641525268555
2022-09-12,4.185191631317139
2022-09-13,4.897841453552246
2022-09-14,2.4964418411254883
2022-09-15,2.4964418411254883
2022-09-16,4.863504886627197
2022-09-17,5.063531398773193
2022-09-18,3.8506083488464355
2022-09-19,0.841452956199646
2022-09-20,4.6467437744140625
2022-09-21,1.332627296447754
2022-09-22,3.3896071910858154
2022-09-23,3.086416721343994
2022-09-24,4.531534194946289
2022-09-25,4.704958915710449
2022-09-26,4.814528465270996
2022-09-27,4.477077960968018
2022-09-28,4.936893939971924
2022-09-29,4.68911075592041
2022-09-30,4.887059211730957
2022-10-01,4.457196235656738
2022-10-02,3.9688353538513184
2022-10-03,4.273662567138672
2022-10-04,4.112121105194092
2022-10-05,4.627391815185547
2022-10-06,5.165894031524658
2022-10-07,4.999749660491943
2022-10-08,4.927218437194824
2022-10-09,4.018307685852051
2022-10-10,1.411088228225708
2022-10-11,4.561709880828857
2022-10-12,4.309553146362305
2022-10-13,5.034811019897461
2022-10-14,4.976106643676758
2022-10-15,5.179722785949707
2022-10-16,3.7542879581451416
2022-10-17,4.8806281089782715
2022-10-18,3.2790331840515137
2022-10-19,5.457372665405273
2022-10-20,4.769466400146484
2022-10-21,4.5686421394348145
2022-10-22,4.525876522064209
2022-10-23,4.485350608825684
2022-10-24,3.5309669971466064
2022-10-25,4.766898155212402
2022-10-26,5.011914253234863
2022-10-27,4.498435020446777
2022-10-28,4.563122272491455
2022-10-29,4.376132011413574
2022-10-30,4.388681411743164
2022-10-31,4.470464706420898
2022-11-01,4.615182876586914
2022-11-02,4.3983306884765625
2022-11-03,4.639989376068115
2022-11-04,4.319750785827637
2022-11-05,4.256073474884033
2022-11-06,3.8241987228393555
2022-11-07,3.8824095726013184
2022-11-08,3.9432826042175293
2022-11-09,4.037869453430176
2022-11-10,3.400918960571289
2022-11-11,2.969111680984497
2022-11-12,3.340069532394409
2022-11-13,3.2392427921295166
2022-11-14,3.302703380584717
2022-11-15,3.5733046531677246
2022-11-16,2.9962849617004395
2022-11-17,3.3106446266174316
2022-11-18,3.536881923675537
2022-11-19,3.463430404663086
2022-11-20,3.072113513946533
2022-11-21,3.1564230918884277
2022-11-22,3.311127185821533
2022-11-23,3.255751132965088
2022-11-24,2.8198578357696533
2022-11-25,3.083735942840576
2022-11-26,2.659695625305176
2022-11-27,2.6311697959899902
2022-11-28,2.5143380165100098
2022-11-29,2.2744603157043457
2022-11-30,2.217400074005127
2022-12-01,2.162484645843506
2022-12-02,2.4443674087524414
2022-12-03,2.136329174041748
2022-12-04,1.607923150062561
2022-12-05,1.9433329105377197
2022-12-06,1.951061725616455
2022-12-07,1.8646388053894043
2022-12-08,1.7679535150527954
2022-12-09,1.661125659942627
2022-12-10,1.5057158470153809
2022-12-11,1.6636024713516235
2022-12-12,1.6407086849212646
2022-12-13,1.5434978008270264
2022-12-14,1.5294268131256104
2022-12-15,1.467228651046753
2022-12-16,1.3992574214935303
2022-12-17,1.3439946174621582
2022-12-18,1.3439717292785645
2022-12-19,1.3215763568878174
2022-12-20,1.4614453315734863
2022-12-21,1.386033058166504
2022-12-22,1.2585151195526123
2022-12-23,1.3489775657653809
2022-12-24,1.264003038406372
2022-12-25,1.2702865600585938
2022-12-26,1.194671392440796
2022-12-27,1.1712803840637207
2022-12-28,0.3803172707557678
2022-12-29,0.8865726590156555
2022-12-30,1.2963168621063232
2022-12-31,1.609572410583496
