Date,LIS_Streamflow
2015-01-01,0.012255690183114114
2015-01-02,0.012148972476552382
2015-01-03,0.01204758948034618
2015-01-04,0.011949911991678094
2015-01-05,0.011847771104584102
2015-01-06,0.011746564912582063
2015-01-07,0.011650382719102629
2015-01-08,0.011558960511560393
2015-01-09,0.011470227673061767
2015-01-10,0.011385009503783274
2015-01-11,0.011305277783136962
2015-01-12,0.011227052202094042
2015-01-13,0.011152681881293463
2015-01-14,0.0110767371952533
2015-01-15,0.010999579917036702
2015-01-16,0.010925797283107377
2015-01-17,0.010853781401641139
2015-01-18,0.010780820078090952
2015-01-19,0.010711195047281971
2015-01-20,0.010643511590234927
2015-01-21,0.0105752907693386
2015-01-22,0.010508428687870662
2015-01-23,0.01044253886079707
2015-01-24,0.010376913980254065
2015-01-25,0.010311644186144076
2015-01-26,0.010246666586311824
2015-01-27,0.010182005378778631
2015-01-28,0.010118363235569847
2015-01-29,0.010056323006458506
2015-01-30,0.009995573992244315
2015-01-31,0.009936709257843223
2015-02-01,0.009880247710981305
2015-02-02,0.009830407282606668
2015-02-03,0.009772854796210522
2015-02-04,0.009719685181209964
2015-02-05,0.009667308209497476
2015-02-06,0.009616523509521347
2015-02-07,0.009567660824188728
2015-02-08,0.009521684829337485
2015-02-09,0.009475247003138
2015-02-10,0.0094273211434483
2015-02-11,0.0093801338225603
2015-02-12,0.009334198294908393
2015-02-13,0.009288152807787263
2015-02-14,0.009242283320247582
2015-02-15,0.009196918842434246
2015-02-16,0.009159430605905027
2015-02-17,0.00910780939411763
2015-02-18,0.009064615533986816
2015-02-19,0.009020360649714062
2015-02-20,0.008977448877459408
2015-02-21,0.0089348880574107
2015-02-22,0.0088924020528793
2015-02-23,0.0088503658771514
2015-02-24,0.008809644728899
2015-02-25,0.0087697263807058
2015-02-26,0.0087293181568384
2015-02-27,0.0086880326271057
2015-02-28,0.0086468067020177
2015-03-01,0.0086064711213111
2015-03-02,0.0085668191313743
2015-03-03,0.0085282325744628
2015-03-04,0.008490838122156284
2015-03-05,0.008456219001949717
2015-03-06,0.008422559574509948
2015-03-07,0.008387889722611563
2015-03-08,0.0083534382283687
2015-03-09,0.008318605869835214
2015-03-10,0.00828376689696623
2015-03-11,0.0082495529204607
2015-03-12,0.0082166315987706
2015-03-13,0.008184186015630722
2015-03-14,0.008152497488575546
2015-03-15,0.008122445692734421
2015-03-16,0.008093486256001326
2015-03-17,0.008073745340880095
2015-03-18,0.008365179470274499
2015-03-19,0.008076380800048334
2015-03-20,0.0079793985933065
2015-03-21,0.007949916875878298
2015-03-22,0.0079203862696886
2015-03-23,0.0078914426267147
2015-03-24,0.0078630866482853
2015-03-25,0.0078354841098189
2015-03-26,0.0078088860027492
2015-03-27,0.0077834669500589
2015-03-28,0.0077594346366822
2015-03-29,0.0077352221123874
2015-03-30,0.007710097823292
2015-03-31,0.007685896474868
2015-04-01,0.0076625416986644
2015-04-02,0.0076401177793741
2015-04-03,0.0076187252998352
2015-04-04,0.007597924986672127
2015-04-05,0.0075775790028274
2015-04-06,0.0075576202943921
2015-04-07,0.0075375037267804
2015-04-08,0.0075176754035055
2015-04-09,0.007505141871206344
2015-04-10,0.0074808457866311
2015-04-11,0.0074627068825066
2015-04-12,0.00744522921741
2015-04-13,0.0074280388653278
2015-04-14,0.00741068122763969
2015-04-15,0.0073933363892138
2015-04-16,0.0073765772394835
2015-04-17,0.0073599070310592
2015-04-18,0.0073434161022305
2015-04-19,0.0073267049156129
2015-04-20,0.0073104836046695
2015-04-21,0.0072947004809975
2015-04-22,0.007278938736979982
2015-04-23,0.0072639156132936
2015-04-24,0.0072496519424021
2015-04-25,0.0072353365831077
2015-04-26,0.0072205967288499606
2015-04-27,0.0072059379890561
2015-04-28,0.0071914056316018
2015-04-29,0.0071772057563066
2015-04-30,0.007163334207599623
2015-05-01,0.007149807177484
2015-05-02,0.0071362564340233
2015-05-03,0.0071226611222029714
2015-05-04,0.007160060784372009
2015-05-05,0.0070987645024160485
2015-05-06,0.007085960961717262
2015-05-07,0.007072791802556797
2015-05-08,0.0070582008920609
2015-05-09,0.007045604288578
2015-05-10,0.007032784861372898
2015-05-11,0.0070201246999204
2015-05-12,0.007007828449919264
2015-05-13,0.0069957631640136
2015-05-14,0.0069838445633649
2015-05-15,0.006971949405400449
2015-05-16,0.0069601307623088
2015-05-17,0.006948186600054179
2015-05-18,0.006936106034979495
2015-05-19,0.0069237193092703
2015-05-20,0.0069112158380448
2015-05-21,0.0068986867554485
2015-05-22,0.007461805478669601
2015-05-23,0.006874070586775327
2015-05-24,0.006860560665989084
2015-05-25,0.006847522255317663
2015-05-26,0.0068342839367687
2015-05-27,0.0068210801109671
2015-05-28,0.0068078534677624
2015-05-29,0.0067953588441014
2015-05-30,0.0067833927460014
2015-05-31,0.006775242703042673
2015-06-01,0.0067591229453682
2015-06-02,0.006760587780263373
2015-06-03,0.006732938502311713
2015-06-04,0.0067193699069321
2015-06-05,0.0067056841216981
2015-06-06,0.006692150196059277
2015-06-07,0.0066782087087631
2015-06-08,0.0066645042970776
2015-06-09,0.00769513042178
2015-06-10,0.0818436625413596
2015-06-11,0.006625434479730542
2015-06-12,0.0066117597743868
2015-06-13,0.0065976316109299
2015-06-14,0.0067914835963165
2015-06-15,0.0065690958872437
2015-06-16,0.0475465226918458
2015-06-17,0.006547191671415888
2015-06-18,0.006523310562795757
2015-06-19,0.0065056793391704
2015-06-20,0.518203753978014
2015-06-21,0.009197500534355599
2015-06-22,0.006453203485333951
2015-06-23,0.006436406588363676
2015-06-24,0.006412706830461982
2015-06-25,0.006391544870135454
2015-06-26,0.0063701891340315
2015-06-27,0.0063478900119662
2015-06-28,0.0063253492116928
2015-06-29,0.0082301819929852
2015-06-30,0.0001306220947299
2015-07-01,0.8346007484942675
2015-07-02,0.0062481327913701
2015-07-03,0.0062360670945053424
2015-07-04,0.006208311766386
2015-07-05,0.0061866054311394
2015-07-06,0.006165391774434327
2015-07-07,0.00615086379730197
2015-07-08,0.40292659681290377
2015-07-09,0.7497933926060796
2015-07-10,0.013821986038237699
2015-07-11,0.0062105534598231
2015-07-12,0.0154075012542307
2015-07-13,0.0063431133748962
2015-07-14,1.1324947224929927
2015-07-15,1.25743829831481
2015-07-16,0.0060202954337
2015-07-17,0.006017451166371731
2015-07-18,0.0059929644871772065
2015-07-19,1.9607679774053393
2015-07-20,0.0059662810526788
2015-07-21,0.005951999220997
2015-07-22,0.005987676537188171
2015-07-23,0.0059199668467044
2015-07-24,0.005903297420459721
2015-07-25,2.547628294210881
2015-07-26,0.0058767148293554
2015-07-27,0.0208350094035267
2015-07-28,0.07787270797416561
2015-07-29,0.0079309148713945
2015-07-30,0.14719474827870718
2015-07-31,0.005837265460172596
2015-08-01,0.0443034563213585
2015-08-02,0.0095716754440218
2015-08-03,0.0059923704829998
2015-08-04,0.14485055441036812
2015-08-05,0.0058272072892577775
2015-08-06,0.005785721127267603
2015-08-07,0.0057775904806475495
2015-08-08,0.0057756783280637795
2015-08-09,0.2331661330536007
2015-08-10,0.0059418300224933
2015-08-11,0.0272305104881524
2015-08-12,4.796035673934966
2015-08-13,0.016492555849254
2015-08-14,4.231414075475186
2015-08-15,0.2333164061419665
2015-08-16,0.005876707158677079
2015-08-17,1.192440390121192
2015-08-18,0.006248364262499927
2015-08-19,0.0439167316071688
2015-08-20,0.8530652597546577
2015-08-21,0.8064616261981427
2015-08-22,0.3166404869407414
2015-08-23,0.39578896947205056
2015-08-24,0.013650726530098103
2015-08-25,4.911787597462535
2015-08-26,0.2249987926334142
2015-08-27,0.0297477096319198
2015-08-28,0.4167901054024696
2015-08-29,1.2497238032519817
2015-08-30,0.116742830723524
2015-08-31,0.06721916258538838
2015-09-01,0.1319891847670077
2015-09-02,0.09105017145520833
2015-09-03,1.2119675800204277
2015-09-04,0.1227675918489694
2015-09-05,0.1217068363912403
2015-09-06,0.1325068522710352
2015-09-07,0.1466186647303401
2015-09-08,0.14928492733451998
2015-09-09,0.15301416956936006
2015-09-10,5.915357738733292
2015-09-11,0.205429883673787
2015-09-12,0.20048497279549335
2015-09-13,6.329209819436073
2015-09-14,0.2933620810758528
2015-09-15,0.6923499703407288
2015-09-16,0.4903196841478347
2015-09-17,0.4137997329235077
2015-09-18,0.4223933815956116
2015-09-19,0.41616952419281
2015-09-20,0.4075199807994067
2015-09-21,0.39044491248205293
2015-09-22,0.4423568621277808
2015-09-23,0.3701865509501658
2015-09-24,1.0558435022830963
2015-09-25,0.3418802917003631
2015-09-26,5.297024756669998
2015-09-27,0.3930310681462288
2015-09-28,0.6441819369792938
2015-09-29,1.9360695481300356
2015-09-30,5.786949157714844
2015-10-01,1.2163231074810028
2015-10-02,1.5204179286956787
2015-10-03,1.7060318104922771
2015-10-04,1.6519839763641355
2015-10-05,1.5892831459641457
2015-10-06,1.5598462149500847
2015-10-07,1.6163233518600464
2015-10-08,1.3582217693360081
2015-10-09,1.2948881620541215
2015-10-10,1.2087403535842896
2015-10-11,1.117560863494873
2015-10-12,1.029662701774214
2015-10-13,0.9956614077091218
2015-10-14,0.8866884163580835
2015-10-15,0.8247175980359316
2015-10-16,0.8509810268878937
2015-10-17,0.708025128765712
2015-10-18,0.6555145978927612
2015-10-19,0.6081563922271016
2015-10-20,0.6232233121991158
2015-10-21,0.6366676911711693
2015-10-22,0.5016019909526221
2015-10-23,1.4485935270786285
2015-10-24,0.44980104051683156
2015-10-25,0.4339085437823087
2015-10-26,0.4140738248825073
2015-10-27,0.3952164980437373
2015-10-28,0.37756656235342234
2015-10-29,0.3600453734397888
2015-10-30,0.3433878421783447
2015-10-31,0.3364154659211635
2015-11-01,0.3135127051136805
2015-11-02,0.3003819278646915
2015-11-03,0.2895446547772734
2015-11-04,0.2754855751991272
2015-11-05,0.26297128200531
2015-11-06,0.2513092458248138
2015-11-07,0.24046822378249996
2015-11-08,0.23031144189815222
2015-11-09,0.2207987904548645
2015-11-10,0.2117488980293274
2015-11-11,0.2031991481781005
2015-11-12,0.19530303390661174
2015-11-13,0.1880721353831447
2015-11-14,0.1813404210406587
2015-11-15,0.1744334697723388
2015-11-16,0.167915865778923
2015-11-17,0.1621706165897194
2015-11-18,0.15621955302436322
2015-11-19,0.15092456456841313
2015-11-20,0.1458506138860684
2015-11-21,0.14103698379227048
2015-11-22,0.13703753633308222
2015-11-23,0.1327355049797915
2015-11-24,0.12870893667500288
2015-11-25,0.12485543031982614
2015-11-26,0.12116557687870429
2015-11-27,0.1176963597536087
2015-11-28,0.11442000023626511
2015-11-29,0.111295106500961
2015-11-30,0.10830631480166623
2015-12-01,0.10540917255042359
2015-12-02,0.1026645377278328
2015-12-03,0.1000862571302219
2015-12-04,0.0976254343986511
2015-12-05,0.0952585190534591
2015-12-06,0.0930132418870925
2015-12-07,0.0909126177430152
2015-12-08,0.0888974592089653
2015-12-09,0.086954578757286
2015-12-10,0.08509059059511863
2015-12-11,0.08342496690102053
2015-12-12,0.08193200123787389
2015-12-13,0.08025131113841152
2015-12-14,0.07875050093463537
2015-12-15,0.0773033612478073
2015-12-16,0.0758609026670456
2015-12-17,0.0744182169437408
2015-12-18,0.0730251893401146
2015-12-19,0.0716920644044876
2015-12-20,0.0704044327139854
2015-12-21,0.0691807642579078
2015-12-22,0.0680045187473297
2015-12-23,0.0668589994311332
2015-12-24,0.06574313521946343
2015-12-25,0.06465603412251504
2015-12-26,0.06359944302497303
2015-12-27,0.06293560008634799
2015-12-28,0.0709037762135267
2015-12-29,0.060977081042949494
2015-12-30,0.06000687267248848
2015-12-31,0.05907582673892813
2016-01-01,0.05820098104959466
2016-01-02,0.05733013278586435
2016-01-03,0.0565748845438065
2016-01-04,0.058178840205073204
2016-01-05,0.05515480786815663
2016-01-06,0.0543943718075752
2016-01-07,0.0536469519138336
2016-01-08,0.0529161319136619
2016-01-09,0.0522020570933818
2016-01-10,0.0515045076608657
2016-01-11,0.0508248582482337
2016-01-12,0.05017182580809272
2016-01-13,0.04953967976189223
2016-01-14,0.0489224568009376
2016-01-15,0.0483191795647144
2016-01-16,0.04772098735170016
2016-01-17,0.0471269562840461
2016-01-18,0.0465513691306114
2016-01-19,0.0459925308823585
2016-01-20,0.04544389556991034
2016-01-21,0.044912702674992026
2016-01-22,0.04439619653844316
2016-01-23,0.0438757836818695
2016-01-24,0.0433610863983631
2016-01-25,0.042858451635287495
2016-01-26,0.0423714965581893
2016-01-27,0.042674588272348
2016-01-28,0.041820006794296094
2016-01-29,0.0410201922059059
2016-01-30,0.0405639261007308
2016-01-31,0.04011268652963407
2016-02-01,0.039672458118275154
2016-02-02,0.0392390489578247
2016-02-03,0.0388133600354194
2016-02-04,0.0384028926491737
2016-02-05,0.03800882134272846
2016-02-06,0.0376235567661638
2016-02-07,0.03724342976342399
2016-02-08,0.036868505179882
2016-02-09,0.0364968888461589
2016-02-10,0.03614187583571033
2016-02-11,0.03579043672954177
2016-02-12,0.03544667946471235
2016-02-13,0.0351028330624103
2016-02-14,0.03476700945989813
2016-02-15,0.0344393402338027
2016-02-16,0.0341176874935627
2016-02-17,0.0337977856397628
2016-02-18,0.0334806442260742
2016-02-19,0.033168641017454085
2016-02-20,0.03288007393348373
2016-02-21,0.03257848103794456
2016-02-22,0.03227927555102812
2016-02-23,0.031988086112472995
2016-02-24,0.03170707821846
2016-02-25,0.031433992087841
2016-02-26,0.0311663076281547
2016-02-27,0.030903392504903697
2016-02-28,0.03063782592933954
2016-02-29,0.03036766393503848
2016-03-01,0.030149337744660425
2016-03-02,0.0298559665679931
2016-03-03,0.0296031683683395
2016-03-04,0.029353292658925
2016-03-05,0.0291118286550045
2016-03-06,0.0288718249648809
2016-03-07,0.028633713722229
2016-03-08,0.0283982045948505
2016-03-09,0.0281655918806791
2016-03-10,0.0279351528733968
2016-03-11,0.0277042165398597
2016-03-12,0.0274755842983722
2016-03-13,0.0272513758391141
2016-03-14,0.0270306672900915
2016-03-15,0.0268160142004489
2016-03-16,0.0266091618686914
2016-03-17,0.0264055933803319
2016-03-18,0.0262060090899467
2016-03-19,0.0260128751397132
2016-03-20,0.0258283875882625
2016-03-21,0.0256485790014266
2016-03-22,0.025466932871793767
2016-03-23,0.0252858232706785
2016-03-24,0.0252327555499505
2016-03-25,0.0249756143639388
2016-03-26,0.0247495118528604
2016-03-27,0.0245793107897043
2016-03-28,0.0244145225733518
2016-03-29,0.0242602862417697
2016-03-30,0.0241081230342388
2016-03-31,0.02395018565397674
2016-04-01,0.023796135792281257
2016-04-02,0.023644471541047
2016-04-03,0.0234959721565246
2016-04-04,0.0233511105179786
2016-04-05,0.0232100691646337
2016-04-06,0.0230706166476011
2016-04-07,0.0229312051087617
2016-04-08,0.022797780505698004
2016-04-09,0.022662022876000134
2016-04-10,0.0225317776203155
2016-04-11,0.0224055126309394
2016-04-12,0.02228282286469914
2016-04-13,0.0221623461693525
2016-04-14,0.02205120420103408
2016-04-15,0.0219300389289855
2016-04-16,0.0218154899775981
2016-04-17,0.02170174257832252
2016-04-18,0.0215904247015714
2016-04-19,0.021479595452547
2016-04-20,0.0213713627308607
2016-04-21,0.0212666522711515
2016-04-22,0.0211642086505889
2016-04-23,0.0210619568824768
2016-04-24,0.02095658617531623
2016-04-25,0.0208502598106861
2016-04-26,0.0207485482096672
2016-04-27,0.0206493847072124
2016-04-28,0.020550648028436282
2016-04-29,0.0204515811055898
2016-04-30,0.020364842474918914
2016-05-01,0.0202596262097358
2016-05-02,0.0201692469418048
2016-05-03,0.0200788062065839
2016-05-04,0.0199873987585306
2016-05-05,0.0198970139026641
2016-05-06,0.0221174980979412
2016-05-07,0.0197206400334835
2016-05-08,0.0196342598646879
2016-05-09,0.019548624753952
2016-05-10,0.0194644015282392
2016-05-11,0.0193805433809757
2016-05-12,0.0192979052662849
2016-05-13,0.0192163661122322
2016-05-14,0.0191356241703033
2016-05-15,0.0190559551119804
2016-05-16,0.018976055085659
2016-05-17,0.0188949853181839
2016-05-18,0.0188151448965072
2016-05-19,0.0187343880534172
2016-05-20,0.0186519175767898
2016-05-21,0.018570065498352
2016-05-22,0.0184882562607526
2016-05-23,0.0184064023196697
2016-05-24,0.0183251947164535
2016-05-25,0.0182437617331743
2016-05-26,0.018186179746407925
2016-05-27,0.0232067350298166
2016-05-28,0.0192473703064023
2016-05-29,0.017922966331160677
2016-05-30,0.0178434681147336
2016-05-31,0.0177618823945522
2016-06-01,0.0184260815149172
2016-06-02,0.0202718682121484
2016-06-03,0.0175245925784111
2016-06-04,0.01745012196988679
2016-06-05,0.017362792200222486
2016-06-06,0.0172827057540416
2016-06-07,0.017205669744384925
2016-06-08,0.0172508030809694
2016-06-09,0.0170497652143239
2016-06-10,0.0169694144278764
2016-06-11,0.016891943789232658
2016-06-12,0.0219521303661167
2016-06-13,0.016768145462265214
2016-06-14,0.0166573766618967
2016-06-15,0.016577749893217947
2016-06-16,0.0164941791445016
2016-06-17,0.0164083857089281
2016-06-18,0.016321835064445605
2016-06-19,0.016233092336304017
2016-06-20,0.0161431822925806
2016-06-21,0.0160502344369888
2016-06-22,0.0159545075148344
2016-06-23,0.0193684110417961
2016-06-24,0.015776851021655516
2016-06-25,0.051339995115995296
2016-06-26,0.01558046211202139
2016-06-27,4.422914278693497
2016-06-28,0.07088586036115871
2016-06-29,0.015311279448724142
2016-06-30,0.049250361509621005
2016-07-01,0.0151649648323655
2016-07-02,0.015964810577172143
2016-07-03,0.014978874621814785
2016-07-04,0.014885829516539427
2016-07-05,0.01479278441126407
2016-07-06,0.014699739305988712
2016-07-07,0.014606694200713354
2016-07-08,0.014513649095437996
2016-07-09,0.014420603990162638
2016-07-10,0.014327558884887279
2016-07-11,0.014234513779611921
2016-07-12,0.014141468674336563
2016-07-13,0.014048423569061205
2016-07-14,0.013955378463785847
2016-07-15,0.01386233335851049
2016-07-16,0.013769288253235132
2016-07-17,0.013676243147959774
2016-07-18,0.013583198042684416
2016-07-19,0.013490152937409058
2016-07-20,0.5354734761640428
2016-07-21,0.46951529942452896
2016-07-22,0.0133047699928283
2016-07-23,0.07175107486546035
2016-07-24,0.1302347071468829
2016-07-25,0.013409403371042518
2016-07-26,0.013551629839639638
2016-07-27,0.055283132009208105
2016-07-28,0.014061739897442655
2016-07-29,0.052358826622366905
2016-07-30,1.6399394348263743
2016-07-31,0.0192997418344019
2016-08-01,0.01517957396436023
2016-08-02,0.0156810423886781
2016-08-03,0.0161548480391502
2016-08-04,0.016588809508249282
2016-08-05,0.016983370696834737
2016-08-06,0.01733056419652709
2016-08-07,0.017584649751825027
2016-08-08,0.017731312662363
2016-08-09,0.01778657597446904
2016-08-10,0.5729562100023031
2016-08-11,0.09165384806692589
2016-08-12,0.018129700955796482
2016-08-13,0.033842470496892804
2016-08-14,0.018145013635148637
2016-08-15,0.017999123207232435
2016-08-16,0.41024879366159434
2016-08-17,0.1024015247821807
2016-08-18,0.017800208635890113
2016-08-19,0.21755048260092733
2016-08-20,1.1544436886906624
2016-08-21,0.053415773436427
2016-08-22,0.1849733218550681
2016-08-23,0.0196473263204097
2016-08-24,0.0204463191330432
2016-08-25,0.0211831107735633
2016-08-26,0.021752846738308962
2016-08-27,2.9610269125550985
2016-08-28,0.0229240469634532
2016-08-29,4.157677751034498
2016-08-30,0.0280542570399119
2016-08-31,0.0663726907223462
2016-09-01,0.0765640139579772
2016-09-02,0.1648676842451095
2016-09-03,0.0659682632540352
2016-09-04,0.07138594987506242
2016-09-05,0.2474874481558799
2016-09-06,1.5044904798269272
2016-09-07,0.0821948945522308
2016-09-08,0.0868384391069412
2016-09-09,0.0901434747647726
2016-09-10,0.4858176335692405
2016-09-11,0.1395864076912403
2016-09-12,0.40524639934301365
2016-09-13,0.1327060908079147
2016-09-14,0.10117838009318803
2016-09-15,0.10242045467020941
2016-09-16,0.7213010638952255
2016-09-17,0.5374131128191947
2016-09-18,0.1109125041402876
2016-09-19,0.1198571594431995
2016-09-20,0.11545935588947023
2016-09-21,0.1152697429060936
2016-09-22,0.1129001134540885
2016-09-23,0.8314828425645828
2016-09-24,0.1152394600212573
2016-09-25,0.7988242059946059
2016-09-26,0.105186482076533
2016-09-27,1.5610328987240791
2016-09-28,0.18759010732173909
2016-09-29,0.6488847509026526
2016-09-30,0.48790498077869404
2016-10-01,0.1345541626214981
2016-10-02,0.142587125301361
2016-10-03,0.1459848582744598
2016-10-04,0.1453676521778106
2016-10-05,0.1418350338935852
2016-10-06,0.13704243801475963
2016-10-07,0.1307770311832428
2016-10-08,0.123339831829071
2016-10-09,0.1158874928951263
2016-10-10,0.10866020117327932
2016-10-11,0.10162119516007805
2016-10-12,0.0947159677743911
2016-10-13,0.08820201098868088
2016-10-14,0.08192590626592011
2016-10-15,0.07703589263837779
2016-10-16,0.07158784414559702
2016-10-17,0.06665916203928637
2016-10-18,0.06212736926255493
2016-10-19,0.05797191940657416
2016-10-20,0.054315049696423666
2016-10-21,0.05103675223524905
2016-10-22,0.04787768879984043
2016-10-23,0.045098900967160724
2016-10-24,0.04273878650408309
2016-10-25,0.04052143270610025
2016-10-26,0.0384910279173595
2016-10-27,0.03657954197442098
2016-10-28,0.0348492339253425
2016-10-29,0.0333607234060764
2016-10-30,0.09182212501764289
2016-10-31,0.031021933415559016
2016-11-01,0.02999177934736954
2016-11-02,0.029038593652428685
2016-11-03,0.028175177582661675
2016-11-04,0.027385082777982385
2016-11-05,0.02666581045195926
2016-11-06,0.0259217899292707
2016-11-07,0.025264222145366874
2016-11-08,0.0246769841760396
2016-11-09,0.02416183593049931
2016-11-10,0.023691975062277472
2016-11-11,0.023260442331775245
2016-11-12,0.022833888352147703
2016-11-13,0.0224443059414625
2016-11-14,0.02209949426537599
2016-11-15,0.021780198814583533
2016-11-16,0.0215118676505596
2016-11-17,0.021256146963438558
2016-11-18,0.021013930439949
2016-11-19,0.0207946319133043
2016-11-20,0.0205805692821741
2016-11-21,0.0203808024525642
2016-11-22,0.020200321299315538
2016-11-23,0.0200336016714572
2016-11-24,0.0198763124644756
2016-11-25,0.019727581591695256
2016-11-26,0.0195871647447347
2016-11-27,0.01945802383134578
2016-11-28,0.019337189604176883
2016-11-29,0.019220950287248923
2016-11-30,0.0191113712467654
2016-12-01,0.019005874171853
2016-12-02,0.0189061891287565
2016-12-03,0.018812445923686
2016-12-04,0.0187228694558143
2016-12-05,0.0186359118670225
2016-12-06,0.0185533855110406
2016-12-07,0.0184738729149103
2016-12-08,0.0183954574167728
2016-12-09,0.0183185916393995
2016-12-10,0.018243903779682196
2016-12-11,0.018172569999705897
2016-12-12,0.01810893108995508
2016-12-13,0.0180335287004709
2016-12-14,0.01796713368279997
2016-12-15,0.017909615859025476
2016-12-16,0.017841190595941414
2016-12-17,0.017783470698759605
2016-12-18,0.01773627787588339
2016-12-19,0.0176681242883205
2016-12-20,0.0176127515733242
2016-12-21,0.017556753888179268
2016-12-22,0.017502374947071
2016-12-23,0.0174489077180624
2016-12-24,0.017395974596568553
2016-12-25,0.017344300028576634
2016-12-26,0.0172936804592609
2016-12-27,0.0172438994050025
2016-12-28,0.0171948559582233
2016-12-29,0.0171463768929243
2016-12-30,0.0170984156429767
2016-12-31,0.017051002010703
2017-01-01,0.0170044284313917
2017-01-02,0.0169594902545213
2017-01-03,0.0169149991124868
2017-01-04,0.016870891675353
2017-01-05,0.0168272145092487
2017-01-06,0.0167840346693992
2017-01-07,0.0167413465678691
2017-01-08,0.0166993252933147
2017-01-09,0.01665799360907268
2017-01-10,0.01661629101598032
2017-01-11,0.016574995494792605
2017-01-12,0.0165339261293411
2017-01-13,0.0164929125458002
2017-01-14,0.0164522565901279
2017-01-15,0.0164120942354202
2017-01-16,0.0163723714649677
2017-01-17,0.0163328722119331
2017-01-18,0.0162934996187686
2017-01-19,0.016254398971796
2017-01-20,0.01621556920290155
2017-01-21,0.01617726154860923
2017-01-22,0.016140430769269166
2017-01-23,0.01610296224036886
2017-01-24,0.0160661619156599
2017-01-25,0.016029629856348
2017-01-26,0.0159933064132928
2017-01-27,0.015957128811756125
2017-01-28,0.0159211096030178
2017-01-29,0.0158852487802505
2017-01-30,0.015849607103498076
2017-01-31,0.015814352936246216
2017-02-01,0.0157788041979074
2017-02-02,0.0157436467707157
2017-02-03,0.015708677470684
2017-02-04,0.0156739000231027
2017-02-05,0.01563929207623
2017-02-06,0.0156048629432916
2017-02-07,0.0155706331133842
2017-02-08,0.0155365904793143
2017-02-09,0.015503963176001868
2017-02-10,0.015470086499931252
2017-02-11,0.015442373427049398
2017-02-12,0.0154070711837448
2017-02-13,0.015388871677714574
2017-02-14,0.0153592387287062
2017-02-15,0.015307893026374517
2017-02-16,0.015276213406506747
2017-02-17,0.015244828032005458
2017-02-18,0.015214335485893554
2017-02-19,0.015183570849217114
2017-02-20,0.015151317231357
2017-02-21,0.0151203079149127
2017-02-22,0.0150893814861774
2017-02-23,0.0150585575029253
2017-02-24,0.0150278024375438
2017-02-25,0.014997142374871156
2017-02-26,0.0149665791541337
2017-02-27,0.0149360969662666
2017-02-28,0.014905709773302
2017-03-01,0.0148754175752401
2017-03-02,0.0148452147841453
2017-03-03,0.014815067872405
2017-03-04,0.0147849814966321
2017-03-05,0.0147549752146005
2017-03-06,0.014725087588395455
2017-03-07,0.014720374805619852
2017-03-08,0.014665822500061551
2017-03-09,0.0146374190226197
2017-03-10,0.0146091738715767
2017-03-11,0.0145810171961784
2017-03-12,0.0145528921857476
2017-03-13,0.0145247913897037
2017-03-14,0.014496780000627
2017-03-15,0.0144688179716467
2017-03-16,0.014442701834695966
2017-03-17,0.0144130866974592
2017-03-18,0.0143852429464459
2017-03-19,0.0143574252724647
2017-03-20,0.014330248739668146
2017-03-21,0.01431181252428357
2017-03-22,0.0142744574695825
2017-03-23,0.0142469368875026
2017-03-24,0.0142194423824548
2017-03-25,0.0141920074820518
2017-03-26,0.0141646461561322
2017-03-27,0.0141373742371797
2017-03-28,0.01411022990942
2017-03-29,0.0140831628814339
2017-03-30,0.01405612193048
2017-03-31,0.0140291014686226
2017-04-01,0.014002164825797
2017-04-02,0.0139752868562936
2017-04-03,0.0139485020190477
2017-04-04,0.013922682031989
2017-04-05,0.0138973016291856
2017-04-06,0.0138719854876399
2017-04-07,0.0138466758653521
2017-04-08,0.0138213653117418
2017-04-09,0.013815284057272937
2017-04-10,0.013773487281468952
2017-04-11,0.013751965706887827
2017-04-12,0.013720731705957272
2017-04-13,0.0136956600472331
2017-04-14,0.0136706698685884
2017-04-15,0.0136457374319434
2017-04-16,0.0136208841577172
2017-04-17,0.0135960774496197
2017-04-18,0.0135712847113609
2017-04-19,0.0135465376079082
2017-04-20,0.0135218175128102
2017-04-21,0.0134971449151635
2017-04-22,0.0134725188836455
2017-04-23,0.0134479543194174
2017-04-24,0.0134234437718987
2017-04-25,0.0133989751338958
2017-04-26,0.0133745484054088
2017-04-27,0.013350226197307037
2017-04-28,0.0133258523419499
2017-04-29,0.0133015718311071
2017-04-30,0.0132773332297801
2017-05-01,0.0132531598210334
2017-05-02,0.0132290385663509
2017-05-03,0.0132055040448904
2017-05-04,0.013182717542122113
2017-05-05,0.0131641772763941
2017-05-06,0.0131371701136231
2017-05-07,0.0131145240738987
2017-05-08,0.013091913513813827
2017-05-09,0.0130693111568689
2017-05-10,0.0130467442795634
2017-05-11,0.0130242072045803
2017-05-12,0.0130017446354031
2017-05-13,0.012979332857245361
2017-05-14,0.012957998044953447
2017-05-15,0.012942973078679585
2017-05-16,0.012912319485161442
2017-05-17,0.0128900632262229
2017-05-18,0.0128678297623991
2017-05-19,0.0128456400707364
2017-05-20,0.01285274343536002
2017-05-21,0.01280141696325287
2017-05-22,0.012779790788044835
2017-05-23,0.012757328338921
2017-05-24,0.016762367915362
2017-05-25,0.0127134378999471
2017-05-26,0.0126915387809276
2017-05-27,0.180170590057969
2017-05-28,0.09513157885521639
2017-05-29,0.012767089501721701
2017-05-30,0.3277839086949824
2017-05-31,0.012584065883402178
2017-06-01,0.0125612812116742
2017-06-02,0.0125396829098463
2017-06-03,0.01251813583076
2017-06-04,0.0127604411682113
2017-06-05,0.0124761769548058
2017-06-06,0.0124558890238404
2017-06-07,0.0124356364831328
2017-06-08,0.01241542161033134
2017-06-09,0.0125558032741536
2017-06-10,0.0439442014321684
2017-06-11,0.448060200549662
2017-06-12,0.012366422837658287
2017-06-13,0.012327446398558024
2017-06-14,0.0122949415817856
2017-06-15,0.012274974433272445
2017-06-16,0.0122550390660762
2017-06-17,0.013244774192571501
2017-06-18,0.012220810841427005
2017-06-19,0.0121954027563333
2017-06-20,0.012180215839180155
2017-06-21,0.012155795033474108
2017-06-22,5.040365280583501
2017-06-23,0.0124482334940693
2017-06-24,0.0859947502613067
2017-06-25,0.012127171037718593
2017-06-26,1.0940827243030071
2017-06-27,0.0386276077479123
2017-06-28,0.492745948024094
2017-06-29,0.2078657029196619
2017-06-30,0.0486521515995263
2017-07-01,1.4615523079410195
2017-07-02,0.7469161627814174
2017-07-03,0.011926348358429066
2017-07-04,0.0119011811912059
2017-07-05,0.0118802525103092
2017-07-06,0.123046914115548
2017-07-07,0.0136548761511221
2017-07-08,0.0400704350322484
2017-07-09,0.011795358920437215
2017-07-10,0.01177359573370343
2017-07-11,0.011782138441048971
2017-07-12,0.6786204557865858
2017-07-13,3.139282936230302
2017-07-14,0.08103087544441209
2017-07-15,0.3465091604739427
2017-07-16,0.011829515235149201
2017-07-17,1.016874723136425
2017-07-18,0.011575617827475
2017-07-19,0.0402093967422842
2017-07-20,0.0150481748860329
2017-07-21,1.3869537971913815
2017-07-22,0.0129351182840763
2017-07-23,0.0113812508061528
2017-07-24,0.1523469286039471
2017-07-25,0.0439255526289343
2017-07-26,0.0112359775230288
2017-07-27,0.0112869446020339
2017-07-28,0.011137359964770579
2017-07-29,1.9179427428171039
2017-07-30,0.0733197461813687
2017-07-31,0.0739487251266837
2017-08-01,0.0109439007937908
2017-08-02,0.059787133708596105
2017-08-03,2.8529332000762224
2017-08-04,0.010875608797800043
2017-08-05,0.0109808510169386
2017-08-06,0.011140500027977384
2017-08-07,0.0124836710747331
2017-08-08,0.16406408138573159
2017-08-09,0.1362828826531767
2017-08-10,2.7849374813959
2017-08-11,0.0440165633335709
2017-08-12,4.023161921650171
2017-08-13,0.0227684648707508
2017-08-14,0.07626638375222669
2017-08-15,2.2011230830103163
2017-08-16,0.19005046784877772
2017-08-17,0.027436404023319302
2017-08-18,1.027384456247091
2017-08-19,0.2159677520394325
2017-08-20,4.635088287293911
2017-08-21,0.0723024010658264
2017-08-22,1.2129052579402924
2017-08-23,3.9256534576416016
2017-08-24,0.3647360950708388
2017-08-25,0.3878313302993774
2017-08-26,9.077950596809387
2017-08-27,2.5294333696365356
2017-08-28,2.9682602882385254
2017-08-29,3.2341844741022214
2017-08-30,3.50484561922664
2017-08-31,3.6824547052383423
2017-09-01,3.2572109699374168
2017-09-02,2.961441993713379
2017-09-03,2.6312711238861084
2017-09-04,2.321350648882799
2017-09-05,2.700392007827759
2017-09-06,1.836302399635315
2017-09-07,1.6348624229431152
2017-09-08,5.978376150131226
2017-09-09,1.4569951933808625
2017-09-10,1.4231567788365282
2017-09-11,1.3686346923932433
2017-09-12,1.273060379992728
2017-09-13,1.1692711025780227
2017-09-14,1.072744177567074
2017-09-15,0.9769076108932496
2017-09-16,0.8820298910265891
2017-09-17,0.794067815571907
2017-09-18,0.9871046841144562
2017-09-19,0.6773922250140458
2017-09-20,0.6136777400970459
2017-09-21,0.5593572093063592
2017-09-22,0.5119365839352668
2017-09-23,0.4772378914058208
2017-09-24,0.5783645659685135
2017-09-25,0.5931858122348785
2017-09-26,0.38806458522481074
2017-09-27,0.3609901666703685
2017-09-28,0.3363779417268233
2017-09-29,0.36350488662719715
2017-09-30,0.2950025353920864
2017-10-01,0.27638200317377226
2017-10-02,1.231043964624405
2017-10-03,0.246062051737681
2017-10-04,0.2342547589942113
2017-10-05,0.22356483340341424
2017-10-06,0.2127606868743896
2017-10-07,0.2026498019695282
2017-10-08,0.19336726285951045
2017-10-09,0.1847798377275467
2017-10-10,0.17675082971031483
2017-10-11,0.16948179934081503
2017-10-12,0.3474620878696441
2017-10-13,0.1574311852455139
2017-10-14,0.15178492515062197
2017-10-15,0.14653297704166943
2017-10-16,0.142020504164975
2017-10-17,0.13758380734146125
2017-10-18,0.13352363246217713
2017-10-19,0.12975755651146678
2017-10-20,0.12620276616686077
2017-10-21,0.12278743094178145
2017-10-22,0.1196230947971344
2017-10-23,0.11671548902441481
2017-10-24,0.11397986221410143
2017-10-25,0.11138995915848672
2017-10-26,0.10897950083583294
2017-10-27,0.1067264825105667
2017-10-28,0.1046214923262596
2017-10-29,0.10266116900220361
2017-10-30,0.1008123510073346
2017-10-31,0.09904122376109113
2017-11-01,0.097380056977272
2017-11-02,0.0958108529448509
2017-11-03,0.09432668363827368
2017-11-04,0.09292064851251779
2017-11-05,0.0915715374754881
2017-11-06,0.09032781879795942
2017-11-07,0.08905065757483041
2017-11-08,0.0878585012050621
2017-11-09,0.0867082744938336
2017-11-10,0.0856132209300994
2017-11-11,0.08456482379622797
2017-11-12,0.0835428312420845
2017-11-13,0.0825506895780563
2017-11-14,0.0815925002098083
2017-11-15,0.0806665793061256
2017-11-16,0.0797714591026306
2017-11-17,0.07928425821592089
2017-11-18,0.07808820762759616
2017-11-19,0.07726356108813084
2017-11-20,0.0764574781060218
2017-11-21,0.0756745189428329
2017-11-22,0.0749124745367227
2017-11-23,0.07417071678145244
2017-11-24,0.0734483897686004
2017-11-25,0.0727467611432075
2017-11-26,0.07206266378079673
2017-11-27,0.0713923797011375
2017-11-28,0.0707373693585395
2017-11-29,0.0700972685316804
2017-11-30,0.06947192472466665
2017-12-01,0.0688563138246536
2017-12-02,0.0682540982961654
2017-12-03,0.0676639005541801
2017-12-04,0.0670850872993469
2017-12-05,0.0665171891450882
2017-12-06,0.0659604147076606
2017-12-07,0.0654137358069419
2017-12-08,0.06487781202713445
2017-12-09,0.0643493309617042
2017-12-10,0.0638315603137016
2017-12-11,0.0633230805397033
2017-12-12,0.0628230348229408
2017-12-13,0.0623314604163169
2017-12-14,0.0618482679128646
2017-12-15,0.0613722689449787
2017-12-16,0.0609044415523101
2017-12-17,0.060443636409062196
2017-12-18,0.05998979639553514
2017-12-19,0.0595444286968245
2017-12-20,0.05910467047641523
2017-12-21,0.05871415075671385
2017-12-22,0.05824606493752063
2017-12-23,0.057828076079658765
2017-12-24,0.05741277624576922
2017-12-25,0.057046835070650545
2017-12-26,0.0566027946770191
2017-12-27,0.05620638282355941
2017-12-28,0.0558160245418548
2017-12-29,0.05543070660485557
2017-12-30,0.0550508610904216
2017-12-31,0.0546763427555561
2018-01-01,0.0543067529797554
2018-01-02,0.053945720592082566
2018-01-03,0.05358297715328227
2018-01-04,0.05322858601321728
2018-01-05,0.05287835325378681
2018-01-06,0.05253265317789866
2018-01-07,0.052191469848797994
2018-01-08,0.0518542416393756
2018-01-09,0.0515220575034618
2018-01-10,0.0511930845677852
2018-01-11,0.05086947605521246
2018-01-12,0.050548605894775216
2018-01-13,0.0502330400049686
2018-01-14,0.0499202497303485
2018-01-15,0.0496120452880859
2018-01-16,0.0493074432015419
2018-01-17,0.0490058436989784
2018-01-18,0.0487090311944484
2018-01-19,0.0484142526984214
2018-01-20,0.0481242798268795
2018-01-21,0.0478370785713195
2018-01-22,0.0475528500974178
2018-01-23,0.0472730882465839
2018-01-24,0.0469951294362545
2018-01-25,0.0467215850949287
2018-01-26,0.0464509353041648
2018-01-27,0.04618322285085692
2018-01-28,0.04591852441848706
2018-01-29,0.0456565208733081
2018-01-30,0.0453971736133098
2018-01-31,0.0451419316232204
2018-02-01,0.044888297363712575
2018-02-02,0.04465423424881001
2018-02-03,0.044390905934084096
2018-02-04,0.0441452674567699
2018-02-05,0.04394072302966376
2018-02-06,0.04376088088611139
2018-02-07,0.04342658262621716
2018-02-08,0.043192117348439744
2018-02-09,0.042960245386005604
2018-02-10,0.0427298285067081
2018-02-11,0.0425020270049572
2018-02-12,0.0422777198255062
2018-02-13,0.0420546196401119
2018-02-14,0.0418335013091564
2018-02-15,0.0416162014007568
2018-02-16,0.0414002165198326
2018-02-17,0.0411854833364486
2018-02-18,0.0409744679927825
2018-02-19,0.0407653711736202
2018-02-20,0.0405572801828384
2018-02-21,0.0403515957295894
2018-02-22,0.0401490963995456
2018-02-23,0.03994763465084312
2018-02-24,0.039747342467308
2018-02-25,0.0395504906773567
2018-02-26,0.0393554307520389
2018-02-27,0.0391612872481346
2018-02-28,0.0389687195420265
2018-03-01,0.0387796200811862
2018-03-02,0.0385917052626609
2018-03-03,0.03840468834838508
2018-03-04,0.0382195971906185
2018-03-05,0.0380377061665058
2018-03-06,0.0378566868603229
2018-03-07,0.0376765020191669
2018-03-08,0.0374982133507728
2018-03-09,0.0373229011893272
2018-03-10,0.037148430943489
2018-03-11,0.03697483961730434
2018-03-12,0.0368026979267597
2018-03-13,0.0366337038576602
2018-03-14,0.0364656150341033
2018-03-15,0.0362982712686061
2018-03-16,0.03613370533469144
2018-03-17,0.03596870469549235
2018-03-18,0.0358067564666271
2018-03-19,0.0356455147266387
2018-03-20,0.03548498172114182
2018-03-21,0.0353266336023807
2018-03-22,0.0351706109941005
2018-03-23,0.0350152552127838
2018-03-24,0.034861253738881624
2018-03-25,0.0347066670656204
2018-03-26,0.0345557257533073
2018-03-27,0.03448314176785059
2018-03-28,0.03426985731402963
2018-03-29,0.0341087952256202
2018-03-30,0.0339614450931549
2018-03-31,0.0338170081377029
2018-04-01,0.0336735174059867
2018-04-02,0.0335306078195571
2018-04-03,0.0333882682025432
2018-04-04,0.0332468710839748
2018-04-05,0.0331083238124847
2018-04-06,0.0329707376658916
2018-04-07,0.0328336879611015
2018-04-08,0.0326971821486949
2018-04-09,0.0325613170862197
2018-04-10,0.03243617663702021
2018-04-11,0.03229722976152511
2018-04-12,0.032164417207241
2018-04-13,0.0320333912968635
2018-04-14,0.031902864575386
2018-04-15,0.0317737683653831
2018-04-16,0.0316470712423324
2018-04-17,0.0315208919346332
2018-04-18,0.0313951969146728
2018-04-19,0.0312699675559997
2018-04-20,0.0311452355235815
2018-04-21,0.031022623181343
2018-04-22,0.0309016108512878
2018-04-23,0.0307810623198747
2018-04-24,0.0306609775871038
2018-04-25,0.0305413641035556
2018-04-26,0.0304222181439399
2018-04-27,0.0303051527589559
2018-04-28,0.0301895942538976
2018-04-29,0.0300744567066431
2018-04-30,0.0299597587436437
2018-05-01,0.0298454873263835
2018-05-02,0.029731648042798
2018-05-03,0.0296192225068807
2018-05-04,0.0295088477432727
2018-05-05,0.0293988790363073
2018-05-06,0.0292892884463071
2018-05-07,0.0291800964623689
2018-05-08,0.029071298144403814
2018-05-09,0.0289630386978387
2018-05-10,0.0288570523262023
2018-05-11,0.0287520065903663
2018-05-12,0.0286473650485277
2018-05-13,0.0285430457442998
2018-05-14,0.0284391343593597
2018-05-15,0.02834328112112416
2018-05-16,0.0282326415181159
2018-05-17,0.0281319674104452
2018-05-18,0.028032036598304128
2018-05-19,0.027936539883285105
2018-05-20,0.0278331823647022
2018-05-21,0.0277342647314071
2018-05-22,0.0276356935501098
2018-05-23,0.0275375321507453
2018-05-24,0.027441382408142
2018-05-25,0.0273463055491447
2018-05-26,0.0272515304386615
2018-05-27,0.027157083882828878
2018-05-28,0.0270629581063985
2018-05-29,0.026969143269077334
2018-05-30,0.026875658531393325
2018-05-31,0.0267829373478889
2018-06-01,0.02669233292034895
2018-06-02,0.0266021732240915
2018-06-03,0.026512311771512
2018-06-04,0.026425772522770775
2018-06-05,0.0268567335442639
2018-06-06,0.050386294722557
2018-06-07,0.0843706019222735
2018-06-08,0.026067903265357
2018-06-09,0.0259819943457841
2018-06-10,0.025896516926726093
2018-06-11,0.025811294093728
2018-06-12,0.025912580778822202
2018-06-13,0.027857435401529
2018-06-14,0.0355925150215625
2018-06-15,0.0627703499048947
2018-06-16,0.0263272825395688
2018-06-17,0.025307768678601322
2018-06-18,0.0255969431309494
2018-06-19,0.0251466880386033
2018-06-20,0.0250647943466901
2018-06-21,0.0249844640493392
2018-06-22,0.0249043833464384
2018-06-23,0.0249389714590506
2018-06-24,0.025000395748065698
2018-06-25,0.027948973001912097
2018-06-26,0.0249374263803473
2018-06-27,0.3524938113987445
2018-06-28,0.02443527890989352
2018-06-29,0.0243591368198394
2018-06-30,0.0244384615361923
2018-07-01,0.024259379781142315
2018-07-02,0.024686604447197
2018-07-03,0.024111791197356063
2018-07-04,0.035809471271932
2018-07-05,0.023908100242493863
2018-07-06,0.0276675070635973
2018-07-07,0.023827752171200655
2018-07-08,1.6292025987058878
2018-07-09,0.07328093796968449
2018-07-10,0.062201416119932997
2018-07-11,0.0328916031867265
2018-07-12,0.023405454403081692
2018-07-13,0.0257667079567908
2018-07-14,0.0233779174304799
2018-07-15,0.02319503561125198
2018-07-16,0.0231257453560829
2018-07-17,0.0270318258553742
2018-07-18,0.0249116531340405
2018-07-19,0.0392111837863921
2018-07-20,2.0616638865321875
2018-07-21,0.022799377110459294
2018-07-22,0.1057283319532871
2018-07-23,0.0913226548582314
2018-07-24,0.0227283667627489
2018-07-25,0.022619691109866825
2018-07-26,0.022455457656548036
2018-07-27,0.0223912354558706
2018-07-28,0.2702267281711101
2018-07-29,0.045405428856611196
2018-07-30,0.022200065407159405
2018-07-31,0.0221366770565509
2018-08-01,0.022074063382774484
2018-08-02,0.2870994079858064
2018-08-03,1.6723578535020354
2018-08-04,0.0498511772602795
2018-08-05,0.1002428662031888
2018-08-06,0.0217600483447313
2018-08-07,0.025595787446945798
2018-08-08,0.1967230290174483
2018-08-09,0.0241905185393988
2018-08-10,0.31379988975822914
2018-08-11,0.0267233280465006
2018-08-12,0.0213895887136459
2018-08-13,0.0248380536213516
2018-08-14,0.021269892599320866
2018-08-15,0.0226824150886386
2018-08-16,0.0214355669158976
2018-08-17,0.021093543743518236
2018-08-18,0.0234945965930819
2018-08-19,0.0252550598233937
2018-08-20,0.0575240887701511
2018-08-21,0.020845214974471466
2018-08-22,0.0211504037142731
2018-08-23,0.20242642797529692
2018-08-24,0.0207907421063281
2018-08-25,0.0836833678185939
2018-08-26,3.4005628414452076
2018-08-27,0.1038915365934372
2018-08-28,0.0209961651125922
2018-08-29,0.8286868091672658
2018-08-30,0.21525907702744
2018-08-31,0.02025744154525448
2018-09-01,0.0206181163666769
2018-09-02,1.5802774485200644
2018-09-03,0.0524462461471557
2018-09-04,1.7122203335165977
2018-09-05,15.553350370377302
2018-09-06,0.691589692607522
2018-09-07,0.251266736537218
2018-09-08,0.02602207290956262
2018-09-09,0.0379268005490302
2018-09-10,0.0370734084935974
2018-09-11,0.07502437755465499
2018-09-12,0.0792125314474105
2018-09-13,0.1244088299572467
2018-09-14,0.35021236911416054
2018-09-15,0.0575423687696456
2018-09-16,0.060376338660717
2018-09-17,0.5075127035379409
2018-09-18,2.5421163961291318
2018-09-19,0.06857144833860081
2018-09-20,0.0767354667186737
2018-09-21,0.08435433793056289
2018-09-22,2.8231062069535255
2018-09-23,7.038581401109695
2018-09-24,1.1164740324020386
2018-09-25,0.1964702401310205
2018-09-26,0.8973614871501923
2018-09-27,0.31613616356844426
2018-09-28,0.3656103610992431
2018-09-29,1.6065847277641296
2018-09-30,0.43530743736664584
2018-10-01,1.10714852809906
2018-10-02,1.2086599171161652
2018-10-03,0.5312161445680126
2018-10-04,0.5612682708306238
2018-10-05,0.5682731117758522
2018-10-06,0.5607844107289566
2018-10-07,0.8732229173183441
2018-10-08,0.5355487857013941
2018-10-09,0.5059615969657898
2018-10-10,0.4804169535636902
2018-10-11,0.452910304069519
2018-10-12,0.42513488812255673
2018-10-13,1.4574469029903412
2018-10-14,0.37640669689062634
2018-10-15,0.3616152657195925
2018-10-16,1.7685481309890747
2018-10-17,0.3255048394203186
2018-10-18,0.3122387528419494
2018-10-19,0.2992078065872192
2018-10-20,0.2904193077702074
2018-10-21,0.27675038483583947
2018-10-22,0.26329626467401107
2018-10-23,0.2500168085098266
2018-10-24,0.2370369285345077
2018-10-25,0.2247515320777893
2018-10-26,0.2130694240331649
2018-10-27,0.20187848810206285
2018-10-28,0.1915108114480972
2018-10-29,0.1817109733819961
2018-10-30,0.1726923944665941
2018-10-31,0.1643727328004303
2018-11-01,0.1569716793742901
2018-11-02,0.1503582804034522
2018-11-03,0.1440177708864212
2018-11-04,0.13833220307586247
2018-11-05,0.13313603401574392
2018-11-06,0.12836052472243864
2018-11-07,0.1240559919642692
2018-11-08,0.12014500097415488
2018-11-09,0.1164433360099792
2018-11-10,0.112999826669693
2018-11-11,0.109776422381401
2018-11-12,0.10675378143943505
2018-11-13,0.1039301740588598
2018-11-14,0.10128400618020797
2018-11-15,0.09899013357789949
2018-11-16,0.09672517742637865
2018-11-17,0.0944819634328268
2018-11-18,0.09253110720601398
2018-11-19,0.0910510516259818
2018-11-20,0.08908466288266935
2018-11-21,0.0874092280864715
2018-11-22,0.0858160927891731
2018-11-23,0.084290012717247
2018-11-24,0.08284608881712689
2018-11-25,0.08149223834428439
2018-11-26,0.08020457687605997
2018-11-27,0.0789614245295524
2018-11-28,0.07777649364664464
2018-11-29,0.07666030980522003
2018-11-30,0.07560038344960766
2018-12-01,0.07455781275167105
2018-12-02,0.0735454857349395
2018-12-03,0.0725665837526321
2018-12-04,0.0716184824705123
2018-12-05,0.070718415081501
2018-12-06,0.06987577677007258
2018-12-07,0.06906989220707628
2018-12-08,0.0682788000056264
2018-12-09,0.0675097852945327
2018-12-10,0.0667721852660179
2018-12-11,0.0660595670342445
2018-12-12,0.0653708949685096
2018-12-13,0.0647081732749939
2018-12-14,0.06406771235538138
2018-12-15,0.0635269229023833
2018-12-16,0.0628226846456527
2018-12-17,0.0622205100953578
2018-12-18,0.061635151506250825
2018-12-19,0.06106205769015104
2018-12-20,0.06049556657828045
2018-12-21,0.059958802698019925
2018-12-22,0.0593942664563655
2018-12-23,0.05885073685207935
2018-12-24,0.0583136267960071
2018-12-25,0.0577894449234008
2018-12-26,0.05727790046466194
2018-12-27,0.056777555544094443
2018-12-28,0.05628823758227498
2018-12-29,0.05581257849127033
2018-12-30,0.05534809829365811
2018-12-31,0.0548932328820228
2019-01-01,0.054451942811056094
2019-01-02,0.0540150329470634
2019-01-03,0.0535831451416015
2019-01-04,0.05320054166440961
2019-01-05,0.05275211640434918
2019-01-06,0.05235409933175098
2019-01-07,0.052016854955581907
2019-01-08,0.051588538964097035
2019-01-09,0.051198990020963925
2019-01-10,0.050828214622015304
2019-01-11,0.05053466868412209
2019-01-12,0.05016947767580853
2019-01-13,0.04976267292113328
2019-01-14,0.049407444925636396
2019-01-15,0.0490603111684322
2019-01-16,0.048718230659915145
2019-01-17,0.04842962993279791
2019-01-18,0.04805999197287744
2019-01-19,0.047718647384044674
2019-01-20,0.0473919622600078
2019-01-21,0.0470697805285453
2019-01-22,0.046754887674524064
2019-01-23,0.046473302485537694
2019-01-24,0.04613865584019546
2019-01-25,0.045884525403380304
2019-01-26,0.04553968925347359
2019-01-27,0.045245628888039804
2019-01-28,0.044954814016819
2019-01-29,0.04466676339565647
2019-01-30,0.0443850792944431
2019-01-31,0.04410854453976745
2019-02-01,0.0438337512314319
2019-02-02,0.0435640662908554
2019-02-03,0.0432984791696071
2019-02-04,0.0430354699492454
2019-02-05,0.0427765697240829
2019-02-06,0.042521134018898
2019-02-07,0.04226839174324935
2019-02-08,0.042019480088727655
2019-02-09,0.0417751856148242
2019-02-10,0.041541491429597954
2019-02-11,0.04129796099491486
2019-02-12,0.0410646200180053
2019-02-13,0.0408331863582134
2019-02-14,0.0410139780142344
2019-02-15,0.04038695253120748
2019-02-16,0.040268048061989206
2019-02-17,0.03994322800272695
2019-02-18,0.0397256650030612
2019-02-19,0.0397687582299113
2019-02-20,0.03930835247444968
2019-02-21,0.03909928879039619
2019-02-22,0.03889287352380479
2019-02-23,0.038690622975053594
2019-02-24,0.0384883321821689
2019-02-25,0.0382871925830841
2019-02-26,0.03808836338255012
2019-02-27,0.0378928929567337
2019-02-28,0.0376984477043151
2019-03-01,0.0375051200389862
2019-03-02,0.0373143106698989
2019-03-03,0.0371277518570423
2019-03-04,0.0369428545236587
2019-03-05,0.0367594249546527
2019-03-06,0.0365780591964721
2019-03-07,0.0364002659916877
2019-03-08,0.0362238548696041
2019-03-09,0.0360483825206756
2019-03-10,0.0358742699027061
2019-03-11,0.0357035100460052
2019-03-12,0.0355350710451602
2019-03-13,0.0353674888610839
2019-03-14,0.0352009907364845
2019-03-15,0.035036101937294
2019-03-16,0.0348748490214347
2019-03-17,0.0347153656184673
2019-03-18,0.0345574170351028
2019-03-19,0.0344009473919868
2019-03-20,0.034246165305376
2019-03-21,0.0340938568115234
2019-03-22,0.0343154084403067
2019-03-23,0.03380411517719031
2019-03-24,0.033640518784523
2019-03-25,0.0334911383688449
2019-03-26,0.0333443731069564
2019-03-27,0.0331983380019664
2019-03-28,0.0330529063940048
2019-03-29,0.03290803225940505
2019-03-30,0.032769069565801986
2019-03-31,0.0326257161796093
2019-04-01,0.0324857346713542
2019-04-02,0.0323462933301925
2019-04-03,0.032216505379437876
2019-04-04,0.0320690274238586
2019-04-05,0.0319328866899013
2019-04-06,0.0317983664572238
2019-04-07,0.0316647663712501
2019-04-08,0.0315320491790771
2019-04-09,0.03140048641751033
2019-04-10,0.0312689952552318
2019-04-11,0.0311405826359987
2019-04-12,0.0310126561671495
2019-04-13,0.0308851338922977
2019-04-14,0.0307584796100854
2019-04-15,0.0306325573474168
2019-04-16,0.0305076241493225
2019-04-17,0.0303855538368225
2019-04-18,0.0302643068134784
2019-04-19,0.030144028163704123
2019-04-20,0.0300232637673616
2019-04-21,0.0299029480665922
2019-04-22,0.0297829862684011
2019-04-23,0.0296654496341943
2019-04-24,0.0295494515448808
2019-04-25,0.0294350069016218
2019-04-26,0.0293216798454523
2019-04-27,0.0292090121656656
2019-04-28,0.0290967337787151
2019-04-29,0.0289860572665929
2019-04-30,0.028877530246973
2019-05-01,0.0287689231336116
2019-05-02,0.0286598205566406
2019-05-03,0.0285496618598699
2019-05-04,0.0284394118934869
2019-05-05,0.028329953563001782
2019-05-06,0.02822299718407525
2019-05-07,0.028118712381569738
2019-05-08,0.0280130114406347
2019-05-09,0.0279085654765367
2019-05-10,0.02780443489079278
2019-05-11,0.0277004223316907
2019-05-12,0.0275968704372644
2019-05-13,0.0274950694292783
2019-05-14,0.0273951776325702
2019-05-15,0.0272955317050218
2019-05-16,0.027196133521377897
2019-05-17,0.02709732691800533
2019-05-18,0.027146991167683102
2019-05-19,0.02691819408391887
2019-05-20,0.026804707689095077
2019-05-21,0.0267101135104894
2019-05-22,0.0266164150089025
2019-05-23,0.0265232287347316
2019-05-24,0.02643057104618403
2019-05-25,0.0263383649289608
2019-05-26,0.0262465011328458
2019-05-27,0.0261549334973096
2019-05-28,0.0260643102228641
2019-05-29,0.025976043816598262
2019-05-30,0.0258883517235517
2019-05-31,0.0258010569959878
2019-06-01,0.0257139317691326
2019-06-02,0.0256271287798881
2019-06-03,0.0255407392978668
2019-06-04,0.0254547782242298
2019-06-05,0.025369828915842153
2019-06-06,0.0252863019704818
2019-06-07,0.0252041090279817
2019-06-08,0.025122481640920475
2019-06-09,0.0250407718122005
2019-06-10,0.024963222146197915
2019-06-11,0.024908882736781348
2019-06-12,0.0249859261675737
2019-06-13,0.024717644098996124
2019-06-14,0.02463872596501905
2019-06-15,0.02456011932042612
2019-06-16,0.02448296228395462
2019-06-17,0.024406006029668213
2019-06-18,0.0293230293318628
2019-06-19,0.024619661213364303
2019-06-20,0.02417679611598638
2019-06-21,0.0241008419543504
2019-06-22,0.024025131076297144
2019-06-23,0.023950824027565397
2019-06-24,0.02388061577903495
2019-06-25,0.0238029584288597
2019-06-26,0.0237304009497165
2019-06-27,0.023658052087610727
2019-06-28,0.0495377220213412
2019-06-29,0.028531365096569
2019-06-30,4.18048076890409
2019-07-01,1.7094556484371424
2019-07-02,0.025233020074665498
2019-07-03,0.0238618936273269
2019-07-04,0.0231602136045694
2019-07-05,0.0244649457745253
2019-07-06,0.849221585318446
2019-07-07,0.022979401859629385
2019-07-08,0.023796023975592
2019-07-09,0.0228211898356676
2019-07-10,0.0257982513867318
2019-07-11,0.05644948408007609
2019-07-12,0.0302547812461852
2019-07-13,0.022567243433513733
2019-07-14,0.022508793186716444
2019-07-15,0.0224201511591672
2019-07-16,0.022357935237550842
2019-07-17,0.022290989088261846
2019-07-18,0.0355522520840167
2019-07-19,0.022163452255391243
2019-07-20,0.02210179760959357
2019-07-21,0.0220363307744264
2019-07-22,0.0234519379446282
2019-07-23,0.0887333527207374
2019-07-24,0.0253186710178851
2019-07-25,0.834549531340599
2019-07-26,0.0217224732041358
2019-07-27,0.0225884999381377
2019-07-28,1.4568366706371307
2019-07-29,0.021540809541420396
2019-07-30,0.021488891270564595
2019-07-31,0.02141825345933049
2019-08-01,0.0213565994054079
2019-08-02,0.0219829638954251
2019-08-03,0.02124059261313951
2019-08-04,0.0211745463311672
2019-08-05,0.0211157798767089
2019-08-06,0.02111952418636061
2019-08-07,0.0544714052230119
2019-08-08,0.020940493421626613
2019-08-09,0.0211600825423374
2019-08-10,0.0208243820816278
2019-08-11,0.5801756270229816
2019-08-12,0.105941480025649
2019-08-13,0.02065135166049
2019-08-14,0.020600097268015802
2019-08-15,0.5964773911982774
2019-08-16,0.3368747029453516
2019-08-17,0.27826923131942743
2019-08-18,0.20142711699008928
2019-08-19,0.020440828142454803
2019-08-20,0.0203606777795357
2019-08-21,4.744389437139034
2019-08-22,0.1153656765818595
2019-08-23,0.0234254433307795
2019-08-24,1.3426136188209057
2019-08-25,0.19113710336387152
2019-08-26,0.2669460978358983
2019-08-27,0.0211682170629501
2019-08-28,0.01964367745677
2019-08-29,6.791922736912966
2019-08-30,0.08737632073462
2019-08-31,0.0394975058734416
2019-09-01,0.1803226266056299
2019-09-02,0.2213310189545154
2019-09-03,0.0284250471740961
2019-09-04,0.5200206302106379
2019-09-05,0.08789916336536399
2019-09-06,0.10786560922861091
2019-09-07,0.1155830658972262
2019-09-08,2.3939229510724545
2019-09-09,1.3038228824734688
2019-09-10,0.348016157746315
2019-09-11,0.2255580723285674
2019-09-12,0.2243314012885093
2019-09-13,0.2598067745566368
2019-09-14,0.2341899452731013
2019-09-15,0.2599104642885606
2019-09-16,2.8611070215702057
2019-09-17,0.32045176115934726
2019-09-18,0.36987280850638093
2019-09-19,0.4846709519624709
2019-09-20,2.280176281929016
2019-09-21,0.6195161044597626
2019-09-22,0.6594582349061966
2019-09-23,0.5757499935491
2019-09-24,0.6137937872990732
2019-09-25,0.6268905401229858
2019-09-26,0.6127840280657737
2019-09-27,0.5858743190765381
2019-09-28,0.5515600443136153
2019-09-29,1.7023136615753174
2019-09-30,0.5069095850922167
2019-10-01,0.4699707627358898
2019-10-02,2.5208612084388733
2019-10-03,0.4180830121040343
2019-10-04,0.40084057847343496
2019-10-05,1.4184335470199585
2019-10-06,0.3735398650419172
2019-10-07,1.5708419680595396
2019-10-08,1.5287851095199585
2019-10-09,0.41992718167603005
2019-10-10,0.4614162147045135
2019-10-11,0.4802430868148803
2019-10-12,0.4808155298233032
2019-10-13,0.6740932911634445
2019-10-14,0.5021958798170089
2019-10-15,0.6057552546262741
2019-10-16,0.4538732469081878
2019-10-17,0.43516951799548825
2019-10-18,0.41325243157623953
2019-10-19,0.39018167127738934
2019-10-20,0.3678539381362497
2019-10-21,0.3441286588247294
2019-10-22,0.3219141364097595
2019-10-23,0.3001046776771545
2019-10-24,0.3344480767846107
2019-10-25,0.265709979343228
2019-10-26,0.2495970129966735
2019-10-27,0.233757883310318
2019-10-28,0.21916583657429808
2019-10-29,0.20596132714070675
2019-10-30,0.19397068157324737
2019-10-31,0.1829528361558914
2019-11-01,0.1730852425098419
2019-11-02,0.1647091896011261
2019-11-03,0.15767637683165953
2019-11-04,0.1508176475763321
2019-11-05,0.1443686187267303
2019-11-06,0.1384951174259185
2019-11-07,0.1331909894943237
2019-11-08,0.1283390074968338
2019-11-09,0.12387542107437398
2019-11-10,0.11988852920646041
2019-11-11,0.11635105359957104
2019-11-12,0.1130890063678862
2019-11-13,0.1100495383143425
2019-11-14,0.10726392933390368
2019-11-15,0.1048207701750456
2019-11-16,0.102575333095956
2019-11-17,0.10041670869395596
2019-11-18,0.09842213513911698
2019-11-19,0.09645555613678874
2019-11-20,0.09468574044827255
2019-11-21,0.0930241718888282
2019-11-22,0.0913590788841247
2019-11-23,0.0897869691252708
2019-11-24,0.0882968381047248
2019-11-25,0.0868901163339614
2019-11-26,0.0855577364563942
2019-11-27,0.0842917561531066
2019-11-28,0.0830937698483467
2019-11-29,0.0819533467292785
2019-11-30,0.0808592140674591
2019-12-01,0.0798114985227584
2019-12-02,0.0788067802786827
2019-12-03,0.07784870077921363
2019-12-04,0.07692551812692722
2019-12-05,0.07602382176935407
2019-12-06,0.0751434713602066
2019-12-07,0.07428679941248406
2019-12-08,0.07346870111268793
2019-12-09,0.07267270974807614
2019-12-10,0.07189222034135409
2019-12-11,0.0711461714108736
2019-12-12,0.07039079158019489
2019-12-13,0.069677323102951
2019-12-14,0.0689735636115074
2019-12-15,0.0682937651872634
2019-12-16,0.06763355525586322
2019-12-17,0.0669847577810287
2019-12-18,0.06634400785027877
2019-12-19,0.0657126999278636
2019-12-20,0.0650917142629623
2019-12-21,0.0644843727350235
2019-12-22,0.0638943910598754
2019-12-23,0.0633166804909706
2019-12-24,0.06275068283350393
2019-12-25,0.062199663859909604
2019-12-26,0.0616602525115013
2019-12-27,0.0611299015581607
2019-12-28,0.0606086067855358
2019-12-29,0.0600915029644966
2019-12-30,0.0595798268914222
2019-12-31,0.0590747632086277
2020-01-01,0.0585765019059181
2020-01-02,0.0580886676907539
2020-01-03,0.05760834108462193
2020-01-04,0.0571369044482708
2020-01-05,0.0566730126738548
2020-01-06,0.0562187209725379
2020-01-07,0.05577515878505887
2020-01-08,0.0553418025374412
2020-01-09,0.0549137368798255
2020-01-10,0.0544925816357135
2020-01-11,0.0540778711438179
2020-01-12,0.05367156118310645
2020-01-13,0.0532730035483837
2020-01-14,0.05288355490182422
2020-01-15,0.05250301043715952
2020-01-16,0.0521300919353961
2020-01-17,0.0517597310245037
2020-01-18,0.051396545022726
2020-01-19,0.0510381571948528
2020-01-20,0.05068811077906815
2020-01-21,0.05034854856876334
2020-01-22,0.050015735873785085
2020-01-23,0.04969696898842804
2020-01-24,0.04934712595479591
2020-01-25,0.049021234895661715
2020-01-26,0.048700954150096
2020-01-27,0.0483879037201404
2020-01-28,0.048080727589145195
2020-01-29,0.04777688905616246
2020-01-30,0.0474775284528732
2020-01-31,0.0471804998815059
2020-02-01,0.0468881763517856
2020-02-02,0.0466014556586742
2020-02-03,0.04631747812814337
2020-02-04,0.0460379868745803
2020-02-05,0.045760691165924
2020-02-06,0.045485932379961
2020-02-07,0.0452163927257061
2020-02-08,0.0449495129287242
2020-02-09,0.044686437635448245
2020-02-10,0.0444271229207515
2020-02-11,0.0441709347069263
2020-02-12,0.0439176745712757
2020-02-13,0.0436693206429481
2020-02-14,0.04342329133479808
2020-02-15,0.0431794898148933
2020-02-16,0.04296614252598372
2020-02-17,0.0428138014758587
2020-02-18,0.0424699820578098
2020-02-19,0.04224234756270557
2020-02-20,0.042011950349831226
2020-02-21,0.041785637380542036
2020-02-22,0.04156194793947057
2020-02-23,0.0414776535035343
2020-02-24,0.041413213562918695
2020-02-25,0.04098441949463444
2020-02-26,0.04069442725960852
2020-02-27,0.04048228678830523
2020-02-28,0.0402712896466255
2020-02-29,0.0400634370744228
2020-03-01,0.0398584587989319
2020-03-02,0.039655951809891093
2020-03-03,0.03945102613667471
2020-03-04,0.0392518937587738
2020-03-05,0.0390548333525657
2020-03-06,0.0388585664331913
2020-03-07,0.0386634469032287
2020-03-08,0.0384717248380184
2020-03-09,0.03828159351977397
2020-03-10,0.0391281873453408
2020-03-11,0.0379047207534313
2020-03-12,0.0377199053764343
2020-03-13,0.0375359244644641
2020-03-14,0.0373526364564895
2020-03-15,0.037172131993884194
2020-03-16,0.0369915477931499
2020-03-17,0.0368137322366237
2020-03-18,0.0366368144750595
2020-03-19,0.0364605821669101
2020-03-20,0.03628755704934859
2020-03-21,0.0361160971224308
2020-03-22,0.03594557637394668
2020-03-23,0.03577561999486534
2020-03-24,0.0356066711246967
2020-03-25,0.0354407243430614
2020-03-26,0.035275924950838
2020-03-27,0.0351120196282863
2020-03-28,0.0349486917257308
2020-03-29,0.0347887389361858
2020-03-30,0.0346308313310146
2020-03-31,0.0344740375876426
2020-04-01,0.0343183986842632
2020-04-02,0.0341639406979084
2020-04-03,0.034012347459793
2020-04-04,0.0338614508509635
2020-04-05,0.0337108932435512
2020-04-06,0.033561322838068
2020-04-07,0.0334131196141243
2020-04-08,0.0332676991820335
2020-04-09,0.0331232249736785
2020-04-10,0.0329795740544796
2020-04-11,0.0328366309404373
2020-04-12,0.0326944626867771
2020-04-13,0.032559312141984216
2020-04-14,0.03241789692239915
2020-04-15,0.03228226394867303
2020-04-16,0.03214340758262676
2020-04-17,0.0320070572197437
2020-04-18,0.03187232968154771
2020-04-19,0.0317396447062492
2020-04-20,0.0316083878278732
2020-04-21,0.0314778089523315
2020-04-22,0.0313478112220764
2020-04-23,0.0312184877693653
2020-04-24,0.0310914535075426
2020-04-25,0.030966467864956746
2020-04-26,0.030847001366055275
2020-04-27,0.030721747074494484
2020-04-28,0.0305954758077859
2020-04-29,0.030473094433546
2020-04-30,0.0303530450910329
2020-05-01,0.0302344467490911
2020-05-02,0.0301162544637918
2020-05-03,0.02999859303236
2020-05-04,0.0298815835267366
2020-05-05,0.0297649465501308
2020-05-06,0.0296500772237777
2020-05-07,0.0295371133834123
2020-05-08,0.029424728247880276
2020-05-09,0.0293126888573169
2020-05-10,0.029201116412878
2020-05-11,0.0290898736566305
2020-05-12,0.0289793834090232
2020-05-13,0.0288714487105608
2020-05-14,0.0287642627954483
2020-05-15,0.0286574307829141
2020-05-16,0.0285510830581188
2020-05-17,0.0284452643245458
2020-05-18,0.028366028216623814
2020-05-19,0.02827442488705855
2020-05-20,0.0281325802206993
2020-05-21,0.0280307829380035
2020-05-22,0.0279295034706592
2020-05-23,0.0278286505490541
2020-05-24,0.0277280528098344
2020-05-25,0.0276278331875801
2020-05-26,0.0275283493101596
2020-05-27,0.027431147173047
2020-05-28,0.027334628729601445
2020-05-29,0.0272385235875844
2020-05-30,0.0271428613499944
2020-05-31,0.02704760825896811
2020-06-01,0.02696010119825581
2020-06-02,0.02685837544757415
2020-06-03,0.02676476825814681
2020-06-04,0.0266731474548578
2020-06-05,0.026582014847107777
2020-06-06,0.02649932109125068
2020-06-07,0.026400604258313348
2020-06-08,0.0271794154541566
2020-06-09,0.0267272713244891
2020-06-10,0.0293217431753873
2020-06-11,0.0260425563901662
2020-06-12,0.0290503497235476
2020-06-13,0.7628075126558542
2020-06-14,0.1609514728188514
2020-06-15,0.4002984259277582
2020-06-16,0.0256137233227491
2020-06-17,0.0255287531763315
2020-06-18,0.02544403078513747
2020-06-19,0.0255062484648078
2020-06-20,0.02527766014129889
2020-06-21,0.0251959431916475
2020-06-22,0.0251145251095294
2020-06-23,0.025065290985366948
2020-06-24,0.0249525979161262
2020-06-25,0.0480649713426828
2020-06-26,0.0247919633984565
2020-06-27,0.0367085468024015
2020-06-28,0.024632666260004
2020-06-29,0.0245551634579896
2020-06-30,0.024479575213717884
2020-07-01,0.0266901543363928
2020-07-02,5.149726744741201
2020-07-03,0.1541867051273584
2020-07-04,0.0241731088608503
2020-07-05,0.024098768159888033
2020-07-06,0.02402178952836947
2020-07-07,0.023948282454739424
2020-07-08,0.023872435092926
2020-07-09,0.0237995684146881
2020-07-10,0.0247299554757772
2020-07-11,0.15911809168756
2020-07-12,0.0244027718435972
2020-07-13,0.0507600661367177
2020-07-14,2.634216010570526
2020-07-15,0.044724453240633
2020-07-16,0.0371758136898278
2020-07-17,0.0540482848882675
2020-07-18,0.027471652720123398
2020-07-19,0.0232302246004109
2020-07-20,0.9174920450896024
2020-07-21,0.7598914597183466
2020-07-22,0.022892082775797455
2020-07-23,25.199791055172682
2020-07-24,0.022738780858162493
2020-07-25,0.9557981006801127
2020-07-26,0.029164199717342798
2020-07-27,0.5237140711396933
2020-07-28,0.022671680926578
2020-07-29,0.45315870456397533
2020-07-30,0.1081394273787736
2020-07-31,0.022286153307504643
2020-08-01,0.0237313797697424
2020-08-02,1.108708931133151
2020-08-03,0.022364359778492805
2020-08-04,0.022441188531956806
2020-08-05,0.022448579689807926
2020-08-06,0.0467348527163267
2020-08-07,0.0254312963224947
2020-08-08,0.022420597095333433
2020-08-09,0.36234012618660916
2020-08-10,0.0227851154049858
2020-08-11,0.0221778005361557
2020-08-12,0.0288702095858751
2020-08-13,0.0267315795645117
2020-08-14,0.021783233315545582
2020-08-15,3.880762657150626
2020-08-16,0.0215172059834003
2020-08-17,0.0214583130578773
2020-08-18,0.0214078910648822
2020-08-19,0.0214846199378371
2020-08-20,0.3307332284748553
2020-08-21,0.2036233283579349
2020-08-22,0.0237515619955956
2020-08-23,2.7637217920273542
2020-08-24,0.02185101374197981
2020-08-25,0.10644591040909279
2020-08-26,2.3306895792484283
2020-08-27,1.8658282831311224
2020-08-28,0.03269788857323871
2020-08-29,0.2472832053899764
2020-08-30,0.05219958725791965
2020-08-31,0.0614418908953666
2020-09-01,2.7535360231995583
2020-09-02,0.576600044965744
2020-09-03,0.10370077376137479
2020-09-04,2.3211254477500916
2020-09-05,0.908338874578476
2020-09-06,0.4943727552890777
2020-09-07,0.6026526675559579
2020-09-08,1.7990245819091797
2020-09-09,1.7692057490348816
2020-09-10,3.211583375930786
2020-09-11,2.7335214614868164
2020-09-12,2.4231045842170715
2020-09-13,2.6526689529668745
2020-09-14,2.8628610379528254
2020-09-15,2.782846969552338
2020-09-16,2.6649190485477448
2020-09-17,2.449482336640358
2020-09-18,10.269862174987793
2020-09-19,12.511951208114624
2020-09-20,6.4469266422092915
2020-09-21,8.09135627746582
2020-09-22,7.096029281616211
2020-09-23,6.272915860638022
2020-09-24,5.7868252992630005
2020-09-25,4.74634981157269
2020-09-26,5.439059376716614
2020-09-27,4.011028841137886
2020-09-28,3.782635346055031
2020-09-29,3.415366411212229
2020-09-30,3.0934805078431964
2020-10-01,2.8333999812602997
2020-10-02,2.424890279769897
2020-10-03,2.3128252923488613
2020-10-04,1.947969451546669
2020-10-05,1.846737802028656
2020-10-06,1.596569790766807
2020-10-07,1.6811529397964478
2020-10-08,1.6556052565574646
2020-10-09,1.258868932723999
2020-10-10,1.1660985946717721
2020-10-11,1.0753743648778853
2020-10-12,1.1084569245576859
2020-10-13,2.452959716320038
2020-10-14,0.8747220233781263
2020-10-15,0.8351682395441458
2020-10-16,0.7955842889496125
2020-10-17,1.172505110502243
2020-10-18,0.7130882740020752
2020-10-19,0.6677176356315613
2020-10-20,0.623145580291748
2020-10-21,0.581539150873823
2020-10-22,0.5432985156697896
2020-10-23,0.5061131119728088
2020-10-24,0.4708487689495086
2020-10-25,0.4386584253093417
2020-10-26,0.40847946873240026
2020-10-27,0.3807538747787475
2020-10-28,0.3558243924664701
2020-10-29,0.3334477569060689
2020-10-30,0.3131452202796936
2020-10-31,0.29515126351757187
2020-11-01,0.278669536113739
2020-11-02,0.2633994817733764
2020-11-03,0.249792993068695
2020-11-04,0.2374214977025985
2020-11-05,0.22593998985732075
2020-11-06,0.21587143337819711
2020-11-07,0.20652202607629983
2020-11-08,0.1976280510425567
2020-11-09,0.18962812856929642
2020-11-10,0.18230283206844433
2020-11-11,0.1754457831402547
2020-11-12,0.168966993689537
2020-11-13,0.1629825830459594
2020-11-14,0.1574914753437042
2020-11-15,0.1524848490953445
2020-11-16,0.1478994786739349
2020-11-17,0.14369189412491318
2020-11-18,0.1398136019706726
2020-11-19,0.13623665273209054
2020-11-20,0.13295899612594872
2020-11-21,0.1299009621143341
2020-11-22,0.12702012233185875
2020-11-23,0.1244496689469087
2020-11-24,0.12156428397111638
2020-11-25,0.11900798429281771
2020-11-26,0.1166144162416458
2020-11-27,0.1143173724412918
2020-11-28,0.1121268570423126
2020-11-29,0.11009681419682232
2020-11-30,0.10816748849151732
2020-12-01,0.1063312605913378
2020-12-02,0.1045842841267585
2020-12-03,0.1029034703969955
2020-12-04,0.1012858524918556
2020-12-05,0.0997553542256355
2020-12-06,0.0982770025730133
2020-12-07,0.0968539267778396
2020-12-08,0.0954867079854011
2020-12-09,0.0941754058003425
2020-12-10,0.0929152369499206
2020-12-11,0.0917000174522399
2020-12-12,0.0905216783285141
2020-12-13,0.08937718719244
2020-12-14,0.0882665961980819
2020-12-15,0.0871755484674565
2020-12-16,0.086099624633789
2020-12-17,0.0850484804497
2020-12-18,0.08403641896438784
2020-12-19,0.0830269530415535
2020-12-20,0.0820391103625297
2020-12-21,0.0810855701565742
2020-12-22,0.0801581889390945
2020-12-23,0.07925704376913241
2020-12-24,0.07838817762569045
2020-12-25,0.0775482472522526
2020-12-26,0.0767107754945755
2020-12-27,0.0759412536572199
2020-12-28,0.0751053467392921
2020-12-29,0.0743274614214897
2020-12-30,0.0735701918601989
2020-12-31,0.0728328973054885
2021-01-01,0.0721094608306884
2021-01-02,0.0713897719979286
2021-01-03,0.0706783905625343
2021-01-04,0.0699774622917175
2021-01-05,0.0692876651883125
2021-01-06,0.0686140358448028
2021-01-07,0.0679558515548706
2021-01-08,0.0673089101910591
2021-01-09,0.0666692405939102
2021-01-10,0.0660346820950508
2021-01-11,0.0654082596302032
2021-01-12,0.06479147827656112
2021-01-13,0.0641882494091987
2021-01-14,0.06359538130526228
2021-01-15,0.063014993417764
2021-01-16,0.06244664002405461
2021-01-17,0.06188780160032074
2021-01-18,0.06134122612321976
2021-01-19,0.0607982352375984
2021-01-20,0.06025933474868243
2021-01-21,0.059729822132416635
2021-01-22,0.05920843648325478
2021-01-23,0.05869726374000443
2021-01-24,0.058188296854496
2021-01-25,0.0576841346919536
2021-01-26,0.0571927279233932
2021-01-27,0.0567138642072677
2021-01-28,0.0562442801892757
2021-01-29,0.055785462375778784
2021-01-30,0.0553353242576122
2021-01-31,0.0548925767938799
2021-02-01,0.0544603578746318
2021-02-02,0.0540359504520893
2021-02-03,0.053623183535819366
2021-02-04,0.05321643904415514
2021-02-05,0.052815942388832506
2021-02-06,0.052455230792475015
2021-02-07,0.052040658891201
2021-02-08,0.0516567453742027
2021-02-09,0.05127935134902407
2021-02-10,0.0509121119976043
2021-02-11,0.050552736967802
2021-02-12,0.0501985475420951
2021-02-13,0.0498495064675807
2021-02-14,0.0495037734508514
2021-02-15,0.04916490659846618
2021-02-16,0.0488312691450119
2021-02-17,0.0529336063191293
2021-02-18,0.04821903713309436
2021-02-19,0.04786930189524692
2021-02-20,0.04757092634736175
2021-02-21,0.0472569875419139
2021-02-22,0.0469480454921722
2021-02-23,0.0466481670737266
2021-02-24,0.0463530197739601
2021-02-25,0.0460609383881092
2021-02-26,0.0457728877663612
2021-02-27,0.045487355440855
2021-02-28,0.0452069230377674
2021-03-01,0.0449324026703834
2021-03-02,0.0446606092154979
2021-03-03,0.0443933829665184
2021-03-04,0.0441325232386589
2021-03-05,0.0438745729625225
2021-03-06,0.0436194464564323
2021-03-07,0.0433691591024398
2021-03-08,0.0431194491684436
2021-03-09,0.0428704768419265
2021-03-10,0.0426251851022243
2021-03-11,0.042406110271258436
2021-03-12,0.04214187088257401
2021-03-13,0.0419043600559234
2021-03-14,0.0416713431477546
2021-03-15,0.0414408966898918
2021-03-16,0.0412135459482669
2021-03-17,0.0409899465739727
2021-03-18,0.0407670587301254
2021-03-19,0.0405458323657512
2021-03-20,0.040328100323677
2021-03-21,0.0401121452450752
2021-03-22,0.0398987047374248
2021-03-23,0.0396868512034416
2021-03-24,0.03948014393517946
2021-03-25,0.0392704755067825
2021-03-26,0.0390648134052753
2021-03-27,0.03886138602115346
2021-03-28,0.0386607721447944
2021-03-29,0.0384603142738342
2021-03-30,0.03828481608070432
2021-03-31,0.0380623526871204
2021-04-01,0.0378674790263175
2021-04-02,0.0376749746501445
2021-04-03,0.0374823436141014
2021-04-04,0.037291407585144
2021-04-05,0.0371037721633911
2021-04-06,0.0369172729551792
2021-04-07,0.0367314927279949
2021-04-08,0.0365488678216934
2021-04-09,0.0363700091838836
2021-04-10,0.0361912436783313
2021-04-11,0.036013051867485
2021-04-12,0.0358363166451454
2021-04-13,0.0356625020503997
2021-04-14,0.035489622503519
2021-04-15,0.035317063480613684
2021-04-16,0.0351458266377449
2021-04-17,0.034976802766323
2021-04-18,0.0348115844736014
2021-04-19,0.0346478633582592
2021-04-20,0.0344843007624149
2021-04-21,0.0343203395605087
2021-04-22,0.034158678369578775
2021-04-23,0.0339992344379425
2021-04-24,0.0338413715362548
2021-04-25,0.0336837135255336
2021-04-26,0.03352724409060668
2021-04-27,0.0333734452724456
2021-04-28,0.0332219041883945
2021-04-29,0.033071827172509005
2021-04-30,0.0329225808382034
2021-05-01,0.0327748470008373
2021-05-02,0.0326292514801025
2021-05-03,0.032484944909811
2021-05-04,0.03234153097763221
2021-05-05,0.0321988388895988
2021-05-06,0.0320571847259998
2021-05-07,0.0319180451333522
2021-05-08,0.0317820012569427
2021-05-09,0.0316466726362705
2021-05-10,0.0315117761492729
2021-05-11,0.0313779786229133
2021-05-12,0.031247205155523195
2021-05-13,0.0311161838471889
2021-05-14,0.030988598242402
2021-05-15,0.0308620445430278
2021-05-16,0.0307355374097824
2021-05-17,0.03061016285573705
2021-05-18,0.0304855033755302
2021-05-19,0.0303633138537406
2021-05-20,0.0302421320229768
2021-05-21,0.0301213413476943
2021-05-22,0.0300009027123451
2021-05-23,0.02988113622907914
2021-05-24,0.0297620240598917
2021-05-25,0.029657089936335923
2021-05-26,0.029530903324875114
2021-05-27,0.029416985809803
2021-05-28,0.0293032098561525
2021-05-29,0.0291897282004356
2021-05-30,0.029080941882284606
2021-05-31,0.0289691877487712
2021-06-01,0.028857669905164505
2021-06-02,0.0287484060972929
2021-06-03,0.0286400020122528
2021-06-04,0.0285322777926921
2021-06-05,0.028425852856912504
2021-06-06,0.0283181965351104
2021-06-07,0.028213213346049305
2021-06-08,0.0829956047236919
2021-06-09,0.0970394909381865
2021-06-10,0.0329740182496606
2021-06-11,0.2471953984349965
2021-06-12,0.02770485170575873
2021-06-13,0.027605863830558488
2021-06-14,0.1155462097376584
2021-06-15,0.027408416907121546
2021-06-16,0.0273110922425985
2021-06-17,0.0272143054753541
2021-06-18,0.0271176639944314
2021-06-19,0.0270213559269905
2021-06-20,0.0277768723899498
2021-06-21,0.03496584482491
2021-06-22,0.02673642338883481
2021-06-23,0.026643918827176
2021-06-24,0.026553112550345717
2021-06-25,0.026459431293289374
2021-06-26,0.1287865508347749
2021-06-27,0.25925772823393334
2021-06-28,0.0261876620352268
2021-06-29,0.0260974448174238
2021-06-30,0.02603244004421864
2021-07-01,0.0297571467235684
2021-07-02,0.2616456877440213
2021-07-03,0.0257478542625904
2021-07-04,0.025661302730441
2021-07-05,0.0285025516059248
2021-07-06,0.02549390782360201
2021-07-07,0.9743264000862838
2021-07-08,0.025319759701460436
2021-07-09,0.0252365749329328
2021-07-10,0.0251541137695312
2021-07-11,0.47609012387692917
2021-07-12,3.9089730884879823
2021-07-13,0.0371185624971985
2021-07-14,0.024830155501362566
2021-07-15,0.0247497726231813
2021-07-16,0.21129495091736308
2021-07-17,0.024590136504968975
2021-07-18,0.2055757232010364
2021-07-19,0.15142209455370892
2021-07-20,0.024356685578823
2021-07-21,0.02428020624086707
2021-07-22,0.0242036636918783
2021-07-23,0.0241270530968904
2021-07-24,0.1234745848923921
2021-07-25,0.0489485412836074
2021-07-26,0.0238991789519786
2021-07-27,0.023823696140974238
2021-07-28,0.0244457618682644
2021-07-29,0.0270510297268628
2021-07-30,2.2669849395751953
2021-07-31,0.9734121393412352
2021-08-01,0.11013949662446959
2021-08-02,0.030389181338250502
2021-08-03,0.02340813877526668
2021-08-04,0.0800461564213036
2021-08-05,5.729480089619756
2021-08-06,0.02310999708060989
2021-08-07,0.0914605762809514
2021-08-08,1.681841179728508
2021-08-09,0.0240884361555799
2021-08-10,0.0227247402071952
2021-08-11,0.022622937336564
2021-08-12,0.022543013290487527
2021-08-13,0.1223077736794948
2021-08-14,0.12558305263519282
2021-08-15,7.676511662080884
2021-08-16,0.0227034647250547
2021-08-17,0.023217716137878503
2021-08-18,2.0018063392490144
2021-08-19,0.0585465002804994
2021-08-20,0.0235549360513687
2021-08-21,3.4355929885059595
2021-08-22,0.0295675586676224
2021-08-23,0.0499990731477737
2021-08-24,0.037161557036597445
2021-08-25,0.346717745065689
2021-08-26,0.0439100268849869
2021-08-27,0.0666966289281844
2021-08-28,0.3964014537632465
2021-08-29,2.4318189918994904
2021-08-30,11.181843429803848
2021-08-31,0.9225484281778336
2021-09-01,0.20438936372713803
2021-09-02,0.2854551673950299
2021-09-03,4.075136959552765
2021-09-04,0.42323231702078523
2021-09-05,0.5442916750907898
2021-09-06,0.6231234690058045
2021-09-07,0.8290399909019469
2021-09-08,0.7083844542503357
2021-09-09,1.629949688911438
2021-09-10,1.0139904022216797
2021-09-11,0.7308516502630293
2021-09-12,0.7347537279628629
2021-09-13,1.4907940030097961
2021-09-14,0.8987384140491486
2021-09-15,2.411279261112213
2021-09-16,20.84860396385193
2021-09-17,2.688424468040466
2021-09-18,3.9810538292056052
2021-09-19,4.585287988185883
2021-09-20,4.292275428771973
2021-09-21,3.871157169354531
2021-09-22,3.368443250656128
2021-09-23,3.018640637397766
2021-09-24,2.6099448205540305
2021-09-25,2.3494635847569043
2021-09-26,2.4518126249313354
2021-09-27,1.881175756454468
2021-09-28,1.6804158687591553
2021-09-29,1.4909332991145963
2021-09-30,1.8214850425720217
2021-10-01,1.55959215760231
2021-10-02,1.2747545093297958
2021-10-03,1.0738511085510254
2021-10-04,1.008680806393386
2021-10-05,1.408781737089157
2021-10-06,0.9093344211578368
2021-10-07,22.729926824569702
2021-10-08,1.3450317680835726
2021-10-09,1.5317740445364656
2021-10-10,1.803591251373291
2021-10-11,1.861202359199524
2021-10-12,1.8019004881425642
2021-10-13,1.685420479421737
2021-10-14,1.547430396080017
2021-10-15,1.4043227434158323
2021-10-16,1.268665790564106
2021-10-17,1.148348689087091
2021-10-18,1.040017281218539
2021-10-19,0.9395888447761536
2021-10-20,0.8506610787162856
2021-10-21,0.7749657841759472
2021-10-22,0.7093513607978821
2021-10-23,0.7015228979289532
2021-10-24,0.6007305572079531
2021-10-25,2.8085658550262456
2021-10-26,0.5430561664397828
2021-10-27,0.5120030641555786
2021-10-28,0.4905069858269826
2021-10-29,0.4740491395932622
2021-10-30,0.4523306201444938
2021-10-31,0.43192678079593344
2021-11-01,0.40851071209301887
2021-11-02,0.3858757615089416
2021-11-03,0.3647113144397735
2021-11-04,0.3453802466392517
2021-11-05,0.3279597759246826
2021-11-06,0.3109396994113922
2021-11-07,0.2946692407131195
2021-11-08,0.2797260284423828
2021-11-09,0.2659353017807007
2021-11-10,0.2533078790023248
2021-11-11,0.25347621645778406
2021-11-12,0.2342944764532148
2021-11-13,0.2882947474718093
2021-11-14,0.22064762376248828
2021-11-15,0.2089645713567733
2021-11-16,0.2005488574504852
2021-11-17,0.192615121603012
2021-11-18,0.18534760393333724
2021-11-19,0.1786686480045318
2021-11-20,0.1724603237471456
2021-11-21,0.1668075323104858
2021-11-22,0.1616187989711761
2021-11-23,0.1567197740077972
2021-11-24,0.1521637141704559
2021-11-25,0.1479891538619995
2021-11-26,0.1441172125735192
2021-11-27,0.14036285736452214
2021-11-28,0.1367353498935699
2021-11-29,0.13318428995449944
2021-11-30,0.1298679298495799
2021-12-01,0.12681067155979514
2021-12-02,0.12391098999887616
2021-12-03,0.12120467487623371
2021-12-04,0.11865841923787455
2021-12-05,0.1163211933526326
2021-12-06,0.1138766109943389
2021-12-07,0.111602246761322
2021-12-08,0.1094719767570495
2021-12-09,0.10746034764088103
2021-12-10,0.10552773967603453
2021-12-11,0.10373484067584825
2021-12-12,0.1020502746105194
2021-12-13,0.10038225352827555
2021-12-14,0.09880401720648277
2021-12-15,0.09736888283441654
2021-12-16,0.09587111404632438
2021-12-17,0.0944025645742385
2021-12-18,0.092960886657238
2021-12-19,0.0915630534291267
2021-12-20,0.09043063464923749
2021-12-21,0.08890839677769684
2021-12-22,0.08766051421169928
2021-12-23,0.08644113324734798
2021-12-24,0.0852854028344154
2021-12-25,0.08418683885540588
2021-12-26,0.08320841108798045
2021-12-27,0.08217487806541608
2021-12-28,0.0810855701565742
2021-12-29,0.0800945833325386
2021-12-30,0.0791299641132354
2021-12-31,0.0781871899962425
2022-01-01,0.0772695690393447
2022-01-02,0.0763851255178451
2022-01-03,0.07552096063416375
2022-01-04,0.0746695846319198
2022-01-05,0.073839470744133
2022-01-06,0.0730281621217727
2022-01-07,0.0722316801548004
2022-01-08,0.07147366483695802
2022-01-09,0.0706907212734222
2022-01-10,0.06994776431024437
2022-01-11,0.06922141645543092
2022-01-12,0.0685127079486846
2022-01-13,0.06783190373509138
2022-01-14,0.06717432914228992
2022-01-15,0.06648932825086708
2022-01-16,0.0664901438285596
2022-01-17,0.0652660280466079
2022-01-18,0.0646146982908248
2022-01-19,0.063972882926464
2022-01-20,0.0633480995893478
2022-01-21,0.06274936370379364
2022-01-22,0.062167307158105624
2022-01-23,0.0615774765610694
2022-01-24,0.060996208435165816
2022-01-25,0.060606910570641
2022-01-26,0.061810265528038096
2022-01-27,0.059362668544054
2022-01-28,0.0588231310248374
2022-01-29,0.058290892670285636
2022-01-30,0.0577660426497459
2022-01-31,0.05724903217924914
2022-02-01,0.05674210902679985
2022-02-02,0.0562233440577983
2022-02-03,0.0557190179824829
2022-02-04,0.0552218370139598
2022-02-05,0.0547374375164508
2022-02-06,0.0542674884200096
2022-02-07,0.0538076236844062
2022-02-08,0.053350631147623
2022-02-09,0.0528963580727577
2022-02-10,0.0524480901658535
2022-02-11,0.0520021244883537
2022-02-12,0.0515618994832038
2022-02-13,0.051129937171936
2022-02-14,0.050710242241621
2022-02-15,0.0502985753118991
2022-02-16,0.049893669784069
2022-02-17,0.049497879975302
2022-02-18,0.049114330392200055
2022-02-19,0.0487383864820003
2022-02-20,0.0483656637370586
2022-02-21,0.0480048768222332
2022-02-22,0.0476571097970008
2022-02-23,0.0473148413002491
2022-02-24,0.0469776876270771
2022-02-25,0.0466481186449527
2022-02-26,0.0463219434022903
2022-02-27,0.0459968596696853
2022-02-28,0.0456770248711109
2022-03-01,0.0453609079122543
2022-03-02,0.0450497046113014
2022-03-03,0.0447463579475879
2022-03-04,0.044445931911663655
2022-03-05,0.04414764737150273
2022-03-06,0.043855357915163
2022-03-07,0.0435680411756038
2022-03-08,0.043284922838211
2022-03-09,0.04300716164723179
2022-03-10,0.042736928575209256
2022-03-11,0.04246939825554818
2022-03-12,0.0422062017023563
2022-03-13,0.0419472754001617
2022-03-14,0.0416912175714969
2022-03-15,0.041435170918703
2022-03-16,0.041179821643229524
2022-03-17,0.040929078609966696
2022-03-18,0.0406815633177757
2022-03-19,0.040437471990401194
2022-03-20,0.0401954092085361
2022-03-21,0.039958307835718104
2022-03-22,0.039722379297018
2022-03-23,0.0394906364381313
2022-03-24,0.0392620451748371
2022-03-25,0.0390359088778495
2022-03-26,0.0388123369857851
2022-03-27,0.03859808008928667
2022-03-28,0.038377963568846554
2022-03-29,0.03816404164160752
2022-03-30,0.0379501059651374
2022-03-31,0.037743611949281275
2022-04-01,0.0375354513525962
2022-04-02,0.0373298041522502
2022-04-03,0.0371232815086841
2022-04-04,0.0369163714349269
2022-04-05,0.0367118269205093
2022-04-06,0.0365116782486438
2022-04-07,0.0363154225051403
2022-04-08,0.03612366492909294
2022-04-09,0.0359326042234897
2022-04-10,0.0357436388731002
2022-04-11,0.0355566181242466
2022-04-12,0.0353694930672645
2022-04-13,0.0351836197078228
2022-04-14,0.0349996127188205
2022-04-15,0.0348191112279892
2022-04-16,0.0346383228898048
2022-04-17,0.0344585962593555
2022-04-18,0.0342809744179248
2022-04-19,0.0341082748001326
2022-04-20,0.0339360274374485
2022-04-21,0.0337658002972602
2022-04-22,0.0335979834198951
2022-04-23,0.0334322340786457
2022-04-24,0.0332677103579044
2022-04-25,0.0331056788563728
2022-04-26,0.0329434871673584
2022-04-27,0.0327812172472476
2022-04-28,0.032620932906866
2022-04-29,0.0324632935225963
2022-04-30,0.0006715359631925
2022-05-01,0.032157227396965
2022-05-02,0.0320055224001407
2022-05-03,0.0318560563027858
2022-05-04,0.0317068845033645
2022-05-05,0.0315585397183895
2022-05-06,0.0314138196408748
2022-05-07,0.03127171844244
2022-05-08,0.0311298854649066
2022-05-09,0.030989141489271718
2022-05-10,0.0308449771255254
2022-05-11,0.0307071600109338
2022-05-12,0.0305714346468448
2022-05-13,0.0304365213960409
2022-05-14,0.0303025301545858
2022-05-15,0.0301701035350561
2022-05-16,0.0300389230251312
2022-05-17,0.029910647369227578
2022-05-18,0.0297836922109127
2022-05-19,0.0296577084809541
2022-05-20,0.0295331757515668
2022-05-21,0.0296535202069207
2022-05-22,0.044304396957159
2022-05-23,0.0291668437421321
2022-05-24,0.0290471166372299
2022-05-25,0.0289287641644477
2022-05-26,0.0523851308971642
2022-05-27,1.0383656118065119
2022-05-28,0.061633469536900395
2022-05-29,0.028484961326948815
2022-05-30,0.028374070302822837
2022-05-31,0.028277272734157997
2022-06-01,0.0281537976115942
2022-06-02,0.0280436128377914
2022-06-03,0.0279340464621782
2022-06-04,0.0278244875371456
2022-06-05,0.027715515345335
2022-06-06,0.4426505547016859
2022-06-07,0.027508845552802
2022-06-08,0.4220072347670793
2022-06-09,7.7062903586775064
2022-06-10,0.0272115301340818
2022-06-11,0.0271170828491449
2022-06-12,0.0270233321934938
2022-06-13,0.030715717701241298
2022-06-14,0.02688790236061316
2022-06-15,0.7523028273135424
2022-06-16,0.0266608074307441
2022-06-17,0.026569865571033704
2022-06-18,0.0269541774177923
2022-06-19,0.0507836509495973
2022-06-20,0.0269487145124002
2022-06-21,0.3838308323174714
2022-06-22,0.0261272061616182
2022-06-23,17.78043424151838
2022-06-24,0.026141555294088844
2022-06-25,0.0266338521032593
2022-06-26,0.0263723991811275
2022-06-27,0.026497796177864
2022-06-28,0.028252030722796802
2022-06-29,0.026661582719896118
2022-06-30,0.0005558329285122
2022-07-01,0.0266703851521015
2022-07-02,0.0266150683164596
2022-07-03,0.026752042263979
2022-07-04,0.10624157264828671
2022-07-05,0.0264363251626491
2022-07-06,0.0262835267931222
2022-07-07,0.5714228190481663
2022-07-08,4.6051694471389055
2022-07-09,0.025894173759297697
2022-07-10,0.0258742943406105
2022-07-11,0.025900611193492296
2022-07-12,0.025901239769609626
2022-07-13,0.0299387192353605
2022-07-14,2.0477552004158497
2022-07-15,0.0276163553353398
2022-07-16,0.025704600199787736
2022-07-17,0.0256034899502992
2022-07-18,0.0256009173172059
2022-07-19,0.02534075195467259
2022-07-20,0.028357040602713702
2022-07-21,1.2246244754642248
2022-07-22,3.952773652970791
2022-07-23,0.1238444130867718
2022-07-24,1.1744964141398668
2022-07-25,0.030534581048414
2022-07-26,0.03180714567133685
2022-07-27,0.0342910587787628
2022-07-28,0.0361836068332195
2022-07-29,0.0374383702874183
2022-07-30,1.3896885477006433
2022-07-31,0.1356103867292403
2022-08-01,0.04257687561257385
2022-08-02,0.0458969834726302
2022-08-03,4.142131924629211
2022-08-04,0.056532738068199244
2022-08-05,0.07292638043873001
2022-08-06,0.08434395072981711
2022-08-07,0.2386376932263374
2022-08-08,1.7838174253702161
2022-08-09,0.1315829530358313
2022-08-10,0.114201582968235
2022-08-11,0.11984405962783734
2022-08-12,0.1279257494024932
2022-08-13,0.1298228241503237
2022-08-14,0.1258680237806402
2022-08-15,2.928942024707794
2022-08-16,0.12551001536485265
2022-08-17,0.1279085298301651
2022-08-18,0.1675952933728694
2022-08-19,0.1339419030118733
2022-08-20,0.13116337169049072
2022-08-21,1.6052244305610657
2022-08-22,0.1461544195190071
2022-08-23,0.1465103156515396
2022-08-24,6.653087884187698
2022-08-25,0.18750441658175984
2022-08-26,0.3121653720736502
2022-08-27,0.5919927060604095
2022-08-28,0.28148949400952
2022-08-29,1.1616457402706146
2022-08-30,0.608840137720108
2022-08-31,2.4585264623165135
2022-09-01,0.423156006076189
2022-09-02,11.100409209728241
2022-09-03,2.10726797580719
2022-09-04,2.5732235908664425
2022-09-05,2.991482734692666
2022-09-06,2.9553192853927617
2022-09-07,5.216723442077637
2022-09-08,2.9201311469078064
2022-09-09,2.6151671409607053
2022-09-10,6.129298210144043
2022-09-11,3.110511302947998
2022-09-12,3.726915001869202
2022-09-13,3.3051037788891695
2022-09-14,5.554131269454956
2022-09-15,5.554131269454956
2022-09-16,3.544851541519165
2022-09-17,3.4720859527603505
2022-09-18,3.8191012740135193
2022-09-19,5.059637784957886
2022-09-20,4.038725733757019
2022-09-21,3.8795865327119827
2022-09-22,3.9556378768756986
2022-09-23,3.8323569055646654
2022-09-24,3.5256142541456943
2022-09-25,7.5890138149261475
2022-09-26,3.753004252910614
2022-09-27,4.250925242900848
2022-09-28,3.5053415298461914
2022-09-29,3.604718831425999
2022-09-30,3.419096904108301
2022-10-01,3.1352682844153605
2022-10-02,2.981240913271904
2022-10-03,2.5436573028564453
2022-10-04,2.7740813493728638
2022-10-05,2.1206350326787886
2022-10-06,2.1462001651525497
2022-10-07,1.7643769979476929
2022-10-08,1.9295665323734283
2022-10-09,21.787687301635746
2022-10-10,4.416648983955383
2022-10-11,4.44060754783495
2022-10-12,4.687232017720053
2022-10-13,4.331580361351371
2022-10-14,4.450950801372528
2022-10-15,6.583784580230713
2022-10-16,3.5138063430786133
2022-10-17,3.4039499759674072
2022-10-18,3.151097297674702
2022-10-19,5.955209255218506
2022-10-20,2.493545856443234
2022-10-21,2.3375673294348407
2022-10-22,2.147294521381747
2022-10-23,2.0868539959192276
2022-10-24,7.309983253479004
2022-10-25,2.4516422748565674
2022-10-26,2.8557910919189453
2022-10-27,2.881064891815185
2022-10-28,2.723705768585205
2022-10-29,2.4884440898895264
2022-10-30,2.2417001724492964
2022-10-31,2.0053954124450684
2022-11-01,1.7889570898810234
2022-11-02,1.5975276231765747
2022-11-03,1.4294769238913432
2022-11-04,1.282364747079555
2022-11-05,1.1562479865751811
2022-11-06,1.04721200466156
2022-11-07,0.9530816824112592
2022-11-08,0.8697108881242457
2022-11-09,0.7962709665298462
2022-11-10,0.731972336769104
2022-11-11,0.677606463432312
2022-11-12,0.6391413109377027
2022-11-13,0.5892910296679474
2022-11-14,0.5489781653996033
2022-11-15,0.5179307379294187
2022-11-16,0.4852194651030003
2022-11-17,0.4558493196964264
2022-11-18,0.4279925594598026
2022-11-19,0.4066093256697058
2022-11-20,0.3808131217956543
2022-11-21,0.3597445487976074
2022-11-22,0.3399791717529297
2022-11-23,0.3216559886932373
2022-11-24,0.30909563088789566
2022-11-25,0.2983479415997863
2022-11-26,0.2855241182260214
2022-11-27,0.2711895514130446
2022-11-28,0.2598989009857178
2022-11-29,0.24957075715065
2022-11-30,0.2403372079133987
2022-12-01,0.2317394614219665
2022-12-02,0.2233040928840637
2022-12-03,0.2152744233608245
2022-12-04,0.2081697495240178
2022-12-05,0.2015767395496368
2022-12-06,0.1951188594102859
2022-12-07,0.1891797482967376
2022-12-08,0.1836840808391571
2022-12-09,0.1785446107387542
2022-12-10,0.17374637321669434
2022-12-11,0.1691606044769287
2022-12-12,0.1647447943687439
2022-12-13,0.1605754345655441
2022-12-14,0.156625747680664
2022-12-15,0.1528458148241043
2022-12-16,0.1492514908313751
2022-12-17,0.1458287835121154
2022-12-18,0.1425476103687515
2022-12-19,0.1393841803073883
2022-12-20,0.1362985521554947
2022-12-21,0.13328819862362806
2022-12-22,0.13046373427148397
2022-12-23,0.1277398616075515
2022-12-24,0.12510167778822273
2022-12-25,0.1225751787424087
2022-12-26,0.1201549619436264
2022-12-27,0.11785420968215016
2022-12-28,0.11740144318901
2022-12-29,0.1198297613300382
2022-12-30,0.1145091336220502
2022-12-31,0.1111525297164917
