Date,LIS_Soil_Moisture_Combined
2015-01-01,0.18530452512204643
2015-01-02,0.1846882820129394
2015-01-03,0.1840941332280635
2015-01-04,0.18350172303617
2015-01-05,0.1829005047678947
2015-01-06,0.18228660523891443
2015-01-07,0.18170699030160897
2015-01-08,0.181170629709959
2015-01-09,0.1806627910584211
2015-01-10,0.18015512228012082
2015-01-11,0.1796927161514759
2015-01-12,0.17925336733460423
2015-01-13,0.17879920452833173
2015-01-14,0.17832980081439012
2015-01-15,0.17785379253327838
2015-01-16,0.17739626094698904
2015-01-17,0.17694629989564412
2015-01-18,0.17649353146553037
2015-01-19,0.17607065625488755
2015-01-20,0.17566124200820915
2015-01-21,0.17524605542421334
2015-01-22,0.17489020675420758
2015-01-23,0.17460237741470336
2015-01-24,0.17423746660351752
2015-01-25,0.1738674290478229
2015-01-26,0.17350421659648416
2015-01-27,0.17312721759080885
2015-01-28,0.1727643810212612
2015-01-29,0.17242048159241669
2015-01-30,0.17208843678236002
2015-01-31,0.17174146212637423
2015-02-01,0.17141759470105172
2015-02-02,0.17112897112965578
2015-02-03,0.17087049409747115
2015-02-04,0.17059677653014652
2015-02-05,0.1703324861824512
2015-02-06,0.1700839251279831
2015-02-07,0.1698423765599727
2015-02-08,0.16958913356065747
2015-02-09,0.16934575811028474
2015-02-10,0.16909901984035963
2015-02-11,0.1688472747802734
2015-02-12,0.1686140842735767
2015-02-13,0.16841243952512736
2015-02-14,0.16820685788989062
2015-02-15,0.16795364022254938
2015-02-16,0.1677074063569307
2015-02-17,0.1675220970064401
2015-02-18,0.1673224084079265
2015-02-19,0.16712890602648253
2015-02-20,0.166938779130578
2015-02-21,0.166722222790122
2015-02-22,0.1664960533380508
2015-02-23,0.16626676246523855
2015-02-24,0.16603781282901764
2015-02-25,0.1658140283077955
2015-02-26,0.16559918411076063
2015-02-27,0.16538172289729114
2015-02-28,0.16516504287719724
2015-03-01,0.16495265662670128
2015-03-02,0.16474533677101133
2015-03-03,0.16454238742589944
2015-03-04,0.16434393376111978
2015-03-05,0.1641499783843755
2015-03-06,0.1639699943363666
2015-03-07,0.1637976616621017
2015-03-08,0.1636319525539875
2015-03-09,0.16348717510700225
2015-03-10,0.16333765648305415
2015-03-11,0.16317545361816882
2015-03-12,0.16300513818860046
2015-03-13,0.16283590868115422
2015-03-14,0.1626744948327541
2015-03-15,0.1625204429030418
2015-03-16,0.16236469000577924
2015-03-17,0.16221313253045078
2015-03-18,0.16268865168094632
2015-03-19,0.1632456727325916
2015-03-20,0.16304530985653398
2015-03-21,0.16291389688849445
2015-03-22,0.16275562010705463
2015-03-23,0.16259134784340853
2015-03-24,0.16242342516779895
2015-03-25,0.16225533597171304
2015-03-26,0.16208532266318795
2015-03-27,0.1619193665683269
2015-03-28,0.1617589127272367
2015-03-29,0.16160286813974378
2015-03-30,0.1614478006958961
2015-03-31,0.16130038350820539
2015-04-01,0.16115717254579065
2015-04-02,0.16101745702326292
2015-04-03,0.16088365390896792
2015-04-04,0.16078300029039377
2015-04-05,0.16066894754767416
2015-04-06,0.16056511625647543
2015-04-07,0.16046594455838198
2015-04-08,0.16035450585186473
2015-04-09,0.16027191579341885
2015-04-10,0.16017162501811977
2015-04-11,0.16006699576973915
2015-04-12,0.1599634245038032
2015-04-13,0.15986429899930948
2015-04-14,0.15977490246295922
2015-04-15,0.15969131886959073
2015-04-16,0.15960450917482372
2015-04-17,0.15951990857720372
2015-04-18,0.15943603366613385
2015-04-19,0.1593529265373945
2015-04-20,0.15927163213491435
2015-04-21,0.15919406488537785
2015-04-22,0.15911893099546426
2015-04-23,0.15904216319322584
2015-04-24,0.15896501094102855
2015-04-25,0.1588878560811281
2015-04-26,0.1588170990347862
2015-04-27,0.15875183679163454
2015-04-28,0.15870876684784885
2015-04-29,0.15865743756294243
2015-04-30,0.1585925288498401
2015-05-01,0.15854695066809651
2015-05-02,0.15854459926486011
2015-05-03,0.15853539556264873
2015-05-04,0.15857439599931236
2015-05-05,0.15861455276608466
2015-05-06,0.15857613421976563
2015-05-07,0.15855549834668636
2015-05-08,0.15850937776267526
2015-05-09,0.1584682866930961
2015-05-10,0.15840523988008492
2015-05-11,0.15835117697715753
2015-05-12,0.1582862071692943
2015-05-13,0.15821906253695484
2015-05-14,0.15815104469656943
2015-05-15,0.15808695256710045
2015-05-16,0.15803629718720907
2015-05-17,0.15798335671424862
2015-05-18,0.15792285762727257
2015-05-19,0.15786401927471158
2015-05-20,0.157814484834671
2015-05-21,0.15774895623326302
2015-05-22,0.1577305674552917
2015-05-23,0.15770473703742025
2015-05-24,0.15764352604746815
2015-05-25,0.15757780522108072
2015-05-26,0.15750647857785222
2015-05-27,0.15743926800787442
2015-05-28,0.1573685862123966
2015-05-29,0.15730166696012018
2015-05-30,0.15725680142641066
2015-05-31,0.15721620582044118
2015-06-01,0.15718075856566424
2015-06-02,0.15712717175483704
2015-06-03,0.15729849711060517
2015-06-04,0.1572835933417081
2015-06-05,0.15721387863159175
2015-06-06,0.15714999511837957
2015-06-07,0.15708746351301667
2015-06-08,0.15701744668185708
2015-06-09,0.15695572756230827
2015-06-10,0.1569277852773666
2015-06-11,0.1568971954286098
2015-06-12,0.15707550942897794
2015-06-13,0.15717595294117925
2015-06-14,0.15742605999112125
2015-06-15,0.15745178014039984
2015-06-16,0.15768259987235067
2015-06-17,0.16066409312188618
2015-06-18,0.1604891501367092
2015-06-19,0.16011295467615128
2015-06-20,0.15978396683931345
2015-06-21,0.15951572395861147
2015-06-22,0.15927565842866895
2015-06-23,0.15904354043304914
2015-06-24,0.15882660374045365
2015-06-25,0.15862773358821863
2015-06-26,0.15844214931130407
2015-06-27,0.15825025439262386
2015-06-28,0.15806757546961303
2015-06-29,0.15790368393063542
2015-06-30,0.15961894840002055
2015-07-01,0.15977876856923098
2015-07-02,0.16073874086141582
2015-07-03,0.16032440066337583
2015-07-04,0.15994843430817124
2015-07-05,0.15959443561732767
2015-07-06,0.15930818952620027
2015-07-07,0.1591712936758995
2015-07-08,0.1609914198517799
2015-07-09,0.177662855386734
2015-07-10,0.18332627937197685
2015-07-11,0.184075578302145
2015-07-12,0.1857300139963627
2015-07-13,0.18615344017744062
2015-07-14,0.18586414903402326
2015-07-15,0.18642449155449864
2015-07-16,0.1857656583189964
2015-07-17,0.18480405360460278
2015-07-18,0.18391508162021636
2015-07-19,0.18500603735446924
2015-07-20,0.18476578593254084
2015-07-21,0.1837468139827251
2015-07-22,0.1828295595943927
2015-07-23,0.18200657367706297
2015-07-24,0.18234754502773282
2015-07-25,0.18686544373631472
2015-07-26,0.19448495358228673
2015-07-27,0.1969139620661735
2015-07-28,0.19917674139142033
2015-07-29,0.20071108341217037
2015-07-30,0.2140604496002197
2015-07-31,0.2233914986252784
2015-08-01,0.23039744347333907
2015-08-02,0.23871603012084958
2015-08-03,0.23752597421407695
2015-08-04,0.24085987806320186
2015-08-05,0.24524619281291962
2015-08-06,0.24391196966171264
2015-08-07,0.2422518670558929
2015-08-08,0.24078663587570187
2015-08-09,0.24364006519317621
2015-08-10,0.24481866210699077
2015-08-11,0.24318121224641795
2015-08-12,0.24618663340806957
2015-08-13,0.2559996485710143
2015-08-14,0.26062067002058026
2015-08-15,0.2765969768166542
2015-08-16,0.2791103243827819
2015-08-17,0.2877962201833725
2015-08-18,0.2926942020654678
2015-08-19,0.2933393001556396
2015-08-20,0.30753762423992154
2015-08-21,0.31698578298091884
2015-08-22,0.322679503262043
2015-08-23,0.3262270808219909
2015-08-24,0.32609056979417794
2015-08-25,0.3242691546678543
2015-08-26,0.3283151805400848
2015-08-27,0.3233548000454902
2015-08-28,0.32006139159202573
2015-08-29,0.3203036472201347
2015-08-30,0.32745101898908613
2015-08-31,0.3255626142024993
2015-09-01,0.32302208095788953
2015-09-02,0.32378463447093964
2015-09-03,0.3230614215135574
2015-09-04,0.3381353482604027
2015-09-05,0.33218125402927395
2015-09-06,0.32947436273097985
2015-09-07,0.33495786935091015
2015-09-08,0.3386578246951103
2015-09-09,0.33222864270210267
2015-09-10,0.3329962283372879
2015-09-11,0.3300165668129921
2015-09-12,0.3263508573174476
2015-09-13,0.3294653475284576
2015-09-14,0.3265138491988182
2015-09-15,0.3210993856191635
2015-09-16,0.3287300735712051
2015-09-17,0.32612841278314586
2015-09-18,0.32073715478181836
2015-09-19,0.3157412812113761
2015-09-20,0.3169458821415901
2015-09-21,0.32152813971042626
2015-09-22,0.32005315870046613
2015-09-23,0.32406553179025643
2015-09-24,0.3241044238209724
2015-09-25,0.31976921409368514
2015-09-26,0.3152918860316276
2015-09-27,0.32208476662635804
2015-09-28,0.3293186902999877
2015-09-29,0.32749626636505125
2015-09-30,0.3244043081998825
2015-10-01,0.32030268460512157
2015-10-02,0.3181414172053336
2015-10-03,0.31742480695247643
2015-10-04,0.3166227608919144
2015-10-05,0.3123862847685814
2015-10-06,0.310150308907032
2015-10-07,0.31491373628377906
2015-10-08,0.31176604628562926
2015-10-09,0.3082227766513824
2015-10-10,0.3044893220067024
2015-10-11,0.3008568972349167
2015-10-12,0.2973708182573318
2015-10-13,0.29673301875591274
2015-10-14,0.30662473291158676
2015-10-15,0.3091313302516937
2015-10-16,0.3069836646318435
2015-10-17,0.3046703904867172
2015-10-18,0.3018714129924774
2015-10-19,0.298699077963829
2015-10-20,0.2958328917622566
2015-10-21,0.29334101378917693
2015-10-22,0.2912547528743743
2015-10-23,0.2927695602178573
2015-10-24,0.2918180763721466
2015-10-25,0.2891182988882065
2015-10-26,0.2876158326864242
2015-10-27,0.28524894565343856
2015-10-28,0.2825148344039917
2015-10-29,0.279757659137249
2015-10-30,0.27725300192832947
2015-10-31,0.2748393908143043
2015-11-01,0.2725038565695286
2015-11-02,0.2708074927330017
2015-11-03,0.27207869440317156
2015-11-04,0.27177033275365825
2015-11-05,0.2695390284061432
2015-11-06,0.2674037888646125
2015-11-07,0.26534459218382833
2015-11-08,0.2633369281888008
2015-11-09,0.2613463811576366
2015-11-10,0.2593779921531677
2015-11-11,0.25750093609094615
2015-11-12,0.2560995914041995
2015-11-13,0.2549867212772369
2015-11-14,0.2531442828476429
2015-11-15,0.25118861794471736
2015-11-16,0.24930486530065538
2015-11-17,0.24759865179657933
2015-11-18,0.24574918299913406
2015-11-19,0.24394600838422772
2015-11-20,0.24202541559934615
2015-11-21,0.2401854135096073
2015-11-22,0.2395392388105392
2015-11-23,0.24116941988468166
2015-11-24,0.2398459136486053
2015-11-25,0.23831885531544683
2015-11-26,0.23672294765710827
2015-11-27,0.23508577123284335
2015-11-28,0.23367280736565588
2015-11-29,0.2321045450866222
2015-11-30,0.23056326583027834
2015-12-01,0.22899783700704573
2015-12-02,0.22747893184423443
2015-12-03,0.22605746909976004
2015-12-04,0.22465698495507236
2015-12-05,0.2232907406985759
2015-12-06,0.22198262363672255
2015-12-07,0.22073798179626464
2015-12-08,0.2195176064968109
2015-12-09,0.2183109663426876
2015-12-10,0.2171417452394962
2015-12-11,0.21608363986015316
2015-12-12,0.2150528013706207
2015-12-13,0.21407917290925976
2015-12-14,0.21308087259531017
2015-12-15,0.212136335670948
2015-12-16,0.21115665435791015
2015-12-17,0.21005617976188656
2015-12-18,0.20900563001632688
2015-12-19,0.20802230611443517
2015-12-20,0.207042434066534
2015-12-21,0.2060870759189129
2015-12-22,0.20519018508493897
2015-12-23,0.2043210346251726
2015-12-24,0.2034597001969814
2015-12-25,0.2026029668748378
2015-12-26,0.20175617411732666
2015-12-27,0.2012679018080234
2015-12-28,0.201215922832489
2015-12-29,0.20032529607415195
2015-12-30,0.19942900910973543
2015-12-31,0.19856894537806508
2016-01-01,0.1977306943386793
2016-01-02,0.19696896895766253
2016-01-03,0.19663319438695903
2016-01-04,0.20011557564139365
2016-01-05,0.19951975420117374
2016-01-06,0.19853966608643525
2016-01-07,0.1976083636283874
2016-01-08,0.19671306088566778
2016-01-09,0.19584553167223928
2016-01-10,0.19501182362437242
2016-01-11,0.1942012548446655
2016-01-12,0.1934242039918899
2016-01-13,0.19281261563301078
2016-01-14,0.19215527698397633
2016-01-15,0.19149964600801467
2016-01-16,0.19081970751285549
2016-01-17,0.19012073427438733
2016-01-18,0.18945160061120986
2016-01-19,0.1888094067573547
2016-01-20,0.18821345008909698
2016-01-21,0.1876683428883552
2016-01-22,0.18711413145065303
2016-01-23,0.1865326792001724
2016-01-24,0.18595453575253482
2016-01-25,0.1854070872068405
2016-01-26,0.1848767668008804
2016-01-27,0.18440730385482307
2016-01-28,0.1839341104030609
2016-01-29,0.1834161959588527
2016-01-30,0.18289438635110852
2016-01-31,0.18237521201372142
2016-02-01,0.18189986981451506
2016-02-02,0.18145618624985216
2016-02-03,0.18097798787057395
2016-02-04,0.18051844686269755
2016-02-05,0.18011016249656672
2016-02-06,0.1797714542597532
2016-02-07,0.17936962023377412
2016-02-08,0.17895491085946552
2016-02-09,0.17855432145297523
2016-02-10,0.1781633056700229
2016-02-11,0.17778269313275813
2016-02-12,0.17740944549441334
2016-02-13,0.17703487239778037
2016-02-14,0.17666783705353734
2016-02-15,0.1763107012957334
2016-02-16,0.17595999538898466
2016-02-17,0.17561049498617645
2016-02-18,0.17526506856083862
2016-02-19,0.17492631599307057
2016-02-20,0.17467180341482158
2016-02-21,0.17461295649409286
2016-02-22,0.1743311673402786
2016-02-23,0.1740228250622749
2016-02-24,0.1737158633768558
2016-02-25,0.17341142147779462
2016-02-26,0.17312282212078567
2016-02-27,0.1728372633457183
2016-02-28,0.17254844605922695
2016-02-29,0.17226834297180174
2016-03-01,0.17207167632877823
2016-03-02,0.17187137380242343
2016-03-03,0.17159273326396934
2016-03-04,0.17133589833974835
2016-03-05,0.1710958488285541
2016-03-06,0.17083075791597366
2016-03-07,0.17056543864309787
2016-03-08,0.17030463032424445
2016-03-09,0.17004927471280096
2016-03-10,0.16980180814862247
2016-03-11,0.16956987306475632
2016-03-12,0.16933786310255522
2016-03-13,0.16911371983587736
2016-03-14,0.16889611706137653
2016-03-15,0.1686785195022821
2016-03-16,0.16845594085752963
2016-03-17,0.16823318079113952
2016-03-18,0.1680146131664514
2016-03-19,0.16780383177101607
2016-03-20,0.1676017690449953
2016-03-21,0.16741422861814492
2016-03-22,0.16724445298314086
2016-03-23,0.1670953784137964
2016-03-24,0.1669036526232957
2016-03-25,0.16673653796315188
2016-03-26,0.1665564682334661
2016-03-27,0.1663765393197536
2016-03-28,0.16620186790823932
2016-03-29,0.16603466235101216
2016-03-30,0.16589642427861687
2016-03-31,0.1657644353806972
2016-04-01,0.16565876416862008
2016-04-02,0.16555882468819613
2016-04-03,0.16545305810868735
2016-04-04,0.16537032723426812
2016-04-05,0.16529918760061257
2016-04-06,0.16516998521983622
2016-04-07,0.16503601223230357
2016-04-08,0.16496440842747684
2016-04-09,0.1648843482136726
2016-04-10,0.16484208814799778
2016-04-11,0.16480308435857288
2016-04-12,0.1646962314844131
2016-04-13,0.16459433771669862
2016-04-14,0.16448529176414012
2016-04-15,0.16437331885099404
2016-04-16,0.16426792144775385
2016-04-17,0.16425151079893108
2016-04-18,0.16426788754761212
2016-04-19,0.16417729072272774
2016-04-20,0.16411862894892687
2016-04-21,0.16403575390577313
2016-04-22,0.1639286041259765
2016-04-23,0.16384741179645054
2016-04-24,0.16379632577300066
2016-04-25,0.16372236758470535
2016-04-26,0.16363948993384836
2016-04-27,0.1635704711079597
2016-04-28,0.16348398402333253
2016-04-29,0.1634198326617479
2016-04-30,0.16332580372691152
2016-05-01,0.16324240937829015
2016-05-02,0.16318011581897732
2016-05-03,0.16312175020575517
2016-05-04,0.16304754763841622
2016-05-05,0.16296934336423868
2016-05-06,0.16288738101720807
2016-05-07,0.16282487623393527
2016-05-08,0.16276012584567065
2016-05-09,0.16270464360713954
2016-05-10,0.16264400109648702
2016-05-11,0.16257627569139002
2016-05-12,0.1625032473355531
2016-05-13,0.1624461151659488
2016-05-14,0.16240026541054242
2016-05-15,0.16233689859509465
2016-05-16,0.16227271407842636
2016-05-17,0.16220067664980883
2016-05-18,0.16212835386395452
2016-05-19,0.16209967881441115
2016-05-20,0.16206629499793046
2016-05-21,0.1619848050177097
2016-05-22,0.16192935258150098
2016-05-23,0.1618871711194515
2016-05-24,0.16181154027581213
2016-05-25,0.1617345660924911
2016-05-26,0.1616717830300331
2016-05-27,0.16162647083401677
2016-05-28,0.16228540576994419
2016-05-29,0.16331782042980192
2016-05-30,0.1634278707206249
2016-05-31,0.16321268193423746
2016-06-01,0.16311687454581258
2016-06-02,0.1629896655678749
2016-06-03,0.16282577216625213
2016-06-04,0.16267268210649483
2016-06-05,0.16251985915005204
2016-06-06,0.16237087659537788
2016-06-07,0.16222854927182195
2016-06-08,0.16226768679916856
2016-06-09,0.16250952444970604
2016-06-10,0.16235869377851486
2016-06-11,0.16221971437335014
2016-06-12,0.16212661899626252
2016-06-13,0.16206243410706514
2016-06-14,0.16196346618235108
2016-06-15,0.16183233261108398
2016-06-16,0.1617037415504455
2016-06-17,0.16158259175717826
2016-06-18,0.1615304790437221
2016-06-19,0.1614370081573724
2016-06-20,0.16130552627146238
2016-06-21,0.1611682008951902
2016-06-22,0.1610315006226301
2016-06-23,0.16089063063263892
2016-06-24,0.16076047495007512
2016-06-25,0.16093620583415025
2016-06-26,0.1610892817378044
2016-06-27,0.1609614342451095
2016-06-28,0.16444464959204194
2016-06-29,0.16417800746858116
2016-06-30,0.16717446893453594
2016-07-01,0.05722965821623797
2016-07-02,0.02749469615519043
2016-07-03,0.02190342592075461
2016-07-04,0.020035850349813637
2016-07-05,0.020035850349813637
2016-07-06,0.020035850349813637
2016-07-07,0.028764272388070777
2016-07-08,0.43899989128112793
2016-07-09,0.43893654793500897
2016-07-10,0.3957112580537796
2016-07-11,0.364957582950592
2016-07-12,0.3516442239284515
2016-07-13,0.3430934026837349
2016-07-14,0.3368162214756012
2016-07-15,0.33187173604965203
2016-07-16,0.32780187427997587
2016-07-17,0.3243491679430007
2016-07-18,0.32135492861270903
2016-07-19,0.31871371120214453
2016-07-20,0.20674097537994382
2016-07-21,0.21939816474914547
2016-07-22,0.22513862103223797
2016-07-23,0.22499064505100247
2016-07-24,0.2304294571280479
2016-07-25,0.23987362682819363
2016-07-26,0.24339337646961207
2016-07-27,0.24257010072469704
2016-07-28,0.24177874773740765
2016-07-29,0.24071972817182535
2016-07-30,0.23973390609025955
2016-07-31,0.24178370833396912
2016-08-01,0.24448101818561546
2016-08-02,0.24992043077945705
2016-08-03,0.2477618992328643
2016-08-04,0.2460210755467414
2016-08-05,0.24454774409532545
2016-08-06,0.24428887963294982
2016-08-07,0.2426565885543823
2016-08-08,0.24034131392836564
2016-08-09,0.23842684328556057
2016-08-10,0.23692004084587093
2016-08-11,0.23888133019208904
2016-08-12,0.24386377334594725
2016-08-13,0.24578229784965513
2016-08-14,0.2545474454760551
2016-08-15,0.2522370904684066
2016-08-16,0.25807971954345704
2016-08-17,0.2802547723054885
2016-08-18,0.2793237715959549
2016-08-19,0.27914843261241906
2016-08-20,0.28137694150209425
2016-08-21,0.2846301823854446
2016-08-22,0.28797974437475204
2016-08-23,0.2973060816526413
2016-08-24,0.29397919625043867
2016-08-25,0.29116486907005307
2016-08-26,0.2883253335952758
2016-08-27,0.2852731600403785
2016-08-28,0.284028135240078
2016-08-29,0.2837948977947235
2016-08-30,0.29322843849658964
2016-08-31,0.29175018221139903
2016-09-01,0.30432963371276855
2016-09-02,0.3062554001808166
2016-09-03,0.30767827033996575
2016-09-04,0.3125058650970458
2016-09-05,0.30839355438947674
2016-09-06,0.3171375602483749
2016-09-07,0.32616900503635404
2016-09-08,0.3223242506384849
2016-09-09,0.31787882596254347
2016-09-10,0.31685801446437833
2016-09-11,0.3224616855382919
2016-09-12,0.31960545182228084
2016-09-13,0.32357459664344784
2016-09-14,0.32080998420715323
2016-09-15,0.3153759583830833
2016-09-16,0.3110960736870766
2016-09-17,0.30745992511510845
2016-09-18,0.303549875319004
2016-09-19,0.2998270243406296
2016-09-20,0.303824034333229
2016-09-21,0.3017431810498237
2016-09-22,0.297533443570137
2016-09-23,0.2944019481539726
2016-09-24,0.292006242275238
2016-09-25,0.29365707784891126
2016-09-26,0.3048585712909698
2016-09-27,0.3024953469634056
2016-09-28,0.316761302947998
2016-09-29,0.3167954221367836
2016-09-30,0.31730790734291076
2016-10-01,0.31358018964529033
2016-10-02,0.30877316445112224
2016-10-03,0.30396840721368784
2016-10-04,0.2994169861078262
2016-10-05,0.29500959366559976
2016-10-06,0.2913111224770546
2016-10-07,0.287336964905262
2016-10-08,0.2831739395856857
2016-10-09,0.2791864871978759
2016-10-10,0.2755005657672881
2016-10-11,0.27198262065649026
2016-10-12,0.2684622809290885
2016-10-13,0.2648298770189285
2016-10-14,0.26122689843177793
2016-10-15,0.25784480720758435
2016-10-16,0.25464563220739367
2016-10-17,0.2541885197162628
2016-10-18,0.255580997467041
2016-10-19,0.25231795758008957
2016-10-20,0.2491967625916004
2016-10-21,0.24623082578182215
2016-10-22,0.24322641938924788
2016-10-23,0.24014555066823956
2016-10-24,0.2372189290821552
2016-10-25,0.23514539822936056
2016-10-26,0.23279700428247446
2016-10-27,0.23018128275871275
2016-10-28,0.2274371713399887
2016-10-29,0.22484283894300458
2016-10-30,0.2223630249500274
2016-10-31,0.2204044848680496
2016-11-01,0.21803381145000453
2016-11-02,0.2157153233885765
2016-11-03,0.2133493214845657
2016-11-04,0.21122301965951917
2016-11-05,0.20940988957881923
2016-11-06,0.20718815922737116
2016-11-07,0.2047311507165432
2016-11-08,0.20229429155588147
2016-11-09,0.20015152692794796
2016-11-10,0.19819523245096204
2016-11-11,0.19621536061167713
2016-11-12,0.1942259345203638
2016-11-13,0.19232222400605672
2016-11-14,0.1905114114284515
2016-11-15,0.18889487572014327
2016-11-16,0.18776778541505335
2016-11-17,0.18656889647245403
2016-11-18,0.1852266706526279
2016-11-19,0.1839606940746307
2016-11-20,0.18263190425932402
2016-11-21,0.18130319602787492
2016-11-22,0.1800713539123535
2016-11-23,0.1789444804191589
2016-11-24,0.177912687510252
2016-11-25,0.17690295949578283
2016-11-26,0.17591595984995362
2016-11-27,0.17500604987144464
2016-11-28,0.1741778381168842
2016-11-29,0.1734021641314029
2016-11-30,0.17268927432596679
2016-12-01,0.1719677004963159
2016-12-02,0.1712842375040054
2016-12-03,0.17065336406230924
2016-12-04,0.17005871422588822
2016-12-05,0.16948931552469726
2016-12-06,0.16894930787384504
2016-12-07,0.16844040229916568
2016-12-08,0.1679571270942688
2016-12-09,0.16748988814651963
2016-12-10,0.16704658567905425
2016-12-11,0.16664301380515095
2016-12-12,0.166242291778326
2016-12-13,0.16585260480642317
2016-12-14,0.16549069434404373
2016-12-15,0.16516511589288704
2016-12-16,0.16484199278056616
2016-12-17,0.16454368270933623
2016-12-18,0.1642953865230083
2016-12-19,0.16403520479798314
2016-12-20,0.16376524791121477
2016-12-21,0.16350485496222966
2016-12-22,0.1632641531527042
2016-12-23,0.16302707120776172
2016-12-24,0.16279082559049124
2016-12-25,0.16256179325282571
2016-12-26,0.1623419858515262
2016-12-27,0.16212899759411808
2016-12-28,0.16192295178771016
2016-12-29,0.16172486729919908
2016-12-30,0.1615355551242828
2016-12-31,0.16135249137878416
2017-01-01,0.16117566674947734
2017-01-02,0.1610045131295919
2017-01-03,0.16083858683705327
2017-01-04,0.16067776158452032
2017-01-05,0.16052041947841644
2017-01-06,0.16036597564816474
2017-01-07,0.1602153085172176
2017-01-08,0.1600732501596212
2017-01-09,0.15994238778948783
2017-01-10,0.15981681123375888
2017-01-11,0.15969427190721033
2017-01-12,0.15957503430545328
2017-01-13,0.15944499969482417
2017-01-14,0.1593245614320039
2017-01-15,0.1592048309743404
2017-01-16,0.1590968124568462
2017-01-17,0.158987059816718
2017-01-18,0.1588774319738149
2017-01-19,0.15877155810594554
2017-01-20,0.158667378872633
2017-01-21,0.1585658125579357
2017-01-22,0.1584779735654592
2017-01-23,0.15838223695755
2017-01-24,0.15830325260758393
2017-01-25,0.15820743776857848
2017-01-26,0.1581083379685878
2017-01-27,0.15801061764359473
2017-01-28,0.15792182050645348
2017-01-29,0.1578369785100221
2017-01-30,0.15774752162396904
2017-01-31,0.15769318453967565
2017-02-01,0.15760709904134268
2017-02-02,0.15751644670963283
2017-02-03,0.15742713585495943
2017-02-04,0.15733890309929843
2017-02-05,0.15725225433707235
2017-02-06,0.15716701596975322
2017-02-07,0.15708314031362525
2017-02-08,0.15700074136257164
2017-02-09,0.1569193840026855
2017-02-10,0.15684035159647464
2017-02-11,0.15678233727812765
2017-02-12,0.15674860402941698
2017-02-13,0.1566986173391342
2017-02-14,0.15667402185499668
2017-02-15,0.15664835758507248
2017-02-16,0.15659306086599822
2017-02-17,0.1565169163048267
2017-02-18,0.15645087324082843
2017-02-19,0.15642442554235453
2017-02-20,0.1563533969223499
2017-02-21,0.15627987347543237
2017-02-22,0.15620487630367275
2017-02-23,0.15613157972693442
2017-02-24,0.15606175437569614
2017-02-25,0.15598991028964515
2017-02-26,0.15592095330357547
2017-02-27,0.15585272237658498
2017-02-28,0.15578173436224457
2017-03-01,0.1557118475437164
2017-03-02,0.15564376190304752
2017-03-03,0.15557872653007504
2017-03-04,0.1555126521736383
2017-03-05,0.15544683039188378
2017-03-06,0.15538093671202652
2017-03-07,0.15531537421047686
2017-03-08,0.15525311045348641
2017-03-09,0.15519117601215834
2017-03-10,0.15512762777507302
2017-03-11,0.1550651293247938
2017-03-12,0.15501119345426553
2017-03-13,0.1549545597285032
2017-03-14,0.15490050129592414
2017-03-15,0.15484437160193915
2017-03-16,0.15480022951960562
2017-03-17,0.15474542230367655
2017-03-18,0.15468733794987197
2017-03-19,0.15462993942201134
2017-03-20,0.1545730974525213
2017-03-21,0.15451712384819982
2017-03-22,0.154460497200489
2017-03-23,0.15440436899662013
2017-03-24,0.15434938669204712
2017-03-25,0.15429468788206574
2017-03-26,0.15424279682338232
2017-03-27,0.15418983921408647
2017-03-28,0.15413645058870312
2017-03-29,0.15408431626856323
2017-03-30,0.15403233841061587
2017-03-31,0.1539805687963962
2017-04-01,0.15392894968390464
2017-04-02,0.15387811847031113
2017-04-03,0.15383283421397204
2017-04-04,0.15378379523754118
2017-04-05,0.1537334464490413
2017-04-06,0.15368516258895393
2017-04-07,0.15363605730235574
2017-04-08,0.15358698628842826
2017-04-09,0.15353886410593984
2017-04-10,0.15349304676055903
2017-04-11,0.1534514915198087
2017-04-12,0.15341003090143202
2017-04-13,0.15336308851838107
2017-04-14,0.15331606715917584
2017-04-15,0.15326904505491254
2017-04-16,0.15322226583957668
2017-04-17,0.15317582823336118
2017-04-18,0.15312980264425272
2017-04-19,0.15308411419391627
2017-04-20,0.15303881019353865
2017-04-21,0.15299411751329892
2017-04-22,0.15295061245560643
2017-04-23,0.1529063612222671
2017-04-24,0.1528621725738048
2017-04-25,0.1528182085603475
2017-04-26,0.1527748800814151
2017-04-27,0.1527450621128082
2017-04-28,0.15271543636918067
2017-04-29,0.15267285741865627
2017-04-30,0.15262982845306394
2017-05-01,0.15259758755564684
2017-05-02,0.15260607339441773
2017-05-03,0.1526120245456695
2017-05-04,0.15257362909615035
2017-05-05,0.15253041498363012
2017-05-06,0.1524867188185453
2017-05-07,0.15244209766387937
2017-05-08,0.1523980930447578
2017-05-09,0.15236339494585988
2017-05-10,0.15232197716832152
2017-05-11,0.152279483154416
2017-05-12,0.15223636776208876
2017-05-13,0.15219444334506987
2017-05-14,0.15215324759483337
2017-05-15,0.15211540460586542
2017-05-16,0.15207756310701367
2017-05-17,0.1520353905856609
2017-05-18,0.15199372209608553
2017-05-19,0.1519529841840267
2017-05-20,0.15191693566739556
2017-05-21,0.15187842249870295
2017-05-22,0.15183957405388349
2017-05-23,0.15182252973318094
2017-05-24,0.1518311660736799
2017-05-25,0.15202840454876415
2017-05-26,0.1519939176738262
2017-05-27,0.15195398107171054
2017-05-28,0.1522418513894081
2017-05-29,0.15242946594953535
2017-05-30,0.1523946478962898
2017-05-31,0.15239895470440384
2017-06-01,0.15234807766973968
2017-06-02,0.15227308385074134
2017-06-03,0.15219943821430204
2017-06-04,0.1521554805338382
2017-06-05,0.15214324146509167
2017-06-06,0.1520801071077585
2017-06-07,0.1520410012453794
2017-06-08,0.1521553579717874
2017-06-09,0.15210167355835436
2017-06-10,0.15223979130387305
2017-06-11,0.1522809468209743
2017-06-12,0.15221797041594978
2017-06-13,0.15214639008045192
2017-06-14,0.15206805020570752
2017-06-15,0.15199130401015273
2017-06-16,0.151934390887618
2017-06-17,0.15186337158083912
2017-06-18,0.15189381949603553
2017-06-19,0.15197879076004023
2017-06-20,0.15202390849590297
2017-06-21,0.15204172581434244
2017-06-22,0.1528033301234245
2017-06-23,0.15559944659471509
2017-06-24,0.15554157570004457
2017-06-25,0.15548650026321403
2017-06-26,0.1553116627037525
2017-06-27,0.15729732327163218
2017-06-28,0.16078133620321747
2017-06-29,0.16840647608041762
2017-06-30,0.17219681292772293
2017-07-01,0.17316500991582867
2017-07-02,0.1750113897025585
2017-07-03,0.17761692330241197
2017-07-04,0.1765819244086742
2017-07-05,0.17560082972049712
2017-07-06,0.17474976181983942
2017-07-07,0.176852935552597
2017-07-08,0.1855253033339977
2017-07-09,0.19762980937957758
2017-07-10,0.19610898122191422
2017-07-11,0.19468935132026666
2017-07-12,0.19563069939613342
2017-07-13,0.2075840905308723
2017-07-14,0.21801230311393732
2017-07-15,0.22143110930919646
2017-07-16,0.22078525274991984
2017-07-17,0.2200211942195892
2017-07-18,0.21950363740324969
2017-07-19,0.21849573254585264
2017-07-20,0.21927505880594247
2017-07-21,0.22607367038726806
2017-07-22,0.23213099539279936
2017-07-23,0.23026325553655624
2017-07-24,0.23032985925674432
2017-07-25,0.2385536670684814
2017-07-26,0.23688958734273907
2017-07-27,0.23488389849662777
2017-07-28,0.23414683043956752
2017-07-29,0.23823508620262146
2017-07-30,0.2561393722891807
2017-07-31,0.2711403504014015
2017-08-01,0.2706573098897934
2017-08-02,0.27591818869113915
2017-08-03,0.2836738288402557
2017-08-04,0.283630958199501
2017-08-05,0.281059256196022
2017-08-06,0.2784969240427017
2017-08-07,0.2765010774135589
2017-08-08,0.27472963035106657
2017-08-09,0.27589631229639044
2017-08-10,0.28078336566686624
2017-08-11,0.29020784348249434
2017-08-12,0.2958422169089317
2017-08-13,0.31986506581306456
2017-08-14,0.3199539616703987
2017-08-15,0.3183620437979698
2017-08-16,0.3205157592892646
2017-08-17,0.31980361640453336
2017-08-18,0.3243151724338531
2017-08-19,0.3269644007086754
2017-08-20,0.3279654800891876
2017-08-21,0.3270697712898254
2017-08-22,0.32332575470209124
2017-08-23,0.34130761623382566
2017-08-24,0.3464779630303383
2017-08-25,0.34091617614030834
2017-08-26,0.34006645977497096
2017-08-27,0.34313684701919556
2017-08-28,0.34207821637392044
2017-08-29,0.3348358929157257
2017-08-30,0.32775383144617076
2017-08-31,0.3252716973423958
2017-09-01,0.32320820540189743
2017-09-02,0.3175956860184669
2017-09-03,0.31246950328350065
2017-09-04,0.30794970244169234
2017-09-05,0.30472157895565033
2017-09-06,0.301323115825653
2017-09-07,0.29864073842763894
2017-09-08,0.2967676401138305
2017-09-09,0.29432498812675467
2017-09-10,0.29343080520629883
2017-09-11,0.29087222963571546
2017-09-12,0.2874833822250366
2017-09-13,0.28487774282693856
2017-09-14,0.29274907559156416
2017-09-15,0.2905752271413803
2017-09-16,0.28718074113130565
2017-09-17,0.28392841368913646
2017-09-18,0.28301880061626433
2017-09-19,0.28943400382995604
2017-09-20,0.2870692282915115
2017-09-21,0.28389844000339504
2017-09-22,0.28075975030660627
2017-09-23,0.2776630222797394
2017-09-24,0.2767245545983314
2017-09-25,0.2905168369412422
2017-09-26,0.2953634262084961
2017-09-27,0.2933358088135719
2017-09-28,0.2912022858858108
2017-09-29,0.28978816270828245
2017-09-30,0.28699036985635756
2017-10-01,0.28388037085533135
2017-10-02,0.28151959478855126
2017-10-03,0.28718710839748385
2017-10-04,0.28423658609390257
2017-10-05,0.2815180554986
2017-10-06,0.2781507059931755
2017-10-07,0.2748301237821579
2017-10-08,0.271848240494728
2017-10-09,0.2689510032534599
2017-10-10,0.265922823548317
2017-10-11,0.2629299990832805
2017-10-12,0.2701524555683136
2017-10-13,0.27023813277482983
2017-10-14,0.267177939414978
2017-10-15,0.2642268523573875
2017-10-16,0.26199615001678467
2017-10-17,0.2612731352448463
2017-10-18,0.25843151211738585
2017-10-19,0.2554285913705825
2017-10-20,0.25259510874748226
2017-10-21,0.24987364336848256
2017-10-22,0.24710990190505977
2017-10-23,0.24418955519795413
2017-10-24,0.24136474877595898
2017-10-25,0.23870341107249257
2017-10-26,0.23593055009841918
2017-10-27,0.23307349607348438
2017-10-28,0.23019589781761163
2017-10-29,0.22760013714432714
2017-10-30,0.2251811727881431
2017-10-31,0.22277588099241255
2017-11-01,0.22038796842098235
2017-11-02,0.21794904395937917
2017-11-03,0.2155610829591751
2017-11-04,0.2132829248905182
2017-11-05,0.21096618399024009
2017-11-06,0.20878697559237477
2017-11-07,0.2067961290478706
2017-11-08,0.20487496703863142
2017-11-09,0.2028070233762264
2017-11-10,0.20082454755902285
2017-11-11,0.19899016767740246
2017-11-12,0.19708297327160829
2017-11-13,0.19508761763572688
2017-11-14,0.19322751834988589
2017-11-15,0.19135341010987755
2017-11-16,0.18954774141311642
2017-11-17,0.18813510909676548
2017-11-18,0.18690836466848845
2017-11-19,0.18536939918994902
2017-11-20,0.18379589989781378
2017-11-21,0.18229777552187443
2017-11-22,0.18086666092276568
2017-11-23,0.1795291040092706
2017-11-24,0.1782833699136972
2017-11-25,0.1771774712949991
2017-11-26,0.17613827660679812
2017-11-27,0.17515905909240242
2017-11-28,0.17419103384017942
2017-11-29,0.17333418205380435
2017-11-30,0.17253977246582503
2017-12-01,0.17174641005694863
2017-12-02,0.17096439078450199
2017-12-03,0.1702213436365127
2017-12-04,0.1695161864161491
2017-12-05,0.1688526961952448
2017-12-06,0.16823211461305618
2017-12-07,0.16764219105243677
2017-12-08,0.1670833524316549
2017-12-09,0.16655876301228997
2017-12-10,0.1660652983933687
2017-12-11,0.16559985354542728
2017-12-12,0.16516214013099664
2017-12-13,0.1647539675235748
2017-12-14,0.16437313184142105
2017-12-15,0.16401685699820517
2017-12-16,0.16369587443768974
2017-12-17,0.16337687149643898
2017-12-18,0.16305431388318536
2017-12-19,0.16275784410536284
2017-12-20,0.162514791637659
2017-12-21,0.1624876722693443
2017-12-22,0.16229853779077524
2017-12-23,0.16204171106219287
2017-12-24,0.16178655028343197
2017-12-25,0.16153965629637237
2017-12-26,0.16131313070654865
2017-12-27,0.16110576726496217
2017-12-28,0.16087879948318
2017-12-29,0.16066024526953693
2017-12-30,0.1604459516704082
2017-12-31,0.16023676171898837
2018-01-01,0.16003722026944156
2018-01-02,0.15985593833029266
2018-01-03,0.1596980597823858
2018-01-04,0.15955009460449215
2018-01-05,0.15943633690476416
2018-01-06,0.1592969041317701
2018-01-07,0.15915903709828852
2018-01-08,0.15900792516767975
2018-01-09,0.15885537117719645
2018-01-10,0.15870759896934025
2018-01-11,0.158563944324851
2018-01-12,0.15842335894703863
2018-01-13,0.15828708969056599
2018-01-14,0.15815519168972966
2018-01-15,0.15802714712917798
2018-01-16,0.1579028844833374
2018-01-17,0.15778496861457816
2018-01-18,0.15767128653824328
2018-01-19,0.1575579091906547
2018-01-20,0.15744569823145863
2018-01-21,0.15733591020107265
2018-01-22,0.15722902864217753
2018-01-23,0.1571239188313484
2018-01-24,0.15702027641236777
2018-01-25,0.1569187097251415
2018-01-26,0.15681946165859695
2018-01-27,0.156723915413022
2018-01-28,0.1566447421908378
2018-01-29,0.15655988678336136
2018-01-30,0.15647240281105038
2018-01-31,0.15638524964451783
2018-02-01,0.15630141645669934
2018-02-02,0.1562548145651817
2018-02-03,0.156216300278902
2018-02-04,0.15614131987094873
2018-02-05,0.1562406715005636
2018-02-06,0.15773792304098602
2018-02-07,0.15797049403190608
2018-02-08,0.15773435831069943
2018-02-09,0.15752369351685042
2018-02-10,0.1573224257677793
2018-02-11,0.1571357820183038
2018-02-12,0.15695770606398576
2018-02-13,0.15679490379989142
2018-02-14,0.15664377883076663
2018-02-15,0.1565009396523237
2018-02-16,0.15636340565979479
2018-02-17,0.15624567531049244
2018-02-18,0.1561339661478996
2018-02-19,0.15602695047855375
2018-02-20,0.15591887049376957
2018-02-21,0.15581542029976841
2018-02-22,0.1557161398231983
2018-02-23,0.15562542304396626
2018-02-24,0.15553996376693247
2018-02-25,0.15545737594366071
2018-02-26,0.1553819343447685
2018-02-27,0.15530930384993552
2018-02-28,0.15524258203804486
2018-03-01,0.15516954399645327
2018-03-02,0.1550942957401275
2018-03-03,0.15500836260616777
2018-03-04,0.15491955950856207
2018-03-05,0.1548336043953895
2018-03-06,0.1547486554831266
2018-03-07,0.15466770753264425
2018-03-08,0.15458614788949487
2018-03-09,0.15451309382915496
2018-03-10,0.15443919897079467
2018-03-11,0.1543631441891193
2018-03-12,0.15428767204284666
2018-03-13,0.15421880744397634
2018-03-14,0.15415108799934385
2018-03-15,0.15407915636897082
2018-03-16,0.15401512235403053
2018-03-17,0.15395950488746163
2018-03-18,0.1538995549082756
2018-03-19,0.1538341879844665
2018-03-20,0.1537677504122257
2018-03-21,0.1537074282765388
2018-03-22,0.153654396533966
2018-03-23,0.15359239801764485
2018-03-24,0.15353113561868664
2018-03-25,0.15347081497311588
2018-03-26,0.15341257825493806
2018-03-27,0.1533922381699085
2018-03-28,0.15336437411606307
2018-03-29,0.15331493988633152
2018-03-30,0.1532597310841083
2018-03-31,0.1532146211713552
2018-04-01,0.15317318439483638
2018-04-02,0.1531228512525558
2018-04-03,0.15307227075099944
2018-04-04,0.15302624814212318
2018-04-05,0.15297730565071105
2018-04-06,0.15292328447103498
2018-04-07,0.15287169925868505
2018-04-08,0.1528273437172174
2018-04-09,0.15278215296566483
2018-04-10,0.15275659710168832
2018-04-11,0.15272245034575457
2018-04-12,0.15267713516950604
2018-04-13,0.15262967906892294
2018-04-14,0.15259688533842564
2018-04-15,0.15255606025457377
2018-04-16,0.15250589102506634
2018-04-17,0.15245718583464618
2018-04-18,0.15241159722208975
2018-04-19,0.15236605256795882
2018-04-20,0.15231988988816736
2018-04-21,0.1522732093930244
2018-04-22,0.15223004482686517
2018-04-23,0.15218478441238398
2018-04-24,0.15214697420597073
2018-04-25,0.15212055779993527
2018-04-26,0.15208499357104296
2018-04-27,0.15203704088926312
2018-04-28,0.1519913677126169
2018-04-29,0.1519472621381282
2018-04-30,0.1519025661051273
2018-05-01,0.15185751281678672
2018-05-02,0.15181342549622057
2018-05-03,0.151767798513174
2018-05-04,0.1517225328832864
2018-05-05,0.15167820081114763
2018-05-06,0.1516348302364349
2018-05-07,0.15159598141908642
2018-05-08,0.15155732482671735
2018-05-09,0.15152097381651397
2018-05-10,0.1514869250357151
2018-05-11,0.15144821926951407
2018-05-12,0.1514138214290142
2018-05-13,0.15137765556573868
2018-05-14,0.15134192034602162
2018-05-15,0.15130701623857015
2018-05-16,0.1512793336063623
2018-05-17,0.15124654099345203
2018-05-18,0.1512190513312816
2018-05-19,0.1511872939765453
2018-05-20,0.1511514853686094
2018-05-21,0.1511113099753856
2018-05-22,0.15107106715440746
2018-05-23,0.15103047788143156
2018-05-24,0.1509899519383907
2018-05-25,0.15096494071185584
2018-05-26,0.15094648078083983
2018-05-27,0.15090787708759304
2018-05-28,0.15086920931935308
2018-05-29,0.1508326452225446
2018-05-30,0.15080498345196244
2018-05-31,0.15078084580600254
2018-06-01,0.15076964944601057
2018-06-02,0.1507772993296384
2018-06-03,0.1507752507925033
2018-06-04,0.15074049830436698
2018-06-05,0.15076933726668354
2018-06-06,0.15085123032331466
2018-06-07,0.1516640894114971
2018-06-08,0.15174298807978626
2018-06-09,0.1516576595604419
2018-06-10,0.1515742368996143
2018-06-11,0.15149645730853079
2018-06-12,0.15145155638456342
2018-06-13,0.15148531831800932
2018-06-14,0.15150729268789287
2018-06-15,0.15172823071479796
2018-06-16,0.15211998112499714
2018-06-17,0.1520414229482412
2018-06-18,0.15193642005324362
2018-06-19,0.15189833194017408
2018-06-20,0.1517964374274015
2018-06-21,0.15169105678796763
2018-06-22,0.1515897639095783
2018-06-23,0.1515018422156572
2018-06-24,0.15141734816133973
2018-06-25,0.15133994296193118
2018-06-26,0.1517589248716831
2018-06-27,0.15418492928147312
2018-06-28,0.1616991877555847
2018-06-29,0.16105619072914118
2018-06-30,0.16050875633955
2018-07-01,0.16025384142994878
2018-07-02,0.16008413210511202
2018-07-03,0.16188927404582498
2018-07-04,0.16546559259295457
2018-07-05,0.16557149663567539
2018-07-06,0.16643402278423303
2018-07-07,0.1779042281210422
2018-07-08,0.2090224161744117
2018-07-09,0.2120187669992446
2018-07-10,0.21148487627506252
2018-07-11,0.21655542403459543
2018-07-12,0.21526502519845953
2018-07-13,0.2142212204635143
2018-07-14,0.21491875350475306
2018-07-15,0.21364289894700048
2018-07-16,0.21238368451595302
2018-07-17,0.2110510513186454
2018-07-18,0.2097809009253978
2018-07-19,0.212921629846096
2018-07-20,0.2176374673843383
2018-07-21,0.2172103479504585
2018-07-22,0.2160461150109767
2018-07-23,0.21822517961263654
2018-07-24,0.2169849708676338
2018-07-25,0.2158589087426662
2018-07-26,0.2143119871616363
2018-07-27,0.2126926980912685
2018-07-28,0.21160269677639007
2018-07-29,0.21163512691855424
2018-07-30,0.21030336990952486
2018-07-31,0.20862061902880666
2018-08-01,0.20711028426885603
2018-08-02,0.20634167939424508
2018-08-03,0.21589174866676328
2018-08-04,0.2231381639838218
2018-08-05,0.22188356071710585
2018-08-06,0.22112833112478253
2018-08-07,0.21946427375078198
2018-08-08,0.21991394907236092
2018-08-09,0.22394649535417555
2018-08-10,0.22451845407485957
2018-08-11,0.2280438214540481
2018-08-12,0.2261148899793624
2018-08-13,0.2246044851839542
2018-08-14,0.22287935018539423
2018-08-15,0.22082633823156356
2018-08-16,0.2211560525000095
2018-08-17,0.22585604861378666
2018-08-18,0.2255378872156143
2018-08-19,0.22491114586591715
2018-08-20,0.22303673326969142
2018-08-21,0.22127375453710552
2018-08-22,0.2193067111074924
2018-08-23,0.220718277990818
2018-08-24,0.22305174618959422
2018-08-25,0.2235943511128425
2018-08-26,0.22700152397155757
2018-08-27,0.23440265059471127
2018-08-28,0.24441135823726645
2018-08-29,0.24352059662342068
2018-08-30,0.2676634132862091
2018-08-31,0.28553764969110484
2018-09-01,0.28647964596748343
2018-09-02,0.2867997124791145
2018-09-03,0.288730140030384
2018-09-04,0.28968123346567154
2018-09-05,0.29517373740673064
2018-09-06,0.30370727777481077
2018-09-07,0.32117913514375684
2018-09-08,0.32328793257474897
2018-09-09,0.3209494963288307
2018-09-10,0.31694734692573545
2018-09-11,0.3133388265967369
2018-09-12,0.3120260059833526
2018-09-13,0.3089257270097732
2018-09-14,0.30513864457607265
2018-09-15,0.3015090644359588
2018-09-16,0.2974717736244201
2018-09-17,0.2938999250531196
2018-09-18,0.2929739415645599
2018-09-19,0.2925810992717743
2018-09-20,0.28995154798030853
2018-09-21,0.2868106618523597
2018-09-22,0.28976780325174334
2018-09-23,0.29760188907384866
2018-09-24,0.2992882505059242
2018-09-25,0.29769028127193453
2018-09-26,0.29978554248809813
2018-09-27,0.2980764091014862
2018-09-28,0.29429271817207336
2018-09-29,0.2929546043276786
2018-09-30,0.29636310487985607
2018-10-01,0.2949300244450569
2018-10-02,0.2996036484837532
2018-10-03,0.29728276729583736
2018-10-04,0.2934129729866981
2018-10-05,0.2906101495027542
2018-10-06,0.28691656291484835
2018-10-07,0.2835762858390808
2018-10-08,0.2893560647964477
2018-10-09,0.2864233508706092
2018-10-10,0.28284266293048854
2018-10-11,0.2791659265756607
2018-10-12,0.27563846409320825
2018-10-13,0.27228769958019255
2018-10-14,0.269028314948082
2018-10-15,0.26585507020354265
2018-10-16,0.26612622290849686
2018-10-17,0.26391612291336053
2018-10-18,0.26044850945472714
2018-10-19,0.25708358436822887
2018-10-20,0.254051324725151
2018-10-21,0.2512440331280231
2018-10-22,0.24820720255374906
2018-10-23,0.245178859680891
2018-10-24,0.24227849841117857
2018-10-25,0.2393490612506866
2018-10-26,0.23655791431665416
2018-10-27,0.2340559735894203
2018-10-28,0.23153090104460713
2018-10-29,0.22878686785697933
2018-10-30,0.22609606608748434
2018-10-31,0.22344817519187923
2018-11-01,0.22088309898972508
2018-11-02,0.21851388439536093
2018-11-03,0.21604195758700367
2018-11-04,0.21356894522905345
2018-11-05,0.21136374399065966
2018-11-06,0.20941741243004797
2018-11-07,0.20772733017802236
2018-11-08,0.20602776333689687
2018-11-09,0.2042174160480499
2018-11-10,0.202493979036808
2018-11-11,0.2006863035261631
2018-11-12,0.19889516755938524
2018-11-13,0.19730980992317193
2018-11-14,0.19592623412609095
2018-11-15,0.19499738737940783
2018-11-16,0.19390356764197347
2018-11-17,0.19245988987386226
2018-11-18,0.19169210121035574
2018-11-19,0.19082420840859407
2018-11-20,0.18954297453165048
2018-11-21,0.1882561713457107
2018-11-22,0.18701922819018357
2018-11-23,0.18591990880668155
2018-11-24,0.18500240668654436
2018-11-25,0.18410453274846075
2018-11-26,0.18316080942749974
2018-11-27,0.18219782263040535
2018-11-28,0.18126453757286068
2018-11-29,0.18040368072688578
2018-11-30,0.17961804196238518
2018-12-01,0.17884162068367002
2018-12-02,0.17809072509407992
2018-12-03,0.1773748371750116
2018-12-04,0.17669425979256628
2018-12-05,0.17605707347393032
2018-12-06,0.1754531327635049
2018-12-07,0.17489288374781603
2018-12-08,0.1743744149804115
2018-12-09,0.17384717240929598
2018-12-10,0.1733287505805492
2018-12-11,0.17282927371561527
2018-12-12,0.17234440334141252
2018-12-13,0.17187729701399798
2018-12-14,0.17147148437798015
2018-12-15,0.17118130847811697
2018-12-16,0.17081845700740814
2018-12-17,0.1704043630510568
2018-12-18,0.1699889358133077
2018-12-19,0.16958145126700397
2018-12-20,0.16919137984514232
2018-12-21,0.16883447468280788
2018-12-22,0.16848433613777158
2018-12-23,0.16811510324478143
2018-12-24,0.16775026991963382
2018-12-25,0.1673938382416963
2018-12-26,0.1670565582811832
2018-12-27,0.1667306363582611
2018-12-28,0.16640498265624043
2018-12-29,0.1660991538316011
2018-12-30,0.16580965742468828
2018-12-31,0.16552767902612686
2019-01-01,0.1652636274695396
2019-01-02,0.16501485891640183
2019-01-03,0.16477339752018447
2019-01-04,0.16454807259142396
2019-01-05,0.16434799879789352
2019-01-06,0.16413562707602972
2019-01-07,0.1639559332281351
2019-01-08,0.16380705907940857
2019-01-09,0.16359910443425174
2019-01-10,0.16340417973697186
2019-01-11,0.1632520426064729
2019-01-12,0.16308322772383685
2019-01-13,0.16289486289024346
2019-01-14,0.16269863396883005
2019-01-15,0.16250085271894926
2019-01-16,0.1623416386544704
2019-01-17,0.1621558498591184
2019-01-18,0.16196429468691342
2019-01-19,0.1617750603705644
2019-01-20,0.16158701740205286
2019-01-21,0.1613962542265653
2019-01-22,0.16120850369334216
2019-01-23,0.1610262583941221
2019-01-24,0.16085390672087663
2019-01-25,0.16068811863660806
2019-01-26,0.16052398011088367
2019-01-27,0.16036237999796865
2019-01-28,0.16019492298364635
2019-01-29,0.16002760306000702
2019-01-30,0.15986371375620362
2019-01-31,0.15972737260162828
2019-02-01,0.15958987139165398
2019-02-02,0.15943725779652596
2019-02-03,0.15929926149547097
2019-02-04,0.1591559581458568
2019-02-05,0.15901337191462517
2019-02-06,0.15886783450841901
2019-02-07,0.15872053541243072
2019-02-08,0.1585806407034397
2019-02-09,0.1584411539137363
2019-02-10,0.15830279886722562
2019-02-11,0.158169262483716
2019-02-12,0.15803974494338027
2019-02-13,0.15791343264281743
2019-02-14,0.15779005885124203
2019-02-15,0.15766891203820702
2019-02-16,0.1576877936720848
2019-02-17,0.15757734477519986
2019-02-18,0.15746034495532513
2019-02-19,0.15735951252281663
2019-02-20,0.15728605203330515
2019-02-21,0.1571915507316589
2019-02-22,0.15708273053169247
2019-02-23,0.15697431676089763
2019-02-24,0.15686728581786152
2019-02-25,0.15676008015871043
2019-02-26,0.15665554590523237
2019-02-27,0.15655319765210146
2019-02-28,0.15645281299948688
2019-03-01,0.1563542794436216
2019-03-02,0.15625694729387757
2019-03-03,0.15616023913025853
2019-03-04,0.1560650255531072
2019-03-05,0.15597474128007885
2019-03-06,0.1558845326304435
2019-03-07,0.15579558648169034
2019-03-08,0.15570787154138083
2019-03-09,0.15562180764973155
2019-03-10,0.15553549751639362
2019-03-11,0.15545133426785465
2019-03-12,0.15536912418901916
2019-03-13,0.15528756305575367
2019-03-14,0.1552072018384933
2019-03-15,0.15512745007872578
2019-03-16,0.1550493489950895
2019-03-17,0.15497226938605302
2019-03-18,0.15490058623254294
2019-03-19,0.15482849255204198
2019-03-20,0.1547548413276672
2019-03-21,0.15468604713678352
2019-03-22,0.15463116578757757
2019-03-23,0.1545920681208372
2019-03-24,0.15453966334462166
2019-03-25,0.15449371635913847
2019-03-26,0.15443889722228044
2019-03-27,0.1543797731399536
2019-03-28,0.1543249156326055
2019-03-29,0.15427787974476811
2019-03-30,0.15426246337592597
2019-03-31,0.15422580428421495
2019-04-01,0.15416609644889828
2019-04-02,0.15410078801214694
2019-04-03,0.15404527895152567
2019-04-04,0.15399397537112233
2019-04-05,0.1539345063269138
2019-04-06,0.15386855565011498
2019-04-07,0.15380522757768622
2019-04-08,0.1537407640367746
2019-04-09,0.15367566980421538
2019-04-10,0.15361106917262074
2019-04-11,0.15354780256748196
2019-04-12,0.15348862484097478
2019-04-13,0.153428416326642
2019-04-14,0.15336824320256706
2019-04-15,0.1533090054988861
2019-04-16,0.15325127840042113
2019-04-17,0.15319351702928538
2019-04-18,0.15313738323748105
2019-04-19,0.1530809666961431
2019-04-20,0.15302504412829873
2019-04-21,0.15296966396272182
2019-04-22,0.15291677378118032
2019-04-23,0.1528659407049417
2019-04-24,0.15282042175531388
2019-04-25,0.15277230441570278
2019-04-26,0.15272534191608428
2019-04-27,0.15267919376492498
2019-04-28,0.1526482757180929
2019-04-29,0.1526172991842031
2019-04-30,0.15257174670696258
2019-05-01,0.15253696590661997
2019-05-02,0.15249027982354163
2019-05-03,0.15246982648968693
2019-05-04,0.1524558678269386
2019-05-05,0.15242321491241453
2019-05-06,0.15239101611077782
2019-05-07,0.15236322730779644
2019-05-08,0.1523110073059797
2019-05-09,0.15226666107773779
2019-05-10,0.15224295258522033
2019-05-11,0.15220484510064122
2019-05-12,0.1521642450243234
2019-05-13,0.152117895334959
2019-05-14,0.15206208527088158
2019-05-15,0.1520239777863025
2019-05-16,0.15198843069374557
2019-05-17,0.1519627444446086
2019-05-18,0.15202012099325657
2019-05-19,0.15201601833105083
2019-05-20,0.151966206356883
2019-05-21,0.15191631689667695
2019-05-22,0.1518662497401237
2019-05-23,0.15181085318326942
2019-05-24,0.15175149329006668
2019-05-25,0.1516977488994598
2019-05-26,0.1516658291220665
2019-05-27,0.15164156891405575
2019-05-28,0.15167167633771894
2019-05-29,0.15172954946756356
2019-05-30,0.15166986323893067
2019-05-31,0.1516098987311124
2019-06-01,0.15155892781913277
2019-06-02,0.15150742307305332
2019-06-03,0.15145383328199383
2019-06-04,0.15142913460731502
2019-06-05,0.15141745433211323
2019-06-06,0.15136991217732426
2019-06-07,0.15134234130382535
2019-06-08,0.15131417177617545
2019-06-09,0.15127827189862728
2019-06-10,0.1512344807386398
2019-06-11,0.1513461850583553
2019-06-12,0.15141013041138646
2019-06-13,0.15150186568498608
2019-06-14,0.15166758634150024
2019-06-15,0.15164490602910516
2019-06-16,0.15165738984942434
2019-06-17,0.1515897251665592
2019-06-18,0.1515366945415735
2019-06-19,0.15212277248501774
2019-06-20,0.15206882581114767
2019-06-21,0.15197462476789947
2019-06-22,0.15188845992088312
2019-06-23,0.15180716812610623
2019-06-24,0.1521515686064958
2019-06-25,0.15220265276730058
2019-06-26,0.1520915620028972
2019-06-27,0.15199486538767812
2019-06-28,0.1519802682101726
2019-06-29,0.15195160247385497
2019-06-30,0.15375080145895476
2019-07-01,0.15553506352007385
2019-07-02,0.15610760822892183
2019-07-03,0.16047180071473116
2019-07-04,0.16013022959232326
2019-07-05,0.15971915721893304
2019-07-06,0.1597698047757148
2019-07-07,0.15997252762317654
2019-07-08,0.15960861071944232
2019-07-09,0.1592943705618381
2019-07-10,0.15896426960825913
2019-07-11,0.15876294970512386
2019-07-12,0.15861248783767218
2019-07-13,0.15845908820629115
2019-07-14,0.1589118111878633
2019-07-15,0.15864278972148893
2019-07-16,0.15845483019947998
2019-07-17,0.15847938656806942
2019-07-18,0.1584584385156631
2019-07-19,0.15818450115621083
2019-07-20,0.15790489576756947
2019-07-21,0.15765542089939114
2019-07-22,0.15747070796787738
2019-07-23,0.15743885040283195
2019-07-24,0.16079010292887683
2019-07-25,0.16702699139714236
2019-07-26,0.1764718540012836
2019-07-27,0.17609946131706236
2019-07-28,0.18157559558749192
2019-07-29,0.19053299501538273
2019-07-30,0.18979318737983697
2019-07-31,0.19516307339072225
2019-08-01,0.20271212756633755
2019-08-02,0.20189520120620724
2019-08-03,0.2009574897587299
2019-08-04,0.1998294577002525
2019-08-05,0.19874421656131744
2019-08-06,0.19775447994470594
2019-08-07,0.19685909450054168
2019-08-08,0.19626228213310237
2019-08-09,0.19560124948620788
2019-08-10,0.1947861731052398
2019-08-11,0.19410158470273015
2019-08-12,0.20737532526254648
2019-08-13,0.20768070667982097
2019-08-14,0.20639272481203075
2019-08-15,0.20517447888851165
2019-08-16,0.20445778816938398
2019-08-17,0.20530404523015017
2019-08-18,0.20989937186241145
2019-08-19,0.2149989709258079
2019-08-20,0.21555004566907882
2019-08-21,0.22845097929239266
2019-08-22,0.2606850787997246
2019-08-23,0.27319002449512475
2019-08-24,0.271817272901535
2019-08-25,0.2710660800337791
2019-08-26,0.2723846897482872
2019-08-27,0.2801620930433273
2019-08-28,0.29813984632492063
2019-08-29,0.3117050647735595
2019-08-30,0.33438911139965055
2019-08-31,0.33575245887041094
2019-09-01,0.3322721377015113
2019-09-02,0.3298007011413574
2019-09-03,0.32641255855560297
2019-09-04,0.32264281213283535
2019-09-05,0.32143470793962475
2019-09-06,0.31805508285760875
2019-09-07,0.3158243477344513
2019-09-08,0.3151907652616501
2019-09-09,0.3172899886965751
2019-09-10,0.3199176251888275
2019-09-11,0.3326948761940002
2019-09-12,0.32992992401123045
2019-09-13,0.33001514673233023
2019-09-14,0.33373121470212935
2019-09-15,0.34004173576831814
2019-09-16,0.33754519820213313
2019-09-17,0.33763509392738345
2019-09-18,0.3309065520763397
2019-09-19,0.32776672691106795
2019-09-20,0.3247595772147178
2019-09-21,0.3256506517529487
2019-09-22,0.32639262974262234
2019-09-23,0.3236610412597656
2019-09-24,0.3193263933062553
2019-09-25,0.31405818015336984
2019-09-26,0.3092065528035164
2019-09-27,0.3046773090958595
2019-09-28,0.30020430237054824
2019-09-29,0.29672314077615736
2019-09-30,0.29457399547100066
2019-10-01,0.2910106480121612
2019-10-02,0.28697279691696165
2019-10-03,0.2851334705948829
2019-10-04,0.29226433187723155
2019-10-05,0.2903598755598068
2019-10-06,0.28770774602890015
2019-10-07,0.2886341318488121
2019-10-08,0.28955029100179663
2019-10-09,0.28873212933540343
2019-10-10,0.2872543692588806
2019-10-11,0.2843674272298813
2019-10-12,0.28088099211454387
2019-10-13,0.2783214837312698
2019-10-14,0.27737482637166977
2019-10-15,0.27701154500246045
2019-10-16,0.28036299049854274
2019-10-17,0.2773601964116096
2019-10-18,0.2743007495999336
2019-10-19,0.2714107364416122
2019-10-20,0.2684338182210922
2019-10-21,0.26527336835861204
2019-10-22,0.26214979141950606
2019-10-23,0.2589364193379879
2019-10-24,0.25703649520874017
2019-10-25,0.2568437352776527
2019-10-26,0.25431673601269716
2019-10-27,0.251504548639059
2019-10-28,0.24870993942022318
2019-10-29,0.24602608680725097
2019-10-30,0.24313695207238192
2019-10-31,0.2401266828179359
2019-11-01,0.23718676194548602
2019-11-02,0.2343429513275623
2019-11-03,0.23231885284185405
2019-11-04,0.2303975224494934
2019-11-05,0.2279717206954956
2019-11-06,0.22543595582246775
2019-11-07,0.22284113541245457
2019-11-08,0.22038793861865996
2019-11-09,0.21798086240887637
2019-11-10,0.21569074913859365
2019-11-11,0.21360454782843588
2019-11-12,0.2114969566464424
2019-11-13,0.20943890213966368
2019-11-14,0.20753867849707597
2019-11-15,0.20574290752410887
2019-11-16,0.20420953109860418
2019-11-17,0.20290881693363186
2019-11-18,0.20137627646327017
2019-11-19,0.1998098462820053
2019-11-20,0.1982113361358642
2019-11-21,0.19653431884944433
2019-11-22,0.19491239115595815
2019-11-23,0.19336379691958425
2019-11-24,0.19189007505774497
2019-11-25,0.19048607833683484
2019-11-26,0.18915617391467093
2019-11-27,0.18789050132036206
2019-11-28,0.18669928833842275
2019-11-29,0.18554868139326572
2019-11-30,0.1844281744211912
2019-12-01,0.1833564709872007
2019-12-02,0.18237750269472597
2019-12-03,0.18147206529974932
2019-12-04,0.18061989732086653
2019-12-05,0.17984417043626305
2019-12-06,0.17912632934749123
2019-12-07,0.1784186895936727
2019-12-08,0.17789070978760715
2019-12-09,0.17737384848296642
2019-12-10,0.17690402679145334
2019-12-11,0.17628445141017435
2019-12-12,0.17576782554388043
2019-12-13,0.17519580610096452
2019-12-14,0.17458223178982732
2019-12-15,0.17399007827043528
2019-12-16,0.17344117946922777
2019-12-17,0.17293628975749015
2019-12-18,0.1724241606891155
2019-12-19,0.17191887274384493
2019-12-20,0.1714236173778772
2019-12-21,0.17094957828521723
2019-12-22,0.17050286307930945
2019-12-23,0.1700710698962211
2019-12-24,0.16965143829584117
2019-12-25,0.16926669962704174
2019-12-26,0.168886537104845
2019-12-27,0.16850230544805522
2019-12-28,0.16813583932816978
2019-12-29,0.16777675226330754
2019-12-30,0.16742576770484444
2019-12-31,0.16708302609622477
2020-01-01,0.1667521741241216
2020-01-02,0.16644219718873499
2020-01-03,0.16613711975514886
2020-01-04,0.16584283895790575
2020-01-05,0.16555177420377729
2020-01-06,0.16526954062283034
2020-01-07,0.16500582396984095
2020-01-08,0.1647565323859453
2020-01-09,0.16450783871114252
2020-01-10,0.16426859013736242
2020-01-11,0.16403664946556085
2020-01-12,0.16381239965558048
2020-01-13,0.16358478367328638
2020-01-14,0.16336418464779848
2020-01-15,0.16315605714917175
2020-01-16,0.16294904388487336
2020-01-17,0.1627394154667854
2020-01-18,0.16253867894411078
2020-01-19,0.16234006658196443
2020-01-20,0.16214664280414579
2020-01-21,0.16199404224753375
2020-01-22,0.16184851564466948
2020-01-23,0.16218121945857997
2020-01-24,0.1622537143528461
2020-01-25,0.16205911077558988
2020-01-26,0.16185049191117284
2020-01-27,0.16162330061197275
2020-01-28,0.16139228343963619
2020-01-29,0.16117035299539562
2020-01-30,0.16095889396965496
2020-01-31,0.1607587937265634
2020-02-01,0.16055874899029726
2020-02-02,0.1603700906038284
2020-02-03,0.16021348312497138
2020-02-04,0.16005618572235103
2020-02-05,0.15987979397177693
2020-02-06,0.15970496237277984
2020-02-07,0.15953363180160518
2020-02-08,0.15936477966606616
2020-02-09,0.1591997075825929
2020-02-10,0.15903776623308655
2020-02-11,0.1588782977312803
2020-02-12,0.15872103869915005
2020-02-13,0.15856878459453577
2020-02-14,0.15842249318957324
2020-02-15,0.15828400067985057
2020-02-16,0.15820638425648204
2020-02-17,0.1581129107624292
2020-02-18,0.15800965279340737
2020-02-19,0.15787736810743802
2020-02-20,0.15776228941977022
2020-02-21,0.1576342221349477
2020-02-22,0.15751992426812644
2020-02-23,0.15767142921686172
2020-02-24,0.15911983288824555
2020-02-25,0.15895507298409936
2020-02-26,0.1587208896875381
2020-02-27,0.15849917531013485
2020-02-28,0.1582885712385177
2020-02-29,0.15807824358344075
2020-03-01,0.15788051784038537
2020-03-02,0.15770888887345788
2020-03-03,0.15754992812871926
2020-03-04,0.15738867297768588
2020-03-05,0.15722984448075292
2020-03-06,0.15707638114690778
2020-03-07,0.1569296021014452
2020-03-08,0.15679029300808905
2020-03-09,0.15666571892797942
2020-03-10,0.15653582215309142
2020-03-11,0.15640664324164386
2020-03-12,0.15628158152103422
2020-03-13,0.15616121813654893
2020-03-14,0.15604320764541624
2020-03-15,0.155927537754178
2020-03-16,0.1558179676532745
2020-03-17,0.1557288654148578
2020-03-18,0.1556450724601745
2020-03-19,0.1555516805499792
2020-03-20,0.15545582026243204
2020-03-21,0.15537254661321637
2020-03-22,0.15529186688363547
2020-03-23,0.15524351783096788
2020-03-24,0.15518369078636166
2020-03-25,0.1550905670970678
2020-03-26,0.15499871000647542
2020-03-27,0.1549338731914758
2020-03-28,0.1548561096191406
2020-03-29,0.15477400124073026
2020-03-30,0.154687362909317
2020-03-31,0.15460268221795556
2020-04-01,0.15452361702919004
2020-04-02,0.15444927699863908
2020-04-03,0.1543775577098131
2020-04-04,0.1542971074581146
2020-04-05,0.1542167618870735
2020-04-06,0.1541382052004337
2020-04-07,0.1540602907538414
2020-04-08,0.1539830211549997
2020-04-09,0.15390777885913842
2020-04-10,0.153834506496787
2020-04-11,0.15376401953399182
2020-04-12,0.15371451973915096
2020-04-13,0.15368053577840324
2020-04-14,0.1536868005990982
2020-04-15,0.1536446131765842
2020-04-16,0.15360007621347904
2020-04-17,0.15357514098286623
2020-04-18,0.15352823846042152
2020-04-19,0.153489751368761
2020-04-20,0.15344037190079685
2020-04-21,0.15336876362562177
2020-04-22,0.15329633504152296
2020-04-23,0.15322892479598516
2020-04-24,0.15317378826439376
2020-04-25,0.15314324237406252
2020-04-26,0.15308962725102898
2020-04-27,0.15305845774710172
2020-04-28,0.15302458032965655
2020-04-29,0.15296497792005537
2020-04-30,0.15290469974279403
2020-05-01,0.15284950807690617
2020-05-02,0.15279920995235438
2020-05-03,0.1527409520000219
2020-05-04,0.15267930366098875
2020-05-05,0.15262120142579072
2020-05-06,0.15256421454250813
2020-05-07,0.15251579806208607
2020-05-08,0.15246222019195554
2020-05-09,0.1524116642773151
2020-05-10,0.152379085868597
2020-05-11,0.15233753211796278
2020-05-12,0.15228891596198074
2020-05-13,0.15223715379834168
2020-05-14,0.1521874580532312
2020-05-15,0.1521399267017841
2020-05-16,0.15208722241222855
2020-05-17,0.15203380994498725
2020-05-18,0.1519925501197576
2020-05-19,0.15195207893848417
2020-05-20,0.1519049298018217
2020-05-21,0.15185564756393424
2020-05-22,0.15180669873952862
2020-05-23,0.15175696015357965
2020-05-24,0.1517178855836391
2020-05-25,0.1516777906566858
2020-05-26,0.1516310773789882
2020-05-27,0.15158277414739127
2020-05-28,0.1515518024563789
2020-05-29,0.15150792971253388
2020-05-30,0.15147279575467104
2020-05-31,0.15143585652112956
2020-06-01,0.15182920321822163
2020-06-02,0.15198603570461272
2020-06-03,0.15202771015465258
2020-06-04,0.1519572369754314
2020-06-05,0.1518895003944635
2020-06-06,0.15183580592274662
2020-06-07,0.1517932381480932
2020-06-08,0.15175203122198577
2020-06-09,0.15277850329875944
2020-06-10,0.1574626009911298
2020-06-11,0.15717194080352775
2020-06-12,0.15681130737066265
2020-06-13,0.15929742008447645
2020-06-14,0.1605749603360891
2020-06-15,0.16315200477838512
2020-06-16,0.16287494264543054
2020-06-17,0.16229065433144568
2020-06-18,0.16177904829382891
2020-06-19,0.16143286302685736
2020-06-20,0.16134722940623755
2020-06-21,0.16202874481678003
2020-06-22,0.16162529736757275
2020-06-23,0.16123983673751346
2020-06-24,0.16106541119515888
2020-06-25,0.16210220791399477
2020-06-26,0.16238435432314868
2020-06-27,0.16256730705499645
2020-06-28,0.1625041171908378
2020-06-29,0.16201293021440502
2020-06-30,0.16176557615399356
2020-07-01,0.16192075721919535
2020-07-02,0.16894318163394925
2020-07-03,0.17739823833107943
2020-07-04,0.17666977196931835
2020-07-05,0.17579812854528426
2020-07-06,0.17707109451293943
2020-07-07,0.17922529280185692
2020-07-08,0.17856777384877198
2020-07-09,0.1776453331112861
2020-07-10,0.17683024331927297
2020-07-11,0.17721495628356929
2020-07-12,0.1835267901420593
2020-07-13,0.18640157729387277
2020-07-14,0.1904671639204025
2020-07-15,0.19135605171322817
2020-07-16,0.19374115914106366
2020-07-17,0.1980382218956947
2020-07-18,0.20448981970548627
2020-07-19,0.2109776467084884
2020-07-20,0.2177876695990562
2020-07-21,0.23828015029430383
2020-07-22,0.23959509581327434
2020-07-23,0.23829201906919475
2020-07-24,0.24861959069967268
2020-07-25,0.25110330581665036
2020-07-26,0.25183552503585815
2020-07-27,0.25734616816043854
2020-07-28,0.2654381155967712
2020-07-29,0.2837264612317085
2020-07-30,0.2893921539187431
2020-07-31,0.29549479484558105
2020-08-01,0.2951873630285262
2020-08-02,0.30359709858894346
2020-08-03,0.3031976550817489
2020-08-04,0.30053565502166746
2020-08-05,0.3012200966477394
2020-08-06,0.3019231870770454
2020-08-07,0.29941338598728173
2020-08-08,0.2997988492250442
2020-08-09,0.29812519699335094
2020-08-10,0.30542918443679806
2020-08-11,0.308208829164505
2020-08-12,0.30519237369298935
2020-08-13,0.3036359339952468
2020-08-14,0.30533649176359173
2020-08-15,0.30951331555843353
2020-08-16,0.32299731075763705
2020-08-17,0.3187956750392914
2020-08-18,0.3142505347728729
2020-08-19,0.3098797857761383
2020-08-20,0.30831773877143853
2020-08-21,0.31678827852010727
2020-08-22,0.3196558535099029
2020-08-23,0.31648246645927425
2020-08-24,0.31378547996282574
2020-08-25,0.3105428248643875
2020-08-26,0.31926001608371735
2020-08-27,0.3277534082531929
2020-08-28,0.3281137526035309
2020-08-29,0.3261011213064194
2020-08-30,0.3257871001958847
2020-08-31,0.32581582963466643
2020-09-01,0.3245281189680099
2020-09-02,0.3389438152313232
2020-09-03,0.33950029313564295
2020-09-04,0.33588272333145136
2020-09-05,0.3405944049358368
2020-09-06,0.36030858755111694
2020-09-07,0.35809470117092124
2020-09-08,0.34872937500476836
2020-09-09,0.3405927166342735
2020-09-10,0.3485056951642036
2020-09-11,0.36141885519027706
2020-09-12,0.3558655858039856
2020-09-13,0.34732345342636106
2020-09-14,0.33815971761941904
2020-09-15,0.33290046900510784
2020-09-16,0.3317980945110321
2020-09-17,0.32590780109167095
2020-09-18,0.3206431835889816
2020-09-19,0.3183110788464546
2020-09-20,0.31530001461505885
2020-09-21,0.3120159268379211
2020-09-22,0.30823581814765927
2020-09-23,0.3038804098963737
2020-09-24,0.30190628767013544
2020-09-25,0.3067115887999534
2020-09-26,0.3134741261601448
2020-09-27,0.3147583723068237
2020-09-28,0.3159652680158615
2020-09-29,0.3126334398984909
2020-09-30,0.3099557131528854
2020-10-01,0.3170775115489959
2020-10-02,0.3127979829907417
2020-10-03,0.30875570774078365
2020-10-04,0.3079993978142738
2020-10-05,0.30496342629194256
2020-10-06,0.30217453092336655
2020-10-07,0.2989080429077148
2020-10-08,0.30996996164321894
2020-10-09,0.3071555539965629
2020-10-10,0.30312282294034953
2020-10-11,0.2992851436138153
2020-10-12,0.29655631929636
2020-10-13,0.3028933867812157
2020-10-14,0.30577628016471864
2020-10-15,0.30253868103027337
2020-10-16,0.29910516142845156
2020-10-17,0.295917235314846
2020-10-18,0.29273603409528726
2020-10-19,0.2892758548259735
2020-10-20,0.2858289420604706
2020-10-21,0.28254392743110657
2020-10-22,0.2794731900095939
2020-10-23,0.2762951388955116
2020-10-24,0.27310999780893325
2020-10-25,0.27009382918477054
2020-10-26,0.26704113334417345
2020-10-27,0.2640508353710174
2020-10-28,0.2610661298036575
2020-10-29,0.2580981984734535
2020-10-30,0.2552280560135841
2020-10-31,0.2524253278970718
2020-11-01,0.24978277236223217
2020-11-02,0.2469827726483345
2020-11-03,0.24417769387364385
2020-11-04,0.24147002547979352
2020-11-05,0.23889340385794636
2020-11-06,0.23675775676965707
2020-11-07,0.23436285927891726
2020-11-08,0.23153782784938806
2020-11-09,0.22902789190411565
2020-11-10,0.2267574943602085
2020-11-11,0.22445088326931
2020-11-12,0.22196198627352712
2020-11-13,0.21947742328047748
2020-11-14,0.2170874446630478
2020-11-15,0.21477409973740574
2020-11-16,0.21254611909389495
2020-11-17,0.2103700384497642
2020-11-18,0.2082084938883781
2020-11-19,0.20615354999899863
2020-11-20,0.2042952314019203
2020-11-21,0.202533283829689
2020-11-22,0.20084838122129436
2020-11-23,0.19929345473647114
2020-11-24,0.19765551127493378
2020-11-25,0.19602793455123899
2020-11-26,0.1944414649158716
2020-11-27,0.19286183491349218
2020-11-28,0.1913836367428302
2020-11-29,0.19010045900940892
2020-11-30,0.1889964651316404
2020-12-01,0.18790757060050958
2020-12-02,0.18681727237999435
2020-12-03,0.18581889867782592
2020-12-04,0.18485808074474333
2020-12-05,0.18394440338015552
2020-12-06,0.18304496705532072
2020-12-07,0.1821563951671123
2020-12-08,0.18129804283380505
2020-12-09,0.18048358559608457
2020-12-10,0.17969063743948935
2020-12-11,0.17890954464673992
2020-12-12,0.17816570401191711
2020-12-13,0.17746044807136058
2020-12-14,0.17679578885436054
2020-12-15,0.17614829838275903
2020-12-16,0.17553201690316195
2020-12-17,0.17493498921394346
2020-12-18,0.17436495572328564
2020-12-19,0.17381217405200003
2020-12-20,0.17327452711760993
2020-12-21,0.1727561693638563
2020-12-22,0.17225328907370563
2020-12-23,0.17178894206881518
2020-12-24,0.1713511817157268
2020-12-25,0.17096993923187254
2020-12-26,0.17061678804457184
2020-12-27,0.17024772875010968
2020-12-28,0.16988905258476733
2020-12-29,0.16954759694635865
2020-12-30,0.16923801489174364
2020-12-31,0.1689257405698299
2021-01-01,0.16861788108944886
2021-01-02,0.16830973140895364
2021-01-03,0.16805447153747077
2021-01-04,0.16776271536946294
2021-01-05,0.16745705679059025
2021-01-06,0.1671734135597944
2021-01-07,0.16689239405095574
2021-01-08,0.1666025809943676
2021-01-09,0.1663355119526386
2021-01-10,0.1660970740020275
2021-01-11,0.1658483397215604
2021-01-12,0.16575654335319992
2021-01-13,0.16555744931101793
2021-01-14,0.16530457288026806
2021-01-15,0.16505642980337137
2021-01-16,0.16484930478036403
2021-01-17,0.16464796103537083
2021-01-18,0.16442789286375042
2021-01-19,0.16419562213122843
2021-01-20,0.1639587305486202
2021-01-21,0.16373366117477414
2021-01-22,0.16351985633373253
2021-01-23,0.16331352479755873
2021-01-24,0.1630997814238071
2021-01-25,0.1628854591399431
2021-01-26,0.16267569512128824
2021-01-27,0.1624654959887266
2021-01-28,0.16225540116429327
2021-01-29,0.16205115020275107
2021-01-30,0.16184871941804882
2021-01-31,0.1616461895406246
2021-02-01,0.16145584173500532
2021-02-02,0.16126595512032507
2021-02-03,0.1610725231468677
2021-02-04,0.1609095744788646
2021-02-05,0.1607865400612354
2021-02-06,0.16066277548670765
2021-02-07,0.16051262505352493
2021-02-08,0.16035690307617184
2021-02-09,0.16020070463418953
2021-02-10,0.1600601192563772
2021-02-11,0.15990730635821815
2021-02-12,0.15975095741450782
2021-02-13,0.15959506183862682
2021-02-14,0.15944104455411431
2021-02-15,0.1592890709638595
2021-02-16,0.15914332643151283
2021-02-17,0.15921096093952652
2021-02-18,0.15917973853647704
2021-02-19,0.15906381309032436
2021-02-20,0.1589277788996696
2021-02-21,0.15879458449780937
2021-02-22,0.1586533468216657
2021-02-23,0.15851102657616134
2021-02-24,0.15837111435830586
2021-02-25,0.15823398418724532
2021-02-26,0.1581009861081838
2021-02-27,0.15797088816761967
2021-02-28,0.15784457735717292
2021-03-01,0.15772344656288617
2021-03-02,0.1576039187610149
2021-03-03,0.15749042183160777
2021-03-04,0.15738962367177003
2021-03-05,0.15729251913726328
2021-03-06,0.15718387365341185
2021-03-07,0.15707715675234796
2021-03-08,0.15697659738361833
2021-03-09,0.15687645636498926
2021-03-10,0.15677707195281979
2021-03-11,0.15669461041688912
2021-03-12,0.15659507587552068
2021-03-13,0.15649438276886934
2021-03-14,0.15639464110136025
2021-03-15,0.1562967754900455
2021-03-16,0.15620138645172116
2021-03-17,0.1561098609119653
2021-03-18,0.15603481642901895
2021-03-19,0.15597868934273718
2021-03-20,0.15589794963598244
2021-03-21,0.15581376701593397
2021-03-22,0.1557366952300071
2021-03-23,0.15566205009818077
2021-03-24,0.15557927750051018
2021-03-25,0.15549617223441595
2021-03-26,0.15541907809674738
2021-03-27,0.1553450778126716
2021-03-28,0.15526663586497302
2021-03-29,0.1551902867853641
2021-03-30,0.15514748096466058
2021-03-31,0.15513288676738737
2021-04-01,0.15506123751401898
2021-04-02,0.1549867574125528
2021-04-03,0.15492075011134143
2021-04-04,0.15484878905117505
2021-04-05,0.15478193312883373
2021-04-06,0.1547107130289077
2021-04-07,0.15464327633380884
2021-04-08,0.15457310602068897
2021-04-09,0.15450267568230625
2021-04-10,0.15443502590060232
2021-04-11,0.1543817456811666
2021-04-12,0.1543220732361078
2021-04-13,0.15426519848406312
2021-04-14,0.15420891568064687
2021-04-15,0.15415159501135348
2021-04-16,0.15410172119736665
2021-04-17,0.15405480749905104
2021-04-18,0.1540120296180248
2021-04-19,0.15396896116435524
2021-04-20,0.15392584614455698
2021-04-21,0.15387857779860495
2021-04-22,0.15382015556097023
2021-04-23,0.15376092679798598
2021-04-24,0.15370555408298966
2021-04-25,0.1536481153219938
2021-04-26,0.1535905987024307
2021-04-27,0.15353319272398944
2021-04-28,0.15348267853260036
2021-04-29,0.1534292243421077
2021-04-30,0.1533757589757442
2021-05-01,0.15332524627447125
2021-05-02,0.15327723473310467
2021-05-03,0.15323575474321835
2021-05-04,0.1531897075474262
2021-05-05,0.15314223058521745
2021-05-06,0.15309756062924856
2021-05-07,0.1530497301369905
2021-05-08,0.1530012518167495
2021-05-09,0.15295607596635813
2021-05-10,0.15291083008050915
2021-05-11,0.15286179110407827
2021-05-12,0.15282349251210686
2021-05-13,0.15279535651206966
2021-05-14,0.1527524802833795
2021-05-15,0.1527067370712757
2021-05-16,0.15266338139772412
2021-05-17,0.15261603444814675
2021-05-18,0.1525710359215736
2021-05-19,0.15252923816442487
2021-05-20,0.15249068252742284
2021-05-21,0.15245136842131612
2021-05-22,0.15241044610738747
2021-05-23,0.1523755323141813
2021-05-24,0.15233256183564658
2021-05-25,0.1522874154150486
2021-05-26,0.15224318690598004
2021-05-27,0.15220384448766705
2021-05-28,0.15215964652597902
2021-05-29,0.15211577340960497
2021-05-30,0.15207175426185132
2021-05-31,0.15203589648008342
2021-06-01,0.15199830904602998
2021-06-02,0.15196453221142286
2021-06-03,0.15193094573915
2021-06-04,0.15189536698162548
2021-06-05,0.1518560249358415
2021-06-06,0.15182042904198162
2021-06-07,0.15178083553910252
2021-06-08,0.15174194276332847
2021-06-09,0.1519764840602874
2021-06-10,0.15200704559683795
2021-06-11,0.15496958792209622
2021-06-12,0.1553660199046134
2021-06-13,0.1553708285093307
2021-06-14,0.1554953318089246
2021-06-15,0.1553782574832439
2021-06-16,0.1551858432590961
2021-06-17,0.1549374848604202
2021-06-18,0.15469918809831137
2021-06-19,0.15446929484605787
2021-06-20,0.1542603529989719
2021-06-21,0.15408511310815806
2021-06-22,0.1541067466139793
2021-06-23,0.15398441404104227
2021-06-24,0.15379694811999794
2021-06-25,0.15386289469897743
2021-06-26,0.15490207821130747
2021-06-27,0.15801264122128483
2021-06-28,0.17030716165900228
2021-06-29,0.16957430988550182
2021-06-30,0.16878721043467515
2021-07-01,0.16814919710159298
2021-07-02,0.16809513717889785
2021-07-03,0.1716201446950435
2021-07-04,0.17069626972079271
2021-07-05,0.17256297618150704
2021-07-06,0.17844438403844828
2021-07-07,0.17795854583382603
2021-07-08,0.18647034391760822
2021-07-09,0.1853062525391578
2021-07-10,0.1842516258358955
2021-07-11,0.18324540629982944
2021-07-12,0.18245428279042242
2021-07-13,0.18172575309872618
2021-07-14,0.1808403044939041
2021-07-15,0.1798859417438507
2021-07-16,0.1789388105273246
2021-07-17,0.2031324878334999
2021-07-18,0.20313018187880516
2021-07-19,0.21372794359922404
2021-07-20,0.21343767344951625
2021-07-21,0.2118659995496272
2021-07-22,0.21023562923073763
2021-07-23,0.20853394269943235
2021-07-24,0.20688376426696772
2021-07-25,0.20589406043291092
2021-07-26,0.20601982772350308
2021-07-27,0.2045738816261291
2021-07-28,0.20352561175823206
2021-07-29,0.20333151891827578
2021-07-30,0.20266002565622326
2021-07-31,0.2065633699297904
2021-08-01,0.21144433021545406
2021-08-02,0.2147930756211281
2021-08-03,0.2276840209960937
2021-08-04,0.23063911199569698
2021-08-05,0.23483405113220213
2021-08-06,0.24317590594291683
2021-08-07,0.24254112690687174
2021-08-08,0.24896623641252513
2021-08-09,0.25532878488302224
2021-08-10,0.25301568657159806
2021-08-11,0.2505953416228294
2021-08-12,0.24802288860082622
2021-08-13,0.24653946757316586
2021-08-14,0.2483479723334312
2021-08-15,0.2508966207504272
2021-08-16,0.25661779493093484
2021-08-17,0.27210427224636075
2021-08-18,0.2736744880676269
2021-08-19,0.2957687318325043
2021-08-20,0.29996259063482283
2021-08-21,0.298030112683773
2021-08-22,0.2953506886959075
2021-08-23,0.2924745470285416
2021-08-24,0.28991544693708415
2021-08-25,0.2915081709623336
2021-08-26,0.30414134860038755
2021-08-27,0.301205825805664
2021-08-28,0.30422047227621074
2021-08-29,0.3054532825946808
2021-08-30,0.3186042383313179
2021-08-31,0.3191798076033592
2021-09-01,0.324132852256298
2021-09-02,0.32674813568592065
2021-09-03,0.32353485524654385
2021-09-04,0.33221588581800454
2021-09-05,0.32918467223644254
2021-09-06,0.3240645557641983
2021-09-07,0.3201658755540847
2021-09-08,0.31735929995775214
2021-09-09,0.3124705940485
2021-09-10,0.30965816229581833
2021-09-11,0.3081900745630264
2021-09-12,0.30568763166666024
2021-09-13,0.3074204057455062
2021-09-14,0.324654421210289
2021-09-15,0.32164141833782195
2021-09-16,0.32910161018371575
2021-09-17,0.33973300755023955
2021-09-18,0.3367968767881393
2021-09-19,0.337911419570446
2021-09-20,0.33487972915172576
2021-09-21,0.32785730212926856
2021-09-22,0.32145593166351316
2021-09-23,0.3239599704742431
2021-09-24,0.32898408770561216
2021-09-25,0.32924718260765073
2021-09-26,0.3317055955529213
2021-09-27,0.3259349644184112
2021-09-28,0.32014135420322415
2021-09-29,0.3145759582519531
2021-09-30,0.30951972901821134
2021-10-01,0.3066087588667869
2021-10-02,0.304668878018856
2021-10-03,0.3053635254502296
2021-10-04,0.30354744046926496
2021-10-05,0.3042841732501983
2021-10-06,0.30321907401084897
2021-10-07,0.300157518684864
2021-10-08,0.30273134708404537
2021-10-09,0.301551878452301
2021-10-10,0.2988698333501815
2021-10-11,0.29538627862930295
2021-10-12,0.2919217124581337
2021-10-13,0.2884518042206764
2021-10-14,0.28485145866870876
2021-10-15,0.2812983125448227
2021-10-16,0.277887861430645
2021-10-17,0.27488517388701433
2021-10-18,0.27262531965970993
2021-10-19,0.27013513594865796
2021-10-20,0.2669438675045967
2021-10-21,0.26392155364155767
2021-10-22,0.26107225269079204
2021-10-23,0.2583855666220188
2021-10-24,0.2596981510519981
2021-10-25,0.25820823982357977
2021-10-26,0.25627173930406566
2021-10-27,0.25407070964574807
2021-10-28,0.25214234590530393
2021-10-29,0.250623445212841
2021-10-30,0.2500303521752357
2021-10-31,0.24946835413575172
2021-11-01,0.24752610921859738
2021-11-02,0.24508551284670826
2021-11-03,0.24258591681718825
2021-11-04,0.24025910943746565
2021-11-05,0.2380188442766666
2021-11-06,0.23569984361529348
2021-11-07,0.2332470618188381
2021-11-08,0.23072064593434327
2021-11-09,0.22830436453223227
2021-11-10,0.22595567852258677
2021-11-11,0.22391286641359326
2021-11-12,0.225653626024723
2021-11-13,0.22455291152000426
2021-11-14,0.22438777983188626
2021-11-15,0.22266189008951184
2021-11-16,0.2205036029219627
2021-11-17,0.21849879994988436
2021-11-18,0.21667752638459203
2021-11-19,0.21482038497924805
2021-11-20,0.2129422567784786
2021-11-21,0.21116379201412197
2021-11-22,0.20949461609125133
2021-11-23,0.20799349695444103
2021-11-24,0.20664609298110004
2021-11-25,0.20541916042566297
2021-11-26,0.20421089380979535
2021-11-27,0.20295178890228266
2021-11-28,0.20151268243789672
2021-11-29,0.20009049773216242
2021-11-30,0.19878057464957233
2021-12-01,0.19756263867020604
2021-12-02,0.196401109918952
2021-12-03,0.19529706872999664
2021-12-04,0.19422409683465952
2021-12-05,0.1944632843136787
2021-12-06,0.193394860625267
2021-12-07,0.19222815632820128
2021-12-08,0.19117008149623865
2021-12-09,0.19019388854503627
2021-12-10,0.18937816545367236
2021-12-11,0.18862145915627476
2021-12-12,0.18790441974997518
2021-12-13,0.1871573645621538
2021-12-14,0.1864554367959499
2021-12-15,0.18583499416708943
2021-12-16,0.18521224111318585
2021-12-17,0.18455561399459836
2021-12-18,0.18389055579900737
2021-12-19,0.18324731253087514
2021-12-20,0.18260272480547426
2021-12-21,0.18570613190531726
2021-12-22,0.18641548305749892
2021-12-23,0.18587825112044803
2021-12-24,0.18491971306502814
2021-12-25,0.18409560844302175
2021-12-26,0.18531179502606387
2021-12-27,0.19945423454046246
2021-12-28,0.19806898236274714
2021-12-29,0.19681220576167102
2021-12-30,0.19564305320382114
2021-12-31,0.19453554749488827
2022-01-01,0.19352130740880963
2022-01-02,0.1925018541514873
2022-01-03,0.19145685732364648
2022-01-04,0.19051052853465078
2022-01-05,0.18964376971125602
2022-01-06,0.18884359225630756
2022-01-07,0.18818332180380817
2022-01-08,0.18744393959641453
2022-01-09,0.1868114195764064
2022-01-10,0.1870048306882381
2022-01-11,0.18805412054061882
2022-01-12,0.187300357222557
2022-01-13,0.18647015541791914
2022-01-14,0.18584808111190793
2022-01-15,0.1851895838975906
2022-01-16,0.1850036978721618
2022-01-17,0.18464281708002087
2022-01-18,0.18387693092226975
2022-01-19,0.18301796689629551
2022-01-20,0.18223665952682488
2022-01-21,0.18167848661541938
2022-01-22,0.1812948629260063
2022-01-23,0.180593954026699
2022-01-24,0.1799312517046928
2022-01-25,0.17931490913033482
2022-01-26,0.17873517796397204
2022-01-27,0.17813421860337256
2022-01-28,0.17757938019931313
2022-01-29,0.17709117904305452
2022-01-30,0.17658580094575876
2022-01-31,0.17605020031332963
2022-02-01,0.17559851370751856
2022-02-02,0.174983075261116
2022-02-03,0.17445762678980822
2022-02-04,0.17392125651240345
2022-02-05,0.1733644366264343
2022-02-06,0.17282284460961814
2022-02-07,0.17231290414929384
2022-02-08,0.17182248607277864
2022-02-09,0.17132717333734032
2022-02-10,0.17083835229277605
2022-02-11,0.17033385187387462
2022-02-12,0.16984182521700855
2022-02-13,0.1693729668855667
2022-02-14,0.16918008849024768
2022-02-15,0.16880396455526347
2022-02-16,0.16837089061737057
2022-02-17,0.16795210167765615
2022-02-18,0.1676028929650783
2022-02-19,0.167227141931653
2022-02-20,0.16685947701334947
2022-02-21,0.1665572308003902
2022-02-22,0.16624167859554284
2022-02-23,0.16595512628555292
2022-02-24,0.16565983593463893
2022-02-25,0.16537695638835428
2022-02-26,0.16511175744235515
2022-02-27,0.16485207527875897
2022-02-28,0.16458642631769177
2022-03-01,0.1643151082098484
2022-03-02,0.16404754780232902
2022-03-03,0.16376679688692086
2022-03-04,0.163468549400568
2022-03-05,0.16318733990192408
2022-03-06,0.16292758285999293
2022-03-07,0.16266408152878284
2022-03-08,0.16240381821990008
2022-03-09,0.16215631365776056
2022-03-10,0.16194339506328098
2022-03-11,0.16173399388790125
2022-03-12,0.16150287985801692
2022-03-13,0.16126901023089885
2022-03-14,0.16104490682482714
2022-03-15,0.1608358297497034
2022-03-16,0.16078072078526012
2022-03-17,0.1606444522738456
2022-03-18,0.16099726967513556
2022-03-19,0.16133512556552887
2022-03-20,0.16129491515457625
2022-03-21,0.16117495894432066
2022-03-22,0.16098084002733223
2022-03-23,0.16078400090336792
2022-03-24,0.16060862764716144
2022-03-25,0.1608393352478742
2022-03-26,0.160647327452898
2022-03-27,0.1604773864150047
2022-03-28,0.16041444838047023
2022-03-29,0.16037086993455885
2022-03-30,0.16032920703291886
2022-03-31,0.1605242878198623
2022-04-01,0.16028206832706926
2022-04-02,0.16012645140290255
2022-04-03,0.1601185575127601
2022-04-04,0.15989569313824176
2022-04-05,0.15962799862027166
2022-04-06,0.15938612557947635
2022-04-07,0.15916648544371123
2022-04-08,0.15891651920974248
2022-04-09,0.158871304243803
2022-04-10,0.15897097587585443
2022-04-11,0.1587477751076221
2022-04-12,0.15850903689861295
2022-04-13,0.15829618349671362
2022-04-14,0.15809616670012466
2022-04-15,0.1578939281404018
2022-04-16,0.1576924532651901
2022-04-17,0.1574958838522434
2022-04-18,0.15730857439339158
2022-04-19,0.15713074132800098
2022-04-20,0.15699704512953755
2022-04-21,0.15687208883464332
2022-04-22,0.15669581703841678
2022-04-23,0.15652280226349824
2022-04-24,0.1563560869544744
2022-04-25,0.1561922792345285
2022-04-26,0.15603355541825287
2022-04-27,0.15588598400354378
2022-04-28,0.1557479105889797
2022-04-29,0.1556077308952808
2022-04-30,0.15540620945394035
2022-05-01,0.1553438507020473
2022-05-02,0.15521568618714804
2022-05-03,0.15509545542299746
2022-05-04,0.15498850196599956
2022-05-05,0.1548741087317466
2022-05-06,0.15475393719971178
2022-05-07,0.15463640466332432
2022-05-08,0.15452466830611222
2022-05-09,0.15441871955990788
2022-05-10,0.154317058250308
2022-05-11,0.15421675033867355
2022-05-12,0.15413316935300822
2022-05-13,0.15404468700289722
2022-05-14,0.1539559137076139
2022-05-15,0.153868393599987
2022-05-16,0.15378190986812112
2022-05-17,0.153705271333456
2022-05-18,0.1536244973540306
2022-05-19,0.15354226566851137
2022-05-20,0.15346627086400982
2022-05-21,0.15339347198605535
2022-05-22,0.1534507859498262
2022-05-23,0.15337157174944874
2022-05-24,0.1532935347408056
2022-05-25,0.1532181069254875
2022-05-26,0.1531618930399417
2022-05-27,0.15641476623713968
2022-05-28,0.18777861893177028
2022-05-29,0.18747597411274908
2022-05-30,0.18625048696994778
2022-05-31,0.18523155972361563
2022-06-01,0.18428882434964178
2022-06-02,0.18345890417695043
2022-06-03,0.18269344270229335
2022-06-04,0.18194483518600463
2022-06-05,0.18124640062451358
2022-06-06,0.18087622970342632
2022-06-07,0.18030998632311818
2022-06-08,0.18029121309518809
2022-06-09,0.1833036787807941
2022-06-10,0.18317124545574182
2022-06-11,0.18218258768320078
2022-06-12,0.1812681563198566
2022-06-13,0.18034617602825162
2022-06-14,0.18088967874646183
2022-06-15,0.18509248346090312
2022-06-16,0.18449262306094166
2022-06-17,0.18348568230867385
2022-06-18,0.1834454551339149
2022-06-19,0.18774791210889813
2022-06-20,0.19306117370724674
2022-06-21,0.19305810183286662
2022-06-22,0.20821450054645535
2022-06-23,0.21953338980674741
2022-06-24,0.22164691388607022
2022-06-25,0.21956396996974942
2022-06-26,0.21918173432350155
2022-06-27,0.21701670438051218
2022-06-28,0.21526833176612847
2022-06-29,0.21398362517356867
2022-06-30,0.21081129536032672
2022-07-01,0.2100026503205299
2022-07-02,0.2081381857395172
2022-07-03,0.20654009208083146
2022-07-04,0.2060904704034328
2022-07-05,0.2057838663458824
2022-07-06,0.20405869632959364
2022-07-07,0.20212045609951018
2022-07-08,0.2003308489918708
2022-07-09,0.22142499685287473
2022-07-10,0.22070441842079158
2022-07-11,0.21860791519284245
2022-07-12,0.21695082113146777
2022-07-13,0.21666575893759726
2022-07-14,0.21932470276951782
2022-07-15,0.2193657763302326
2022-07-16,0.22650832384824748
2022-07-17,0.22446339428424833
2022-07-18,0.22201050743460654
2022-07-19,0.22238058596849436
2022-07-20,0.22930907309055326
2022-07-21,0.24520521759986874
2022-07-22,0.2688544601202011
2022-07-23,0.289589811861515
2022-07-24,0.30219319462776184
2022-07-25,0.31416976451873774
2022-07-26,0.32516002655029297
2022-07-27,0.321584403514862
2022-07-28,0.3168094590306282
2022-07-29,0.3115708604454994
2022-07-30,0.3090963631868362
2022-07-31,0.3627717331051826
2022-08-01,0.36656871289014814
2022-08-02,0.3507034033536911
2022-08-03,0.34653030186891554
2022-08-04,0.3470268905162811
2022-08-05,0.34443017244338986
2022-08-06,0.34451927840709684
2022-08-07,0.34506817907094955
2022-08-08,0.3666399389505386
2022-08-09,0.368880558013916
2022-08-10,0.35353123843669887
2022-08-11,0.34154928624629977
2022-08-12,0.334108105301857
2022-08-13,0.32867674380540846
2022-08-14,0.3225744321942329
2022-08-15,0.31683074682950974
2022-08-16,0.3131233587861061
2022-08-17,0.3120510056614875
2022-08-18,0.3113728657364845
2022-08-19,0.3130476891994476
2022-08-20,0.3181471019983291
2022-08-21,0.3154985517263412
2022-08-22,0.31290344148874283
2022-08-23,0.31258751451969147
2022-08-24,0.3172830566763878
2022-08-25,0.32426746040582655
2022-08-26,0.321453121304512
2022-08-27,0.31897587478160855
2022-08-28,0.31897207647562026
2022-08-29,0.3263839542865753
2022-08-30,0.33232313692569726
2022-08-31,0.34029930979013434
2022-09-01,0.3449722349643707
2022-09-02,0.33881967663764956
2022-09-03,0.3427860110998153
2022-09-04,0.35325440764427185
2022-09-05,0.34568996876478186
2022-09-06,0.3372197866439819
2022-09-07,0.32949893176555634
2022-09-08,0.3299829989671707
2022-09-09,0.3280358612537384
2022-09-10,0.328444367647171
2022-09-11,0.33668206632137293
2022-09-12,0.34556404203176494
2022-09-13,0.3398373395204544
2022-09-14,0.3440482646226883
2022-09-15,0.3440482646226883
2022-09-16,0.34128951132297514
2022-09-17,0.33363265693187705
2022-09-18,0.33489058613777156
2022-09-19,0.3393627792596817
2022-09-20,0.3361739546060562
2022-09-21,0.3360938340425491
2022-09-22,0.3384554535150528
2022-09-23,0.34156058728694916
2022-09-24,0.33907625675201414
2022-09-25,0.33279179781675333
2022-09-26,0.3306861847639084
2022-09-27,0.32738090753555293
2022-09-28,0.323166087269783
2022-09-29,0.3177774786949158
2022-09-30,0.31454933285713194
2022-10-01,0.3171181634068489
2022-10-02,0.3130722597241401
2022-10-03,0.31254329681396487
2022-10-04,0.31562963575124736
2022-10-05,0.31635719686746594
2022-10-06,0.31208729147911063
2022-10-07,0.3075812816619873
2022-10-08,0.30332791358232497
2022-10-09,0.30266571193933484
2022-10-10,0.3045659303665161
2022-10-11,0.3025459170341491
2022-10-12,0.2991971418261528
2022-10-13,0.295583039522171
2022-10-14,0.2920505359768867
2022-10-15,0.29029337167739866
2022-10-16,0.2874650403857231
2022-10-17,0.2843183770775795
2022-10-18,0.2813484996557235
2022-10-19,0.2789719000458717
2022-10-20,0.28191481828689574
2022-10-21,0.2790923073887825
2022-10-22,0.27606803625822063
2022-10-23,0.2730781778693199
2022-10-24,0.273641188442707
2022-10-25,0.2813393086194992
2022-10-26,0.27851117253303526
2022-10-27,0.2753658324480056
2022-10-28,0.27243948280811303
2022-10-29,0.2695074066519737
2022-10-30,0.26663271784782405
2022-10-31,0.26379967853426933
2022-11-01,0.26086275726556774
2022-11-02,0.25800191462039945
2022-11-03,0.25521080121397965
2022-11-04,0.2531082049012184
2022-11-05,0.2503968343138695
2022-11-06,0.24778645783662795
2022-11-07,0.24517381787300108
2022-11-08,0.24360053613781926
2022-11-09,0.24482076317071913
2022-11-10,0.24235759600996967
2022-11-11,0.24036762863397598
2022-11-12,0.2382707200944423
2022-11-13,0.23596966117620466
2022-11-14,0.23392976298928256
2022-11-15,0.2336488969624042
2022-11-16,0.23223053812980649
2022-11-17,0.23035885617136953
2022-11-18,0.228252849727869
2022-11-19,0.22622423097491257
2022-11-20,0.22416470572352404
2022-11-21,0.22216269522905346
2022-11-22,0.22013330236077305
2022-11-23,0.21804332509636876
2022-11-24,0.21788712739944455
2022-11-25,0.21880713850259775
2022-11-26,0.2183411099016666
2022-11-27,0.21723328605294223
2022-11-28,0.21571052521467204
2022-11-29,0.21418784856796264
2022-11-30,0.21281643137335776
2022-12-01,0.2113588325679302
2022-12-02,0.2098878942430019
2022-12-03,0.20861155837774276
2022-12-04,0.20755577385425564
2022-12-05,0.2065897479653358
2022-12-06,0.2054870709776878
2022-12-07,0.2042929247021675
2022-12-08,0.20315725877881047
2022-12-09,0.2020570553839206
2022-12-10,0.2010569915175438
2022-12-11,0.20011627227067946
2022-12-12,0.1990842185914516
2022-12-13,0.19804848358035082
2022-12-14,0.1970683328807354
2022-12-15,0.1961037889122963
2022-12-16,0.19516363069415088
2022-12-17,0.1942467667162418
2022-12-18,0.19335089847445486
2022-12-19,0.19247036576271054
2022-12-20,0.19155466668307775
2022-12-21,0.19061057232320305
2022-12-22,0.18973650932312008
2022-12-23,0.18888229876756665
2022-12-24,0.18806105516850946
2022-12-25,0.18725780621170995
2022-12-26,0.18646129854023455
2022-12-27,0.18576192669570443
2022-12-28,0.18539326265454292
2022-12-29,0.18521577380597587
2022-12-30,0.18727425858378405
2022-12-31,0.18688090704381463
